version 2
JvmtiExport can_access_local_variables 0
JvmtiExport can_hotswap_or_post_breakpoint 1
JvmtiExport can_post_on_exceptions 0
# 223 ciObject found
instanceKlass  @bci com/intellij/ide/plugins/ModulesWithDependenciesKt toCoreAwareComparator (Ljava/util/Comparator;)Ljava/util/Comparator; 8 <appendix> member <vmtarget> ; # com/intellij/ide/plugins/ModulesWithDependenciesKt$$Lambda+0x00000000332d21d0
ciInstanceKlass java/lang/Cloneable 1 0 7 100 1 100 1 1 1
# instanceKlass javax/swing/plaf/metal/OceanTheme$$Lambda+0x00000000331f0420
instanceKlass com/intellij/ide/ui/laf/LafManagerImplKt
instanceKlass sun/font/FontWithDerivedItalic
instanceKlass com/intellij/openapi/client/ClientAppSession
instanceKlass com/intellij/openapi/client/ClientSession
instanceKlass com/intellij/openapi/client/ClientSessionsManager$Companion
# instanceKlass java/lang/invoke/LambdaForm$MH+0x0000000033304400
# instanceKlass java/lang/invoke/LambdaForm$MH+0x0000000033304000
# instanceKlass com/intellij/platform/instanceContainer/instantiation/InstantiateKt$$Lambda+0x0000000033303ab0
instanceKlass kotlinx/coroutines/AwaitAll$DisposeHandlersOnCancel
instanceKlass kotlinx/coroutines/AwaitAll
instanceKlass kotlinx/coroutines/AwaitKt
instanceKlass com/intellij/platform/instanceContainer/instantiation/Argument$CoroutineScopeMarker
instanceKlass com/intellij/platform/instanceContainer/instantiation/Argument$LazyArgument
instanceKlass com/intellij/platform/instanceContainer/instantiation/Argument
instanceKlass com/intellij/serviceContainer/ComponentManagerResolver$resolveDependency$3$1
instanceKlass com/intellij/platform/instanceContainer/instantiation/ArgumentSupplier
instanceKlass com/intellij/openapi/client/ClientSessionsManager
instanceKlass com/intellij/serviceContainer/StartUpMessageDeliveryListener
instanceKlass com/intellij/util/messages/impl/MessageDeliveryListener
# instanceKlass com/intellij/util/messages/impl/RootBus$$Lambda+0x0000000033300000
instanceKlass com/intellij/util/messages/impl/MessageQueue
instanceKlass com/intellij/openapi/util/Disposer$1
instanceKlass com/intellij/util/messages/impl/BusState
instanceKlass com/intellij/util/messages/impl/MessageBusImplKt
instanceKlass com/intellij/util/messages/impl/MessageBusImpl$Companion
instanceKlass com/intellij/platform/instanceContainer/internal/LazyInstanceHolder$CannotInitialize
instanceKlass com/intellij/platform/instanceContainer/internal/LazyInstanceHolder$CannotLoadClass
instanceKlass com/intellij/openapi/components/PathMacroManager
instanceKlass com/intellij/openapi/components/PathMacroSubstitutor
# instanceKlass com/intellij/concurrency/ThreadContext$$Lambda+0x00000000332fe5b0
# instanceKlass com/intellij/platform/instanceContainer/instantiation/InstantiateKt$$Lambda+0x00000000332fe350
# instanceKlass com/intellij/platform/instanceContainer/instantiation/InstantiateKt$$Lambda+0x00000000332fe0e8
# instanceKlass com/intellij/platform/instanceContainer/instantiation/InstantiateKt$$Lambda+0x00000000332fdbb8
instanceKlass com/intellij/platform/instanceContainer/instantiation/ResolutionResult$UnresolvedParameter
instanceKlass com/intellij/platform/instanceContainer/instantiation/ResolutionResult$Resolved
instanceKlass com/intellij/util/messages/impl/MessageBusImpl
instanceKlass com/intellij/util/messages/impl/MessageBusEx
instanceKlass com/intellij/util/messages/MessageBus
instanceKlass com/intellij/platform/instanceContainer/instantiation/ResolutionResult
instanceKlass com/intellij/platform/instanceContainer/instantiation/InstantiateKt
instanceKlass com/intellij/serviceContainer/ServiceInstanceInitializerKt
instanceKlass com/intellij/codeWithMe/ClientId
instanceKlass com/intellij/codeWithMe/ClientIdKt
instanceKlass com/intellij/platform/instanceContainer/internal/CurrentlyInitializingInstance$Companion
instanceKlass com/intellij/util/RecursionTrackerKt
# instanceKlass com/intellij/platform/instanceContainer/internal/LazyInstanceHolder$$Lambda+0x00000000332fa608
instanceKlass kotlinx/coroutines/CancelHandler$UserSupplied
# instanceKlass com/intellij/platform/instanceContainer/internal/LazyInstanceHolder$$Lambda+0x00000000332fa138
instanceKlass com/intellij/platform/instanceContainer/internal/LazyInstanceHolder$InProgress
instanceKlass com/intellij/openapi/application/ModalityStateElementKey
instanceKlass com/intellij/openapi/application/ModalityKt
instanceKlass com/intellij/concurrency/ExternalIntelliJContextElement
# instanceKlass com/intellij/serviceContainer/ComponentManagerImplKt$$Lambda+0x00000000332f8fb0
instanceKlass com/intellij/openapi/progress/CoroutinesKt
# instanceKlass com/intellij/openapi/progress/ContextKt$$Lambda+0x00000000332f8b00
instanceKlass com/intellij/util/concurrency/ThreadScopeCheckpoint$Companion
# instanceKlass com/intellij/openapi/progress/ProgressManager$$Lambda+0x00000000332f8310
instanceKlass com/intellij/openapi/progress/ProgressIndicatorProvider
instanceKlass com/intellij/openapi/progress/ContextKt
# instanceKlass com/intellij/serviceContainer/ComponentManagerImplKt$$Lambda+0x00000000332f7c58
instanceKlass java/lang/StackStreamFactory$FrameBuffer
instanceKlass java/lang/StackStreamFactory
instanceKlass  @bci com/intellij/serviceContainer/ComponentManagerImplKt isInsideClassInitializer (Ljava/lang/String;)Ljava/lang/String; 9 <appendix> member <vmtarget> ; # com/intellij/serviceContainer/ComponentManagerImplKt$$Lambda+0x00000000332f76c8
instanceKlass  @bci com/intellij/serviceContainer/ComponentManagerImplKt isInsideClassInitializer (Ljava/lang/String;)Ljava/lang/String; 4 <appendix> member <vmtarget> ; # com/intellij/serviceContainer/ComponentManagerImplKt$$Lambda+0x00000000332f7460
instanceKlass jdk/internal/vm/VMSupport$AnnotationDecoder
instanceKlass jdk/internal/vm/VMSupport
instanceKlass com/intellij/util/DebugAttachDetectorArgs
instanceKlass com/intellij/openapi/progress/Cancellation$DebugNonCancellableState
instanceKlass com/intellij/openapi/progress/Cancellation
instanceKlass com/intellij/openapi/application/DevTimeClassLoader
instanceKlass com/intellij/util/messages/MessageBusFactory
instanceKlass sun/font/SunFontManager$FamilyDescription
instanceKlass sun/font/FontFamily$FontAndStyle
instanceKlass sun/font/FontFamily
instanceKlass sun/font/CompositeFontDescriptor
instanceKlass com/intellij/openapi/extensions/impl/InterfaceExtensionImplementationClassResolver
instanceKlass com/intellij/openapi/extensions/impl/ExtensionPointImplKt
instanceKlass com/intellij/openapi/extensions/impl/ExtensionComponentAdapter
instanceKlass com/intellij/openapi/extensions/LoadingOrder$Orderable
instanceKlass  @bci com/intellij/openapi/extensions/impl/ExtensionsAreaImplKt intersectMaps (Ljava/util/Map;Ljava/util/Map;)Lkotlin/sequences/Sequence; 20 <appendix> member <vmtarget> ; # com/intellij/openapi/extensions/impl/ExtensionsAreaImplKt$$Lambda+0x00000000332f4e38
instanceKlass  @bci com/intellij/serviceContainer/ComponentManagerImpl registerComponents (Ljava/util/List;Lcom/intellij/openapi/application/Application;Ljava/util/List;)V 222 <appendix> member <vmtarget> ; # com/intellij/serviceContainer/ComponentManagerImpl$$Lambda+0x00000000332f4bd0
instanceKlass sun/awt/FontDescriptor
instanceKlass sun/awt/FontConfiguration
instanceKlass sun/font/SunFontManager$FontRegistrationInfo
instanceKlass com/jetbrains/rider/frontend/ideaInterop/keymaps/RdctRiderSettingsUpdater
instanceKlass com/jetbrains/rd/platform/util/idea/LifetimedService
instanceKlass com/jetbrains/rider/protocol/RiderWindowsRegistryHandler
instanceKlass com/jetbrains/rider/RiderExtensionsConfigurator
instanceKlass com/jetbrains/rider/ideaInterop/RiderCustomActionSchemaCustomizer
instanceKlass com/jetbrains/rider/settings/RiderSettingsUpdater
instanceKlass com/intellij/openapi/components/ApplicationComponent
instanceKlass com/intellij/openapi/components/BaseComponent
instanceKlass com/intellij/openapi/components/NamedComponent
instanceKlass  @bci java/util/ArrayDeque copyElements (Ljava/util/Collection;)V 2 <appendix> member <vmtarget> ; # java/util/ArrayDeque$$Lambda+0x00000000331ec6b8
instanceKlass com/intellij/serviceContainer/ComponentInstanceInitializer
instanceKlass com/jetbrains/rider/protocol/ProtocolManagerInitializer
instanceKlass com/intellij/openapi/application/ApplicationStarter
# instanceKlass java/lang/invoke/LambdaForm$MH+0x00000000332f1c00
# instanceKlass java/lang/invoke/LambdaForm$DMH+0x00000000332f1800
# instanceKlass java/lang/invoke/LambdaForm$MH+0x00000000332f1400
# instanceKlass java/lang/invoke/LambdaForm$MH+0x00000000332f1000
# instanceKlass java/lang/invoke/LambdaForm$MH+0x00000000332f0c00
# instanceKlass java/lang/invoke/LambdaForm$MH+0x00000000332f0800
# instanceKlass java/lang/invoke/LambdaForm$MH+0x00000000332f0400
instanceKlass java/util/TreeMap$PrivateEntryIterator
instanceKlass java/lang/invoke/LambdaFormEditor$1
# instanceKlass java/lang/invoke/LambdaForm$MH+0x00000000332f0000
# instanceKlass java/lang/invoke/LambdaForm$MH+0x00000000332ebc00
instanceKlass com/intellij/platform/instanceContainer/internal/RegistrationAction$Override
instanceKlass jdk/internal/vm/annotation/IntrinsicCandidate
# instanceKlass java/lang/invoke/LambdaForm$MH+0x00000000332eb800
# instanceKlass java/lang/invoke/LambdaForm$MH+0x00000000332eb400
instanceKlass  @bci com/intellij/platform/instanceContainer/internal/ScopeHolder intersectScope (Lkotlinx/coroutines/CoroutineScope;)Lkotlinx/coroutines/CoroutineScope; 163 <appendix> member <vmtarget> ; # com/intellij/platform/instanceContainer/internal/ScopeHolder$$Lambda+0x00000000332eedd8
# instanceKlass com/intellij/ide/g/d/h$$InjectedInvoker+0x00000000332eb000
# instanceKlass java/lang/invoke/LambdaForm$MH+0x00000000332eac00
instanceKlass  @bci com/intellij/platform/util/coroutines/CoroutineScopeKt attachAsChildTo (Lkotlinx/coroutines/CoroutineScope;Lkotlinx/coroutines/CoroutineScope;)V 191 <appendix> member <vmtarget> ; # com/intellij/platform/util/coroutines/CoroutineScopeKt$$Lambda+0x00000000332eeb70
# instanceKlass java/lang/invoke/LambdaForm$MH+0x00000000332ea800
instanceKlass  @bci com/intellij/platform/util/coroutines/CoroutineScopeKt attachAsChildTo (Lkotlinx/coroutines/CoroutineScope;Lkotlinx/coroutines/CoroutineScope;)V 177 <appendix> member <vmtarget> ; # com/intellij/platform/util/coroutines/CoroutineScopeKt$$Lambda+0x00000000332ee648
instanceKlass java/lang/reflect/TypeVariable
instanceKlass com/intellij/serviceContainer/PrecomputedExtensionModel
instanceKlass com/intellij/serviceContainer/PrecomputedExtensionModelKt
instanceKlass com/intellij/ide/g/d/h
instanceKlass com/intellij/ultimate/UltimateVerifier
instanceKlass com/intellij/ide/g/d/g_
instanceKlass com/intellij/openapi/extensions/impl/ImplementationClassResolver
instanceKlass com/intellij/openapi/extensions/impl/ExtensionPointImpl$Companion
instanceKlass com/intellij/openapi/extensions/impl/ExtensionPointImpl
instanceKlass com/intellij/openapi/extensions/ExtensionPoint
instanceKlass com/intellij/openapi/extensions/impl/ExtensionsAreaImplKt
instanceKlass com/intellij/util/messages/impl/PluginListenerDescriptor
instanceKlass  @bci com/intellij/serviceContainer/ComponentManagerImpl registerComponents$lambda$1 (Lcom/intellij/serviceContainer/ComponentManagerImpl;ZLkotlin/jvm/internal/Ref$ObjectRef;ZLjava/util/HashMap;Lcom/intellij/ide/plugins/IdeaPluginDescriptorImpl;)Lkotlin/Unit; 164 <appendix> member <vmtarget> ; # com/intellij/serviceContainer/ComponentManagerImpl$$Lambda+0x00000000332e3d58
instanceKlass  @bci com/intellij/serviceContainer/ComponentManagerImpl registerComponents$lambda$1 (Lcom/intellij/serviceContainer/ComponentManagerImpl;ZLkotlin/jvm/internal/Ref$ObjectRef;ZLjava/util/HashMap;Lcom/intellij/ide/plugins/IdeaPluginDescriptorImpl;)Lkotlin/Unit; 159 <appendix> argL0 ; # com/intellij/serviceContainer/ComponentManagerImpl$$Lambda+0x00000000332e3af8
# instanceKlass java/lang/invoke/LambdaForm$MH+0x00000000332ea400
# instanceKlass java/lang/invoke/LambdaForm$MH+0x00000000332ea000
# instanceKlass java/lang/invoke/LambdaForm$MH+0x00000000332e9c00
instanceKlass com/intellij/platform/instanceContainer/internal/InstanceContainerImpl$UnregisterHandleImpl
# instanceKlass java/lang/invoke/LambdaForm$MH+0x00000000332e9800
# instanceKlass java/lang/invoke/LambdaForm$BMH+0x00000000332e9400
instanceKlass com/intellij/platform/instanceContainer/internal/PreparedHolders
# instanceKlass java/lang/invoke/LambdaForm$DMH+0x00000000332e9000
# instanceKlass java/lang/invoke/LambdaForm$DMH+0x00000000332e8c00
instanceKlass com/intellij/platform/instanceContainer/internal/LazyInstanceHolder$Initial
instanceKlass com/intellij/platform/instanceContainer/internal/LazyInstanceHolder$Companion
instanceKlass com/intellij/ide/g/x
instanceKlass com/intellij/platform/instanceContainer/internal/LazyInstanceHolder
instanceKlass com/intellij/idea/z
# instanceKlass java/lang/invoke/LambdaForm$MH+0x00000000332e8800
# instanceKlass java/lang/invoke/LambdaForm$MH+0x00000000332e8400
# instanceKlass java/lang/invoke/LambdaForm$MH+0x00000000332e8000
# instanceKlass java/lang/invoke/LambdaForm$MH+0x00000000332e1c00
instanceKlass com/intellij/openapi/extensions/ExtensionDescriptor$Os$WhenMappings
instanceKlass com/intellij/platform/instanceContainer/internal/RegistrationAction$Register
instanceKlass com/intellij/platform/instanceContainer/internal/RegistrationAction
instanceKlass  @bci com/intellij/serviceContainer/ServiceInstanceInitializer <init> (Lcom/intellij/serviceContainer/ComponentManagerImpl;Lcom/intellij/openapi/extensions/PluginId;Lcom/intellij/openapi/components/ServiceDescriptor;)V 42 <appendix> member <vmtarget> ; # com/intellij/serviceContainer/ServiceInstanceInitializer$$Lambda+0x00000000332e7808
# instanceKlass java/lang/invoke/LambdaForm$MH+0x00000000332e1800
instanceKlass com/intellij/serviceContainer/ServiceInstanceInitializer
instanceKlass com/intellij/platform/instanceContainer/internal/InstanceInitializer
# instanceKlass java/lang/invoke/LambdaForm$MH+0x00000000332e1400
# instanceKlass java/lang/invoke/LambdaForm$MH+0x00000000332e1000
instanceKlass  @bci com/intellij/platform/instanceContainer/internal/InstanceContainerImpl startRegistration (Lkotlinx/coroutines/CoroutineScope;)Lcom/intellij/platform/instanceContainer/internal/InstanceRegistrar; 143 <appendix> member <vmtarget> ; # com/intellij/platform/instanceContainer/internal/InstanceContainerImpl$$Lambda+0x00000000332e6878
instanceKlass com/intellij/platform/instanceContainer/internal/RegistrationResult
instanceKlass com/intellij/platform/instanceContainer/internal/InstanceRegistrarImpl
instanceKlass it/unimi/dsi/fastutil/objects/AbstractObject2LongFunction
instanceKlass com/intellij/platform/instanceContainer/internal/InstanceRegistrar
instanceKlass it/unimi/dsi/fastutil/objects/Object2LongMap
instanceKlass it/unimi/dsi/fastutil/objects/Object2LongFunction
instanceKlass java/util/function/ToLongFunction
instanceKlass com/intellij/platform/instanceContainer/internal/UtilKt
instanceKlass  @bci com/intellij/serviceContainer/ComponentManagerImplKt <clinit> ()V 538 <appendix> argL0 ; # com/intellij/serviceContainer/ComponentManagerImplKt$$Lambda+0x00000000332e4500
instanceKlass  @bci com/intellij/serviceContainer/ComponentManagerImplKt <clinit> ()V 3 <appendix> argL0 ; # com/intellij/serviceContainer/ComponentManagerImplKt$$Lambda+0x00000000332e42a0
instanceKlass com/intellij/serviceContainer/ComponentManagerImplKt
instanceKlass  @bci com/intellij/serviceContainer/ComponentManagerImpl registerComponents (Ljava/util/List;Lcom/intellij/openapi/application/Application;Ljava/util/List;)V 144 <adapter> ; # java/lang/invoke/LambdaForm$MH+0x00000000332e0c00
# instanceKlass java/lang/invoke/LambdaForm$DMH+0x00000000332e0800
instanceKlass  @bci com/intellij/serviceContainer/ComponentManagerImpl registerComponents (Ljava/util/List;Lcom/intellij/openapi/application/Application;Ljava/util/List;)V 144 <appendix> form vmentry <vmtarget> ; # java/lang/invoke/LambdaForm$DMH+0x00000000332e0400
instanceKlass  @bci com/intellij/serviceContainer/ComponentManagerImpl registerComponents (Ljava/util/List;Lcom/intellij/openapi/application/Application;Ljava/util/List;)V 144 <appendix> member <vmtarget> ; # com/intellij/serviceContainer/ComponentManagerImpl$$Lambda+0x00000000332df850
instanceKlass  @cpi com/intellij/serviceContainer/ComponentManagerImpl 484 form vmentry <vmtarget> ; # java/lang/invoke/LambdaForm$DMH+0x00000000332e0000
instanceKlass com/intellij/ide/bootstrap/InitAppContext
instanceKlass com/intellij/ide/plugins/PluginManagerState
instanceKlass com/intellij/ide/plugins/ClassLoaderConfiguratorKt$createScopeWithExtraPackage$1
instanceKlass com/intellij/ide/plugins/ClassLoaderConfiguratorKt$createModuleResolveScopeManager$1
instanceKlass com/intellij/ide/plugins/ClassLoaderConfiguratorKt$createPluginDependencyAndContentBasedScope$1
instanceKlass  @bci com/intellij/ide/plugins/ClassLoaderConfiguratorKt sortDependenciesInPlace ([Lcom/intellij/ide/plugins/IdeaPluginDescriptorImpl;)V 20 <appendix> member <vmtarget> ; # com/intellij/ide/plugins/ClassLoaderConfiguratorKt$$Lambda+0x00000000332db8c8
instanceKlass  @bci com/intellij/ide/plugins/ClassLoaderConfiguratorKt sortDependenciesInPlace ([Lcom/intellij/ide/plugins/IdeaPluginDescriptorImpl;)V 15 <appendix> argL0 ; # com/intellij/ide/plugins/ClassLoaderConfiguratorKt$$Lambda+0x00000000332db668
instanceKlass com/intellij/ide/plugins/MainPluginDescriptorClassPathInfo
instanceKlass  @bci com/intellij/ide/plugins/cl/PluginClassLoader <init> (Lcom/intellij/util/lang/ClassPath;[Lcom/intellij/ide/plugins/PluginModuleDescriptor;Lcom/intellij/openapi/extensions/PluginDescriptor;Ljava/lang/ClassLoader;Lcom/intellij/ide/plugins/cl/ResolveScopeManager;Ljava/lang/String;Ljava/util/List;)V 65 <appendix> member <vmtarget> ; # com/intellij/ide/plugins/cl/PluginClassLoader$$Lambda+0x00000000332db1b0
instanceKlass com/intellij/util/lang/MultiParentClassLoaderHelper
instanceKlass com/intellij/ide/plugins/cl/PluginClassLoaderKt$defaultResolveScopeManager$1
instanceKlass com/intellij/ide/plugins/cl/ResolveScopeManager
instanceKlass com/intellij/ide/plugins/cl/PluginClassLoaderKt
instanceKlass com/jetbrains/rider/protocol/CriticalErrorApplicationTerminator$Companion
instanceKlass com/jetbrains/rider/protocol/CriticalErrorApplicationTerminator
instanceKlass com/intellij/ide/AppLifecycleListener
instanceKlass com/intellij/ide/plugins/cl/PluginClassLoader$Companion
instanceKlass com/intellij/util/lang/MultiParentClassLoaderSupport
instanceKlass  @bci com/intellij/ide/plugins/ClassLoaderConfiguratorKt <clinit> ()V 16 <appendix> argL0 ; # com/intellij/ide/plugins/ClassLoaderConfiguratorKt$$Lambda+0x00000000332d9510
instanceKlass com/intellij/ide/plugins/ClassLoaderConfiguratorKt
instanceKlass com/intellij/ide/plugins/ClassLoaderConfigurator
instanceKlass  @bci com/jetbrains/rider/protocol/ReSharperProcessBase$start$processListener$1 processTerminated (Lcom/intellij/execution/process/ProcessEvent;)V 142 <adapter> ; # java/lang/invoke/LambdaForm$MH+0x00000000332ddc00
instanceKlass  @bci com/jetbrains/rider/protocol/ReSharperProcessBase$start$processListener$1 processTerminated (Lcom/intellij/execution/process/ProcessEvent;)V 142 <appendix> form vmentry <vmtarget> ; # java/lang/invoke/LambdaForm$MH+0x00000000332dd800
# instanceKlass java/lang/invoke/LambdaForm$BMH+0x00000000332dd400
instanceKlass kotlin/collections/ReversedList$listIterator$1
instanceKlass com/intellij/ide/plugins/PluginSet
instanceKlass  @bci com/jetbrains/rider/protocol/ReSharperProcessBase$start$processListener$1 processTerminated (Lcom/intellij/execution/process/ProcessEvent;)V 142 <appendix> form names 5 function resolvedHandle form vmentry <vmtarget> ; # java/lang/invoke/LambdaForm$DMH+0x00000000332dd000
instanceKlass  @bci com/jetbrains/rider/protocol/ReSharperProcessBase$start$processListener$1 processTerminated (Lcom/intellij/execution/process/ProcessEvent;)V 142 <appendix> argL0 form vmentry <vmtarget> ; # java/lang/invoke/LambdaForm$DMH+0x00000000332dcc00
instanceKlass  @bci com/intellij/execution/process/ProcessHandler notifyTerminated (IZ)V 7 <adapter> ; # java/lang/invoke/LambdaForm$MH+0x00000000332dc400
instanceKlass  @bci com/intellij/execution/process/ProcessHandler notifyTerminated (IZ)V 7 <appendix> form vmentry <vmtarget> ; # java/lang/invoke/LambdaForm$DMH+0x00000000332dc000
instanceKlass  @bci com/intellij/execution/process/ProcessHandler notifyTerminated (IZ)V 7 <appendix> member <vmtarget> ; # com/intellij/execution/process/ProcessHandler$$Lambda+0x00000000332d8000
instanceKlass  @cpi com/intellij/execution/process/ProcessHandler 317 form vmentry <vmtarget> ; # java/lang/invoke/LambdaForm$DMH+0x00000000332d4c00
instanceKlass  @bci com/intellij/ide/plugins/PluginSetBuilder getSortedPlugins ()[Lcom/intellij/ide/plugins/PluginMainDescriptor; 135 <appendix> member <vmtarget> ; # com/intellij/ide/plugins/PluginSetBuilder$$Lambda+0x00000000332d5b18
instanceKlass it/unimi/dsi/fastutil/objects/Object2IntMap$FastEntrySet
instanceKlass it/unimi/dsi/fastutil/objects/Object2IntMap$Entry
instanceKlass it/unimi/dsi/fastutil/objects/AbstractObject2IntFunction
instanceKlass kotlin/jvm/internal/CollectionToArray
instanceKlass com/intellij/ide/plugins/PluginSetBuilder$WhenMappings
instanceKlass com/intellij/ide/plugins/ExpiredPluginsState$Companion
instanceKlass com/intellij/ide/plugins/ExpiredPluginsState
instanceKlass  @bci com/intellij/ide/plugins/PluginSetBuilderKt getAllPluginDependencies (Lcom/intellij/ide/plugins/IdeaPluginDescriptorImpl;)Lkotlin/sequences/Sequence; 18 <appendix> argL0 ; # com/intellij/ide/plugins/PluginSetBuilderKt$$Lambda+0x00000000332d34c0
instanceKlass  @bci com/intellij/ide/plugins/PluginSetBuilderKt getAllPluginDependencies (Lcom/intellij/ide/plugins/IdeaPluginDescriptorImpl;)Lkotlin/sequences/Sequence; 10 <appendix> argL0 ; # com/intellij/ide/plugins/PluginSetBuilderKt$$Lambda+0x00000000332d3260
instanceKlass  @bci com/intellij/ide/plugins/PluginSetBuilderKt <clinit> ()V 0 <appendix> argL0 ; # com/intellij/ide/plugins/PluginSetBuilderKt$$Lambda+0x00000000332d3000
instanceKlass com/intellij/ide/plugins/PluginSetBuilderKt
instanceKlass  @bci com/intellij/ide/plugins/PluginManagerCore initializePlugins (Ljava/util/List;Lcom/intellij/ide/plugins/PluginInitializationContext;Lcom/intellij/ide/plugins/PluginDescriptorLoadingResult;Ljava/lang/ClassLoader;Lcom/intellij/diagnostic/Activity;)Lcom/intellij/ide/plugins/PluginManagerState; 1801 <appendix> form vmentry <vmtarget> ; # java/lang/invoke/LambdaForm$DMH+0x00000000332d4800
instanceKlass  @bci com/intellij/ide/plugins/PluginManagerCore initializePlugins (Ljava/util/List;Lcom/intellij/ide/plugins/PluginInitializationContext;Lcom/intellij/ide/plugins/PluginDescriptorLoadingResult;Ljava/lang/ClassLoader;Lcom/intellij/diagnostic/Activity;)Lcom/intellij/ide/plugins/PluginManagerState; 1801 <appendix> member <vmtarget> ; # com/intellij/ide/plugins/PluginManagerCore$$Lambda+0x00000000332d24b0
instanceKlass  @cpi com/intellij/ide/plugins/PluginManagerCore 1199 form vmentry <vmtarget> ; # java/lang/invoke/LambdaForm$DMH+0x00000000332d4400
instanceKlass java/util/IdentityHashMap$EntryIterator$Entry
instanceKlass  @bci com/intellij/ide/plugins/ModulesWithDependenciesKt toCoreAwareComparator (Ljava/util/Comparator;)Ljava/util/Comparator; 8 <appendix> member <vmtarget> ; # com/intellij/ide/plugins/ModulesWithDependenciesKt$$Lambda+0x00000000332d21d0
instanceKlass  @bci java/util/Comparator comparingInt (Ljava/util/function/ToIntFunction;)Ljava/util/Comparator; 6 <appendix> member <vmtarget> ; # java/util/Comparator$$Lambda+0x00000000331eba60
instanceKlass com/intellij/util/graph/DFSTBuilder$TarjanFrame
instanceKlass  @bci com/intellij/util/graph/DFSTBuilder <init> (Lcom/intellij/util/graph/OutboundSemiGraph;Ljava/lang/Object;Z)V 177 <appendix> member <vmtarget> ; # com/intellij/util/graph/DFSTBuilder$$Lambda+0x00000000332d1d18
instanceKlass  @bci com/intellij/util/graph/DFSTBuilder <init> (Lcom/intellij/util/graph/OutboundSemiGraph;Ljava/lang/Object;Z)V 165 <appendix> member <vmtarget> ; # com/intellij/util/graph/DFSTBuilder$$Lambda+0x00000000332d1ab0
instanceKlass  @cpi com/intellij/util/graph/DFSTBuilder 238 form vmentry <vmtarget> ; # java/lang/invoke/LambdaForm$DMH+0x00000000332d4000
instanceKlass java/util/function/ObjIntConsumer
instanceKlass it/unimi/dsi/fastutil/objects/Object2IntMap
instanceKlass it/unimi/dsi/fastutil/objects/Object2IntFunction
instanceKlass com/intellij/util/graph/DFSTBuilder$Tarjan
instanceKlass it/unimi/dsi/fastutil/objects/Reference2IntMap$FastEntrySet
instanceKlass java/util/function/IntBinaryOperator
instanceKlass it/unimi/dsi/fastutil/objects/Reference2IntMap$Entry
instanceKlass it/unimi/dsi/fastutil/objects/AbstractReference2IntFunction
instanceKlass it/unimi/dsi/fastutil/objects/Reference2IntMap
instanceKlass it/unimi/dsi/fastutil/objects/Reference2IntFunction
instanceKlass com/intellij/ui/svg/IconValue
instanceKlass it/unimi/dsi/fastutil/ints/IntArrays$ArrayHashStrategy
instanceKlass it/unimi/dsi/fastutil/ints/IntArrays$Segment
instanceKlass org/h2/mvstore/MVMap$BasicBuilder
instanceKlass java/util/LinkedList$Node
instanceKlass it/unimi/dsi/fastutil/ints/IntArrays
instanceKlass  @bci org/h2/mvstore/MVStore openMetaMap ()Lorg/h2/mvstore/MVMap; 12 <appendix> member <vmtarget> ; # org/h2/mvstore/MVStore$$Lambda+0x00000000332ccd68
instanceKlass java/util/function/IntSupplier
instanceKlass it/unimi/dsi/fastutil/ints/IntListIterator
instanceKlass it/unimi/dsi/fastutil/ints/IntBidirectionalIterator
instanceKlass it/unimi/dsi/fastutil/objects/ObjectBidirectionalIterator
instanceKlass it/unimi/dsi/fastutil/BidirectionalIterator
instanceKlass it/unimi/dsi/fastutil/ints/IntSpliterator
instanceKlass it/unimi/dsi/fastutil/ints/IntIterator
instanceKlass java/util/PrimitiveIterator$OfInt
instanceKlass java/util/PrimitiveIterator
instanceKlass java/util/function/IntUnaryOperator
instanceKlass java/util/function/IntPredicate
instanceKlass it/unimi/dsi/fastutil/ints/IntStack
instanceKlass it/unimi/dsi/fastutil/Stack
instanceKlass java/util/function/ToIntFunction
instanceKlass it/unimi/dsi/fastutil/ints/IntList
instanceKlass com/intellij/util/graph/DFSTBuilder
instanceKlass org/h2/util/StringUtils
instanceKlass org/h2/mvstore/CursorPos
instanceKlass org/h2/mvstore/Cursor
instanceKlass org/h2/mvstore/FileStore$1
instanceKlass  @bci org/h2/mvstore/FileStore getChunksFromLayoutMap (Lorg/h2/mvstore/MVMap;)Ljava/lang/Iterable; 2 <appendix> member <vmtarget> ; # org/h2/mvstore/FileStore$$Lambda+0x00000000332c1000
instanceKlass  @bci com/intellij/ide/plugins/ModuleGraph <init> (Lcom/intellij/ide/plugins/ModulesWithDependencies;Ljava/util/IdentityHashMap;)V 305 <appendix> member <vmtarget> ; # com/intellij/ide/plugins/ModuleGraph$$Lambda+0x00000000332c3d30
instanceKlass  @bci com/intellij/ide/plugins/ModuleGraph <init> (Lcom/intellij/ide/plugins/ModulesWithDependencies;Ljava/util/IdentityHashMap;)V 300 <appendix> argL0 ; # com/intellij/ide/plugins/ModuleGraph$$Lambda+0x00000000332c3ad0
instanceKlass org/h2/util/MemoryEstimator
instanceKlass com/intellij/ide/plugins/ModuleGraph
instanceKlass com/intellij/util/graph/Graph
instanceKlass com/intellij/util/graph/OutboundSemiGraph
instanceKlass com/intellij/util/graph/InboundSemiGraph
instanceKlass  @bci com/jetbrains/rider/diagnostics/dotnetSelfProfiling/DotnetSelfProfilingProcesses add (Lcom/jetbrains/rd/util/lifetime/Lifetime;Ljava/lang/String;I)V 33 <appendix> member <vmtarget> ; # com/jetbrains/rider/diagnostics/dotnetSelfProfiling/DotnetSelfProfilingProcesses$$Lambda+0x00000000332c2708
instanceKlass com/intellij/ide/plugins/ModulesWithDependencies
instanceKlass  @bci com/jetbrains/rider/diagnostics/dotnetSelfProfiling/DotnetSelfProfilingProcesses add (Lcom/jetbrains/rd/util/lifetime/Lifetime;Ljava/lang/String;I)V 26 <appendix> member <vmtarget> ; # com/jetbrains/rider/diagnostics/dotnetSelfProfiling/DotnetSelfProfilingProcesses$$Lambda+0x00000000332c2250
instanceKlass com/jetbrains/rider/diagnostics/dotnetSelfProfiling/ProfiledProcessInfo
instanceKlass com/jetbrains/rider/diagnostics/dotnetSelfProfiling/DotnetSelfProfilingProcesses
instanceKlass  @bci com/intellij/execution/process/BaseOSProcessHandler$1 startNotified (Lcom/intellij/execution/process/ProcessEvent;)V 48 <appendix> member <vmtarget> ; # com/intellij/execution/process/BaseOSProcessHandler$1$$Lambda+0x00000000332c7740
instanceKlass  @bci com/intellij/util/io/BaseDataReader lambda$start$0 (Ljava/lang/String;)V 34 <appendix> member <vmtarget> ; # com/intellij/util/io/BaseDataReader$$Lambda+0x00000000332c7270
# instanceKlass com/intellij/util/io/BaseDataReader$$Lambda+0x00000000332c74d8
instanceKlass com/intellij/util/Consumer
instanceKlass com/intellij/util/ConcurrencyUtil
instanceKlass  @bci com/intellij/util/io/BaseDataReader start (Ljava/lang/String;)V 41 <appendix> member <vmtarget> ; # com/intellij/util/io/BaseDataReader$$Lambda+0x00000000332c6b80
instanceKlass  @bci com/intellij/execution/process/ProcessWaitFor lambda$new$1 (Ljava/lang/String;Ljava/lang/Process;)V 21 <appendix> member <vmtarget> ; # com/intellij/execution/process/ProcessWaitFor$$Lambda+0x00000000332c6918
instanceKlass  @bci com/intellij/util/io/BaseDataReader$SleepingPolicy <clinit> ()V 8 <appendix> argL0 ; # com/intellij/util/io/BaseDataReader$SleepingPolicy$$Lambda+0x00000000332c66b8
instanceKlass  @bci com/intellij/util/io/BaseDataReader$SleepingPolicy <clinit> ()V 0 <appendix> argL0 ; # com/intellij/util/io/BaseDataReader$SleepingPolicy$$Lambda+0x00000000332c61e8
instanceKlass  @cpi com/intellij/util/io/BaseDataReader$SleepingPolicy 47 form vmentry <vmtarget> ; # java/lang/invoke/LambdaForm$DMH+0x00000000332c0c00
instanceKlass  @bci com/intellij/concurrency/ThreadContext installThreadContext (Lkotlin/coroutines/CoroutineContext;Z)Lcom/intellij/openapi/application/AccessToken; 17 <appendix> member <vmtarget> ; # com/intellij/concurrency/ThreadContext$$Lambda+0x00000000332c5d10
instanceKlass com/intellij/util/io/BaseDataReader$SleepingPolicy
instanceKlass com/intellij/util/io/BaseOutputReader$Options
instanceKlass  @bci com/intellij/concurrency/ThreadContext applyThreadContextElements (Lkotlin/coroutines/CoroutineContext;)Lcom/intellij/openapi/application/AccessToken; 17 <appendix> member <vmtarget> ; # com/intellij/concurrency/ThreadContext$$Lambda+0x00000000332c4eb8
instanceKlass  @bci com/intellij/util/containers/LockFreeCopyOnWriteArrayList remove (Ljava/lang/Object;)Z 2 <appendix> member <vmtarget> ; # com/intellij/util/containers/LockFreeCopyOnWriteArrayList$$Lambda+0x00000000332c4c18
instanceKlass com/intellij/execution/process/BaseOSProcessHandler$1
instanceKlass com/intellij/util/containers/LockFreeCopyOnWriteArrayList$COWIterator
instanceKlass  @bci com/intellij/concurrency/ThreadContext resetThreadContext ()Lcom/intellij/openapi/application/AccessToken; 3 <appendix> argL0 ; # com/intellij/concurrency/ThreadContext$$Lambda+0x00000000332bfae8
instanceKlass  @bci com/intellij/util/concurrency/ContextRunnable run ()V 1 <appendix> member <vmtarget> ; # com/intellij/util/concurrency/ContextRunnable$$Lambda+0x00000000332bf628
instanceKlass com/intellij/execution/process/ProcessOutputTypes
instanceKlass com/jetbrains/rider/protocol/ReSharperProcessBase$start$processListener$1
instanceKlass java/util/concurrent/Executors$PrivilegedThreadFactory$1
instanceKlass com/intellij/util/concurrency/ContextRunnable
instanceKlass com/intellij/util/concurrency/ChildContext
instanceKlass com/intellij/openapi/application/AccessToken
instanceKlass  @bci com/intellij/util/concurrency/Propagation gatherAppliedChildContext (Lkotlin/coroutines/CoroutineContext;ZLcom/intellij/util/concurrency/BlockingJob;)Lkotlin/Pair; 17 <adapter> ; # java/lang/invoke/LambdaForm$MH+0x00000000332c0800
instanceKlass com/intellij/ide/plugins/IdeaPluginDescriptorExtensions
instanceKlass  @bci com/intellij/util/concurrency/Propagation gatherAppliedChildContext (Lkotlin/coroutines/CoroutineContext;ZLcom/intellij/util/concurrency/BlockingJob;)Lkotlin/Pair; 17 <appendix> form vmentry <vmtarget> ; # java/lang/invoke/LambdaForm$DMH+0x00000000332c0400
instanceKlass  @bci com/intellij/util/concurrency/Propagation gatherAppliedChildContext (Lkotlin/coroutines/CoroutineContext;ZLcom/intellij/util/concurrency/BlockingJob;)Lkotlin/Pair; 17 <appendix> member <vmtarget> ; # com/intellij/util/concurrency/Propagation$$Lambda+0x00000000332bdb88
instanceKlass  @cpi com/intellij/util/concurrency/Propagation 250 form vmentry <vmtarget> ; # java/lang/invoke/LambdaForm$DMH+0x00000000332c0000
instanceKlass com/intellij/util/concurrency/BlockingJob$Companion
instanceKlass com/intellij/ide/plugins/ModulesWithDependenciesKt
instanceKlass kotlinx/coroutines/internal/intellij/IntellijCoroutines
instanceKlass com/intellij/util/IntelliJCoroutinesFacade
instanceKlass com/intellij/ide/plugins/PluginSetBuilder
instanceKlass  @bci com/intellij/concurrency/ThreadContext <clinit> ()V 28 <appendix> argL0 ; # com/intellij/concurrency/ThreadContext$$Lambda+0x00000000332bca68
instanceKlass com/intellij/concurrency/InstalledThreadContext
instanceKlass com/intellij/ide/plugins/ThirdPartyPluginsWithoutConsentFile
instanceKlass com/intellij/concurrency/ThreadContext
instanceKlass com/intellij/ide/plugins/PluginManagerCore$initializePlugins$PluginSelectionData
instanceKlass  @bci com/intellij/concurrency/client/ClientIdPropagation <clinit> ()V 49 <appendix> argL0 ; # com/intellij/concurrency/client/ClientIdPropagation$$Lambda+0x00000000332bbed8
instanceKlass  @bci com/intellij/concurrency/client/ClientIdPropagation <clinit> ()V 34 <appendix> argL0 ; # com/intellij/concurrency/client/ClientIdPropagation$$Lambda+0x00000000332bbc78
instanceKlass  @bci com/intellij/concurrency/client/ClientIdPropagation <clinit> ()V 19 <appendix> argL0 ; # com/intellij/concurrency/client/ClientIdPropagation$$Lambda+0x00000000332bba18
instanceKlass  @bci com/intellij/concurrency/client/ClientIdPropagation <clinit> ()V 4 <appendix> argL0 ; # com/intellij/concurrency/client/ClientIdPropagation$$Lambda+0x00000000332bb7b8
instanceKlass com/intellij/concurrency/client/ClientIdPropagation
instanceKlass com/intellij/concurrency/ContextAwareCallable
instanceKlass com/intellij/util/concurrency/Holder
instanceKlass com/intellij/util/concurrency/Propagation
instanceKlass com/intellij/util/concurrency/AppExecutorUtil
instanceKlass com/intellij/ide/plugins/UnambiguousPluginSetKt
instanceKlass com/intellij/concurrency/ContextAwareRunnable
instanceKlass java/util/concurrent/RunnableScheduledFuture
instanceKlass com/intellij/util/concurrency/SchedulingWrapper
instanceKlass java/util/concurrent/Executors$RunnableAdapter
instanceKlass java/util/concurrent/FutureTask$WaitNode
instanceKlass java/util/concurrent/FutureTask
instanceKlass java/util/concurrent/RunnableFuture
instanceKlass com/intellij/util/concurrency/CountingThreadFactory
instanceKlass com/intellij/ide/plugins/PluginsSourceContext$Bundled
instanceKlass com/intellij/ide/plugins/UnambiguousPluginSetImpl
instanceKlass  @bci com/intellij/execution/process/ProcessWaitFor <init> (Ljava/lang/Process;Lcom/intellij/execution/TaskExecutor;Ljava/lang/String;)V 45 <appendix> member <vmtarget> ; # com/intellij/execution/process/ProcessWaitFor$$Lambda+0x00000000332b8250
instanceKlass com/intellij/execution/process/ProcessWaitFor
instanceKlass  @bci java/util/regex/CharPredicates ASCII_SPACE ()Ljava/util/regex/Pattern$BmpCharPredicate; 0 <appendix> argL0 ; # java/util/regex/CharPredicates$$Lambda+0x800000038
instanceKlass com/intellij/ide/plugins/UnambiguousPluginSet$Companion
instanceKlass com/intellij/ide/plugins/UnambiguousPluginSet
instanceKlass com/intellij/execution/CommandLineUtil
instanceKlass com/intellij/ide/plugins/PluginIsMarkedDisabled
instanceKlass com/intellij/execution/process/ProcessAdapter
instanceKlass com/intellij/util/concurrency/Semaphore
instanceKlass  @bci com/intellij/ide/plugins/PluginStringSetFile read (Ljava/nio/file/Path;)Ljava/util/Set; 46 <appendix> argL0 ; # com/intellij/ide/plugins/PluginStringSetFile$$Lambda+0x00000000332b3678
instanceKlass com/intellij/execution/process/ProcessHandler$2
instanceKlass kotlin/streams/jdk8/StreamsKt$asSequence$$inlined$Sequence$1
instanceKlass kotlin/streams/jdk8/StreamsKt
instanceKlass com/intellij/util/io/BaseDataReader
instanceKlass com/intellij/execution/process/ProcessListener
instanceKlass com/intellij/ide/plugins/PluginStringSetFile
instanceKlass com/intellij/execution/TaskExecutor
instanceKlass  @bci com/jetbrains/rider/protocol/ReSharperProcessBase$Companion defaultLogFileNameBase (Ljava/lang/ProcessHandle;)Ljava/lang/String; 71 <adapter> ; # java/lang/invoke/LambdaForm$MH+0x00000000332b0c00
instanceKlass  @bci com/jetbrains/rider/protocol/ReSharperProcessBase$Companion defaultLogFileNameBase (Ljava/lang/ProcessHandle;)Ljava/lang/String; 71 <appendix> form vmentry <vmtarget> ; # java/lang/invoke/LambdaForm$MH+0x00000000332b0800
instanceKlass com/intellij/ide/plugins/PluginDependencyAnalysis$DependencyRef
instanceKlass kotlin/jvm/optionals/OptionalsKt
instanceKlass kotlin/collections/ArrayDeque$Companion
instanceKlass com/intellij/ide/plugins/PluginDependencyAnalysis$BFS
instanceKlass com/intellij/ide/plugins/PluginDependencyAnalysisKt
instanceKlass com/intellij/ide/plugins/PluginDependencyAnalysis
instanceKlass com/intellij/ide/plugins/AmbiguousPluginSetImpl
instanceKlass  @bci java/lang/ProcessImpl <init> ([Ljava/lang/String;Ljava/lang/String;Ljava/lang/String;[JZZ)V 251 <appendix> member <vmtarget> ; # java/lang/ProcessImpl$$Lambda+0x00000000331eab80
instanceKlass  @cpi java/lang/ProcessImpl 633 form vmentry <vmtarget> ; # java/lang/invoke/LambdaForm$DMH+0x00000000332b0000
instanceKlass com/intellij/ide/plugins/PluginInitContextIdConflictResolverKt
instanceKlass com/intellij/ide/plugins/AmbiguousPluginSet$Companion
instanceKlass com/intellij/ide/plugins/AmbiguousPluginSet
instanceKlass com/intellij/ide/plugins/PluginsSourceContext$SystemPropertyProvided
instanceKlass com/intellij/ide/plugins/PluginVersionIsSuperseded
instanceKlass java/lang/Process
instanceKlass com/intellij/util/text/VersionComparatorUtil$1
instanceKlass  @bci com/intellij/util/text/VersionComparatorUtil <clinit> ()V 30 <appendix> argL0 ; # com/intellij/util/text/VersionComparatorUtil$$Lambda+0x00000000332ae408
instanceKlass java/lang/ProcessBuilder$Redirect
instanceKlass com/intellij/util/text/VersionComparatorUtil$TokenPrioritizer
instanceKlass com/intellij/BundleBase
instanceKlass com/intellij/util/text/VersionComparatorUtil
instanceKlass com/intellij/util/io/PathKt
instanceKlass com/intellij/ide/plugins/PluginUntilBuildConstraintViolation
instanceKlass kotlinx/coroutines/internal/SegmentOrClosed
instanceKlass com/intellij/ide/plugins/PluginCompatibilityUtils
instanceKlass com/intellij/openapi/application/JetBrainsPermanentInstallationID
instanceKlass com/intellij/util/MathUtil
instanceKlass  @bci com/intellij/util/ArrayUtil <clinit> ()V 95 <appendix> argL0 ; # com/intellij/util/ArrayUtil$$Lambda+0x00000000332ac408
instanceKlass  @bci com/intellij/util/ArrayUtil <clinit> ()V 87 <appendix> argL0 ; # com/intellij/util/ArrayUtil$$Lambda+0x00000000332ac1a8
instanceKlass com/intellij/util/ArrayFactory
instanceKlass com/intellij/util/ArrayUtil
instanceKlass kotlin/UnsafeLazyImpl
instanceKlass  @bci com/intellij/ide/plugins/PluginUtils <clinit> ()V 13 <appendix> argL0 ; # com/intellij/ide/plugins/PluginUtils$$Lambda+0x00000000332ab850
instanceKlass com/intellij/ide/plugins/PluginUtils
instanceKlass com/intellij/ide/plugins/cl/PluginAwareClassLoader
instanceKlass com/intellij/ide/plugins/PluginManagerCoreKt
instanceKlass com/intellij/internal/statistic/DeviceIdManager
instanceKlass com/jetbrains/rider/protocol/ReSharperProcessBase$getOrGenerateDeviceId$1
instanceKlass com/intellij/internal/statistic/DeviceIdManager$DeviceIdToken
instanceKlass jdk/internal/util/ByteArrayLittleEndian
instanceKlass com/intellij/ide/plugins/DisabledPluginsState$Companion
instanceKlass com/intellij/ide/plugins/DisabledPluginsState
instanceKlass com/intellij/ide/plugins/PluginEnabler$Headless
instanceKlass com/intellij/ide/plugins/PluginEnabler
instanceKlass java/util/UUID$Holder
instanceKlass com/intellij/ide/plugins/BrokenPluginFileKt
instanceKlass java/text/DontCareFieldPosition$1
instanceKlass java/text/Format$FieldDelegate
instanceKlass java/text/DigitList
instanceKlass java/text/DecimalFormatSymbols
instanceKlass com/intellij/ide/plugins/PluginCardOverrides$PluginCardInfo
instanceKlass com/intellij/ide/plugins/PluginCardOverrides
instanceKlass  @bci com/intellij/ide/plugins/PluginManagerCore getUnfulfilledCpuArchRequirement (Lcom/intellij/ide/plugins/IdeaPluginDescriptor;)Lcom/intellij/ide/plugins/PluginCpuArchRequirement; 26 <appendix> argL0 ; # com/intellij/ide/plugins/PluginManagerCore$$Lambda+0x00000000332a97f0
instanceKlass  @bci kotlin/sequences/SequencesKt___SequencesKt filterNotNull (Lkotlin/sequences/Sequence;)Lkotlin/sequences/Sequence; 7 <appendix> argL0 ; # kotlin/sequences/SequencesKt___SequencesKt$$Lambda+0x00000000332a9590
instanceKlass  @bci com/intellij/ide/plugins/PluginManagerCore getUnfulfilledOsRequirement (Lcom/intellij/ide/plugins/IdeaPluginDescriptor;)Lcom/intellij/ide/plugins/IdeaPluginOsRequirement; 26 <appendix> argL0 ; # com/intellij/ide/plugins/PluginManagerCore$$Lambda+0x00000000332a9330
instanceKlass com/intellij/ide/plugins/PluginInitializationContextKt
instanceKlass com/intellij/ide/plugins/PluginInitContextSelectPluginsToLoadKt
instanceKlass  @bci com/intellij/ide/plugins/PluginManagerCore initializePlugins (Ljava/util/List;Lcom/intellij/ide/plugins/PluginInitializationContext;Lcom/intellij/ide/plugins/PluginDescriptorLoadingResult;Ljava/lang/ClassLoader;Lcom/intellij/diagnostic/Activity;)Lcom/intellij/ide/plugins/PluginManagerState; 672 <appendix> member <vmtarget> ; # com/intellij/ide/plugins/PluginManagerCore$$Lambda+0x00000000332a8c38
instanceKlass com/intellij/ide/plugins/PluginNonLoadReason
instanceKlass java/util/concurrent/ConcurrentLinkedQueue$Itr
instanceKlass com/intellij/ide/plugins/PluginDescriptorLoadingResult$Companion$build$1
instanceKlass com/intellij/ide/plugins/PluginDescriptorLoadingResult$Companion
instanceKlass com/intellij/ide/plugins/PluginDescriptorLoadingResult
instanceKlass com/intellij/ide/plugins/PluginsSourceContext$Product
instanceKlass java/util/Calendar$Builder
instanceKlass com/intellij/internal/statistic/utils/StatisticsUtil
instanceKlass java/util/prefs/Base64
instanceKlass  @bci com/intellij/internal/statistic/eventLog/EventLogConfiguration <clinit> ()V 28 <appendix> argL0 ; # com/intellij/internal/statistic/eventLog/EventLogConfiguration$$Lambda+0x00000000332a78c0
instanceKlass com/intellij/internal/statistic/eventLog/EventLogConfiguration$Companion
instanceKlass com/intellij/internal/statistic/eventLog/EventLogConfiguration
instanceKlass java/util/Base64$Encoder
instanceKlass java/util/Base64
instanceKlass com/jetbrains/rider/protocol/ReSharperProcessBase$VersionRecord$Companion
instanceKlass com/jetbrains/rider/protocol/ReSharperProcessBase$VersionRecord
instanceKlass  @bci com/jetbrains/rider/cpp/DisableCppAction <clinit> ()V 53 <appendix> argL0 ; # com/jetbrains/rider/cpp/DisableCppAction$$Lambda+0x00000000332a6d30
instanceKlass com/jetbrains/rider/cpp/DisableCppAction$Companion
instanceKlass javax/swing/TransferHandler$HasGetTransferHandler
instanceKlass com/intellij/openapi/actionSystem/ShortcutSet
instanceKlass com/jetbrains/rider/protocol/ReSharperProcessBase$BackendLogConfiguration
instanceKlass java/io/FileOutputStream$1
instanceKlass  @bci com/intellij/ide/gdpr/ConsentOptions getConsents (Ljava/util/function/Predicate;)Lkotlin/Pair; 362 <appendix> argL0 ; # com/intellij/ide/gdpr/ConsentOptions$$Lambda+0x00000000332a5a08
instanceKlass com/intellij/diagnostic/ExceptionAutoReportUtil
instanceKlass  @bci com/jetbrains/rider/protocol/ReSharperProcessBase g (Ljava/lang/String;Ljava/lang/String;)Ljava/io/File; 18 <appendix> member <vmtarget> ; # com/jetbrains/rider/protocol/ReSharperProcessBase$$Lambda+0x00000000332a5558
instanceKlass  @bci com/intellij/ide/gdpr/ConsentOptions loadDefaultConsents ()Ljava/util/Map; 113 <appendix> member <vmtarget> ; # com/intellij/ide/gdpr/ConsentOptions$$Lambda+0x00000000332a52e0
instanceKlass  @bci com/intellij/ide/gdpr/ConsentOptions loadDefaultConsents ()Ljava/util/Map; 96 <appendix> member <vmtarget> ; # com/intellij/ide/gdpr/ConsentOptions$$Lambda+0x00000000332a5048
instanceKlass java/util/AbstractList$RandomAccessSpliterator
instanceKlass kotlinx/serialization/json/internal/DescriptorSchemaCache$Key
instanceKlass kotlinx/serialization/json/internal/JsonNamesMapKt
instanceKlass kotlinx/serialization/json/internal/StreamingJsonDecoder$WhenMappings
instanceKlass kotlinx/serialization/json/internal/CharMappings
instanceKlass kotlinx/serialization/json/internal/AbstractJsonLexerKt
instanceKlass com/jetbrains/rider/protocol/InternalAutoBackendProfilingInfo$Companion
instanceKlass kotlinx/serialization/json/internal/WriteModeKt
instanceKlass com/jetbrains/rider/protocol/InternalAutoBackendProfilingInfo
instanceKlass kotlinx/serialization/internal/AbstractPolymorphicSerializer
instanceKlass java/lang/ProcessBuilder
instanceKlass kotlinx/serialization/encoding/CompositeDecoder$Companion
instanceKlass com/jetbrains/rider/launchers/inRiderEnv/InRiderEnvironmentBundledAssemblyLauncherKt$WhenMappings
instanceKlass com/jetbrains/rider/launchers/inRiderEnv/InRiderEnvironmentBundledAssemblyLauncherKt
instanceKlass com/jetbrains/rider/BundledAssemblyLauncherInfo
instanceKlass it/unimi/dsi/fastutil/objects/Object2ObjectOpenCustomHashMap$MapEntry
instanceKlass it/unimi/dsi/fastutil/Pair
instanceKlass kotlinx/serialization/encoding/AbstractDecoder
instanceKlass it/unimi/dsi/fastutil/objects/Object2ObjectOpenCustomHashMap$MapIterator
instanceKlass kotlinx/serialization/encoding/ChunkedDecoder
instanceKlass kotlinx/serialization/json/JsonDecoder
instanceKlass kotlinx/serialization/encoding/CompositeDecoder
instanceKlass kotlinx/serialization/encoding/Decoder
instanceKlass java/util/Collections$UnmodifiableMap$UnmodifiableEntrySet$UnmodifiableEntry
instanceKlass java/util/Collections$UnmodifiableMap$UnmodifiableEntrySet$1
instanceKlass com/intellij/util/containers/FastUtilCaseInsensitiveStringHashingStrategy
instanceKlass com/intellij/util/containers/FastUtilHashingStrategies$1
instanceKlass com/intellij/util/containers/FastUtilCharSequenceHashingStrategy
instanceKlass com/intellij/util/containers/FastUtilHashingStrategies
instanceKlass kotlinx/serialization/json/internal/JsonPath
instanceKlass kotlinx/serialization/json/internal/AbstractJsonLexer
instanceKlass com/intellij/util/EnvironmentUtil
instanceKlass kotlinx/serialization/json/internal/StringJsonLexerKt
instanceKlass com/jetbrains/rider/environment/local/RiderLocalEnvironmentAccessor
instanceKlass com/jetbrains/rider/environment/EnvironmentAccessor
instanceKlass kotlinx/serialization/internal/ListLikeDescriptor
instanceKlass com/intellij/ide/gdpr/ConsentAttributes$$serializer
instanceKlass com/jetbrains/rider/launchers/base/AssemblyLauncherBuilder$Platform
instanceKlass kotlinx/serialization/internal/AbstractCollectionSerializer
instanceKlass com/intellij/platform/eel/path/ArrayListEelAbsolutePath$Companion$Root$Unix
instanceKlass  @bci com/intellij/platform/eel/path/ArrayListEelAbsolutePath <init> (Lcom/intellij/platform/eel/EelDescriptor;Lcom/intellij/platform/eel/path/ArrayListEelAbsolutePath$Companion$Root;Ljava/util/List;)V 21 <appendix> member <vmtarget> ; # com/intellij/platform/eel/path/ArrayListEelAbsolutePath$$Lambda+0x000000003329a548
instanceKlass com/intellij/platform/eel/path/ArrayListEelAbsolutePath$Companion$Root$Windows
instanceKlass com/intellij/platform/eel/path/ArrayListEelAbsolutePath$Companion$Root
instanceKlass  @bci com/intellij/ide/gdpr/ConsentAttributes jsonConfig_delegate$lambda$0 ()Lkotlinx/serialization/json/Json; 1 <appendix> argL0 ; # com/intellij/ide/gdpr/ConsentAttributes$$Lambda+0x0000000033299e40
instanceKlass  @bci com/intellij/ide/gdpr/ConsentAttributes <clinit> ()V 11 <appendix> argL0 ; # com/intellij/ide/gdpr/ConsentAttributes$$Lambda+0x00000000332997c8
instanceKlass com/intellij/platform/eel/path/ArrayListEelAbsolutePath$Companion$WhenMappings
instanceKlass com/intellij/platform/eel/path/ArrayListEelAbsolutePath$Companion
instanceKlass com/intellij/ide/gdpr/ConsentAttributes$Companion
instanceKlass com/intellij/platform/eel/path/ArrayListEelAbsolutePath
instanceKlass com/intellij/platform/eel/path/EelPath$Companion
instanceKlass com/intellij/platform/eel/path/EelPath
instanceKlass com/intellij/platform/eel/provider/EelNioBridgeService
instanceKlass com/intellij/openapi/vfs/CharsetToolkit
instanceKlass com/intellij/platform/eel/provider/EelNioBridgeServiceKt
instanceKlass com/intellij/l10n/LocalizationStateService
instanceKlass com/intellij/platform/eel/EelPlatformKt
instanceKlass com/intellij/platform/eel/provider/LocalEelDescriptor$WhenMappings
instanceKlass  @bci com/intellij/ide/gdpr/ConsentOptions condUsageStatsConsent ()Ljava/util/function/Predicate; 0 <appendix> argL0 ; # com/intellij/ide/gdpr/ConsentOptions$$Lambda+0x0000000033297228
instanceKlass com/jetbrains/rider/launchers/DefaultBundledAssemblyLauncher$Companion
instanceKlass com/jetbrains/rider/launchers/DefaultBundledAssemblyLauncher
instanceKlass com/intellij/platform/ide/bootstrap/EndUserAgreementStatus$RemoteDev
instanceKlass com/intellij/platform/ide/bootstrap/EndUserAgreementStatus$Required
instanceKlass  @bci com/jetbrains/rider/environment/local/CrossgenRunUtil g ()Ljava/lang/String; 213 <adapter> ; # java/lang/invoke/LambdaForm$MH+0x0000000033295800
instanceKlass  @bci com/jetbrains/rider/environment/local/CrossgenRunUtil g ()Ljava/lang/String; 213 <appendix> form vmentry <vmtarget> ; # java/lang/invoke/LambdaForm$MH+0x0000000033295400
instanceKlass com/intellij/platform/ide/bootstrap/ApplicationLoader
# instanceKlass java/lang/invoke/LambdaForm$BMH+0x0000000033295000
instanceKlass  @bci com/jetbrains/rider/environment/local/CrossgenRunUtil g ()Ljava/lang/String; 213 <appendix> form names 7 function resolvedHandle form vmentry <vmtarget> ; # java/lang/invoke/LambdaForm$DMH+0x0000000033294c00
instanceKlass  @bci com/jetbrains/rider/environment/local/CrossgenRunUtil g ()Ljava/lang/String; 213 <appendix> argL0 form vmentry <vmtarget> ; # java/lang/invoke/LambdaForm$DMH+0x0000000033294800
instanceKlass com/intellij/util/containers/UtilKt
instanceKlass  @bci com/intellij/util/io/DigestUtilKt <clinit> ()V 74 <appendix> argL0 ; # com/intellij/util/io/DigestUtilKt$$Lambda+0x0000000033292cc0
instanceKlass  @bci com/intellij/platform/instanceContainer/internal/InstanceContainerImpl replaceInstance (Ljava/lang/Class;Ljava/lang/Object;)Lcom/intellij/platform/instanceContainer/internal/UnregisterHandle; 72 <appendix> form vmentry <vmtarget> ; # java/lang/invoke/LambdaForm$DMH+0x0000000033294000
instanceKlass  @bci com/intellij/util/io/DigestUtilKt <clinit> ()V 60 <appendix> argL0 ; # com/intellij/util/io/DigestUtilKt$$Lambda+0x0000000033292a60
instanceKlass  @bci com/intellij/util/io/DigestUtilKt <clinit> ()V 46 <appendix> argL0 ; # com/intellij/util/io/DigestUtilKt$$Lambda+0x0000000033292800
instanceKlass  @bci com/intellij/util/io/DigestUtilKt <clinit> ()V 32 <appendix> argL0 ; # com/intellij/util/io/DigestUtilKt$$Lambda+0x00000000332925a0
instanceKlass  @bci com/intellij/platform/instanceContainer/internal/InstanceContainerImpl replaceInstance (Ljava/lang/Class;Ljava/lang/Object;)Lcom/intellij/platform/instanceContainer/internal/UnregisterHandle; 72 <appendix> member <vmtarget> ; # com/intellij/platform/instanceContainer/internal/InstanceContainerImpl$$Lambda+0x0000000033292338
instanceKlass  @bci com/intellij/util/io/DigestUtilKt <clinit> ()V 18 <appendix> argL0 ; # com/intellij/util/io/DigestUtilKt$$Lambda+0x00000000332920d8
instanceKlass com/intellij/platform/instanceContainer/internal/UnregistrationResult
instanceKlass com/intellij/platform/instanceContainer/internal/UnregisterHandle
instanceKlass com/intellij/util/io/DigestUtilKt
instanceKlass com/intellij/platform/instanceContainer/internal/InitializedInstanceHolder
instanceKlass  @bci com/intellij/util/io/DigestUtil <clinit> ()V 38 <appendix> argL0 ; # com/intellij/util/io/DigestUtil$$Lambda+0x0000000033291508
instanceKlass com/intellij/platform/instanceContainer/internal/InstanceHolder
instanceKlass  @bci com/intellij/util/io/DigestUtil <clinit> ()V 24 <appendix> argL0 ; # com/intellij/util/io/DigestUtil$$Lambda+0x0000000033291068
instanceKlass com/intellij/openapi/extensions/Extensions
instanceKlass  @bci com/intellij/util/io/DigestUtil <clinit> ()V 10 <appendix> argL0 ; # com/intellij/util/io/DigestUtil$$Lambda+0x0000000033290bc0
instanceKlass  @bci com/intellij/openapi/application/impl/ApplicationImpl <init> (Lkotlinx/coroutines/CoroutineScope;Z)V 119 <appendix> member <vmtarget> ; # com/intellij/openapi/application/impl/ApplicationImpl$$Lambda+0x0000000033290958
instanceKlass com/intellij/openapi/components/impl/stores/IComponentStore
instanceKlass com/intellij/util/io/DigestUtil
instanceKlass com/intellij/openapi/application/impl/ApplicationImpl$3
instanceKlass  @bci com/intellij/openapi/application/impl/ApplicationImpl <init> (Lkotlinx/coroutines/CoroutineScope;Z)V 76 <appendix> argL0 ; # com/intellij/openapi/application/impl/ApplicationImpl$$Lambda+0x0000000033290000
instanceKlass com/intellij/openapi/application/impl/ReadActionCacheImpl
instanceKlass com/intellij/ide/passwordSafe/impl/providers/EncryptionUtil
instanceKlass com/intellij/psi/util/ReadActionCache
instanceKlass  @bci com/intellij/platform/locking/impl/NestedLocksThreadingSupport <init> ()V 234 <appendix> argL0 ; # com/intellij/platform/locking/impl/NestedLocksThreadingSupport$$Lambda+0x000000003328f4f8
instanceKlass  @bci com/intellij/platform/locking/impl/NestedLocksThreadingSupport <init> ()V 216 <appendix> argL0 ; # com/intellij/platform/locking/impl/NestedLocksThreadingSupport$$Lambda+0x000000003328f298
instanceKlass com/intellij/platform/locking/impl/PermitWaitingInterceptor
instanceKlass  @bci com/intellij/platform/locking/impl/NestedLocksThreadingSupport <init> ()V 204 <appendix> argL0 ; # com/intellij/platform/locking/impl/NestedLocksThreadingSupport$$Lambda+0x000000003328ede8
instanceKlass  @bci com/intellij/platform/locking/impl/NestedLocksThreadingSupport <init> ()V 186 <appendix> argL0 ; # com/intellij/platform/locking/impl/NestedLocksThreadingSupport$$Lambda+0x000000003328eb88
instanceKlass  @bci com/intellij/platform/locking/impl/NestedLocksThreadingSupport <init> ()V 174 <appendix> argL0 ; # com/intellij/platform/locking/impl/NestedLocksThreadingSupport$$Lambda+0x000000003328e928
instanceKlass  @bci com/intellij/platform/locking/impl/NestedLocksThreadingSupport <init> ()V 162 <appendix> argL0 ; # com/intellij/platform/locking/impl/NestedLocksThreadingSupport$$Lambda+0x000000003328e6c8
instanceKlass  @bci com/intellij/platform/locking/impl/NestedLocksThreadingSupport <init> ()V 43 <appendix> argL0 ; # com/intellij/platform/locking/impl/NestedLocksThreadingSupport$$Lambda+0x000000003328e468
instanceKlass com/intellij/core/rwmutex/cqs/CancellableQueueSynchronizerKt
instanceKlass  @bci com/jetbrains/rider/environment/local/CrossgenRunUtil <clinit> ()V 10 <appendix> argL0 ; # com/jetbrains/rider/environment/local/CrossgenRunUtil$$Lambda+0x000000003328dfc0
instanceKlass com/jetbrains/rider/environment/local/CrossgenRunUtil
instanceKlass com/intellij/core/rwmutex/cqs/CancellableQueueSynchronizer
instanceKlass com/intellij/core/rwmutex/ReadWriteMutexWithWriteIntentImpl
instanceKlass com/intellij/core/rwmutex/ReadWriteMutexWithWriteIntent
instanceKlass  @bci com/intellij/core/rwmutex/RWMutexIdeaImpl <init> ()V 1 <appendix> argL0 ; # com/intellij/core/rwmutex/RWMutexIdeaImpl$$Lambda+0x000000003328c380
instanceKlass com/intellij/core/rwmutex/ReadPermitImpl
instanceKlass com/intellij/core/rwmutex/ReadPermit
instanceKlass com/intellij/core/rwmutex/RWMutexIdeaImpl
instanceKlass com/jetbrains/rd/framework/LazyCompanionMarshaller
instanceKlass com/intellij/core/rwmutex/RWMutexIdea
instanceKlass com/jetbrains/rd/framework/RdId$Companion
instanceKlass  @bci com/jetbrains/rider/environment/local/LocalNetCoreRuntime <clinit> ()V 32 <appendix> argL0 ; # com/jetbrains/rider/environment/local/LocalNetCoreRuntime$$Lambda+0x000000003328b2a8
instanceKlass  @bci com/jetbrains/rider/environment/local/LocalNetCoreRuntime <clinit> ()V 21 <appendix> argL0 ; # com/jetbrains/rider/environment/local/LocalNetCoreRuntime$$Lambda+0x000000003328ac30
instanceKlass com/intellij/core/rwmutex/RWMutexIdeaKt
instanceKlass kotlin/ULongArray
instanceKlass com/intellij/core/rwmutex/WriteIntentPermit
instanceKlass  @bci com/jetbrains/rider/environment/local/LocalNetCoreRuntime <clinit> ()V 10 <appendix> argL0 ; # com/jetbrains/rider/environment/local/LocalNetCoreRuntime$$Lambda+0x0000000033289968
instanceKlass com/intellij/platform/locking/impl/ParallelizablePermit
instanceKlass com/jetbrains/rider/environment/local/LocalNetCoreRuntime$UsedRuntime
instanceKlass com/intellij/platform/locking/impl/NestedLocksThreadingSupport$ComputationState
instanceKlass com/jetbrains/rider/environment/local/LocalNetCoreRuntime
instanceKlass com/jetbrains/rider/environment/NetCoreRuntime
instanceKlass  @bci com/intellij/platform/locking/impl/NestedLocksThreadingSupport <init> ()V 5 <appendix> argL0 ; # com/intellij/platform/locking/impl/NestedLocksThreadingSupport$$Lambda+0x0000000033288358
instanceKlass kotlin/UIntArray
instanceKlass com/intellij/core/rwmutex/Permit
instanceKlass  @bci com/jetbrains/rider/environment/local/NetCoreUtil <clinit> ()V 204 <appendix> argL0 ; # com/jetbrains/rider/environment/local/NetCoreUtil$$Lambda+0x00000000332875b8
instanceKlass kotlin/UShortArray
instanceKlass com/intellij/platform/locking/impl/NestedLocksThreadingSupport$Companion
instanceKlass com/jetbrains/rider/environment/local/NetCoreUtil
instanceKlass kotlin/UByteArray
instanceKlass kotlin/ULong
instanceKlass com/jetbrains/rider/launchers/inRiderEnv/InRiderEnvironmentAssemblyLauncherBuilder$OtherStep
instanceKlass com/intellij/platform/locking/impl/NestedLocksThreadingSupport
instanceKlass com/jetbrains/rider/launchers/inRiderEnv/InRiderEnvironmentAssemblyLauncherBuilder$PathToExecutableStep
instanceKlass com/jetbrains/rider/launchers/inRiderEnv/InRiderEnvironmentAssemblyLauncherBuilder$RunOnNetCoreStep
instanceKlass kotlin/UInt
instanceKlass com/jetbrains/rider/launchers/inRiderEnv/InRiderEnvironmentAssemblyLauncherBuilder$PlatformStep
instanceKlass com/jetbrains/rider/launchers/inRiderEnv/InRiderEnvironmentAssemblyLauncherBuilder$Companion
instanceKlass com/jetbrains/rider/launchers/base/AssemblyLauncherBuilder$Companion
instanceKlass com/jetbrains/rider/launchers/base/AssemblyLauncherBuilder
instanceKlass kotlin/UShort
instanceKlass com/intellij/ide/plugins/PluginsSourceContext$Custom
instanceKlass com/intellij/platform/locking/impl/IntelliJLockingUtil
instanceKlass com/jetbrains/rider/environment/RiderEnvironmentExtKt
instanceKlass kotlin/UByte
instanceKlass  @bci com/intellij/util/ui/EDT <clinit> ()V 0 <appendix> argL0 ; # com/intellij/util/ui/EDT$$Lambda+0x0000000033280d80
instanceKlass com/jetbrains/rider/CPUKind$Companion$WhenMappings
instanceKlass com/jetbrains/rider/CPUKind$Companion
instanceKlass com/jetbrains/rider/util/OSKind$Companion
instanceKlass com/intellij/util/ui/EDT
instanceKlass com/intellij/ide/plugins/PluginXmlPathResolver$ResolvedFromJar
instanceKlass com/intellij/ide/plugins/PluginCpuArchRequirement$Companion
instanceKlass com/jetbrains/rider/CPUArch$Companion
instanceKlass com/intellij/ide/plugins/IdeaPluginOsRequirement$Companion
instanceKlass com/jetbrains/rd/framework/impl/RdSecureString
instanceKlass  @bci com/intellij/util/containers/LockFreeCopyOnWriteArrayList add (Ljava/lang/Object;)Z 2 <appendix> member <vmtarget> ; # com/intellij/util/containers/LockFreeCopyOnWriteArrayList$$Lambda+0x00000000332766e0
instanceKlass  @bci com/intellij/openapi/application/CachedSingletonsRegistry lazy (Lkotlin/jvm/functions/Function0;)Ljava/util/function/Supplier; 16 <appendix> member <vmtarget> ; # com/intellij/openapi/application/CachedSingletonsRegistry$$Lambda+0x0000000033276478
instanceKlass com/intellij/ide/plugins/PluginsSourceContext$ClassPathProvided
instanceKlass com/intellij/ide/plugins/PluginsSourceContext
instanceKlass com/intellij/openapi/application/CachedSingletonsRegistry
instanceKlass  @bci com/intellij/openapi/application/TransactionGuard <clinit> ()V 0 <appendix> argL0 ; # com/intellij/openapi/application/TransactionGuard$$Lambda+0x0000000033275b48
instanceKlass com/jetbrains/rd/framework/RdId
instanceKlass com/intellij/openapi/application/TransactionId
instanceKlass com/intellij/openapi/application/TransactionGuard
instanceKlass com/jetbrains/rd/framework/SerializersKt
instanceKlass com/intellij/openapi/application/impl/ApplicationImpl$2
instanceKlass com/intellij/openapi/application/impl/ApplicationImpl$1
instanceKlass  @bci com/jetbrains/rider/environment/local/RiderLocalEnvironment <clinit> ()V 314 <appendix> argL0 ; # com/jetbrains/rider/environment/local/RiderLocalEnvironment$$Lambda+0x0000000033271d28
instanceKlass  @bci com/jetbrains/rider/environment/local/RiderLocalEnvironment <clinit> ()V 303 <appendix> argL0 ; # com/jetbrains/rider/environment/local/RiderLocalEnvironment$$Lambda+0x0000000033271ac8
instanceKlass com/intellij/util/EventDispatcher
instanceKlass  @bci com/jetbrains/rider/environment/local/RiderLocalEnvironment <clinit> ()V 249 <appendix> argL0 ; # com/jetbrains/rider/environment/local/RiderLocalEnvironment$$Lambda+0x00000000332704e0
instanceKlass  @bci com/jetbrains/rider/environment/local/RiderLocalEnvironment <clinit> ()V 238 <appendix> argL0 ; # com/jetbrains/rider/environment/local/RiderLocalEnvironment$$Lambda+0x0000000033270000
instanceKlass  @bci com/jetbrains/rider/environment/local/RiderLocalEnvironment <clinit> ()V 227 <appendix> argL0 ; # com/jetbrains/rider/environment/local/RiderLocalEnvironment$$Lambda+0x000000003326fcc8
instanceKlass  @bci com/jetbrains/rider/environment/local/RiderLocalEnvironment <clinit> ()V 216 <appendix> argL0 ; # com/jetbrains/rider/environment/local/RiderLocalEnvironment$$Lambda+0x000000003326fa68
instanceKlass  @bci com/intellij/platform/eel/provider/LocalEelDescriptor <clinit> ()V 39 <appendix> argL0 ; # com/intellij/platform/eel/provider/LocalEelDescriptor$$Lambda+0x000000003326ed58
instanceKlass com/intellij/platform/eel/provider/LocalEelDescriptor
instanceKlass com/intellij/platform/eel/EelDescriptor
instanceKlass com/intellij/openapi/extensions/impl/ExtensionsAreaImpl
instanceKlass com/intellij/openapi/extensions/ExtensionsArea
instanceKlass com/intellij/serviceContainer/ComponentManagerResolver
instanceKlass com/intellij/platform/instanceContainer/instantiation/DependencyResolver
instanceKlass  @bci com/jetbrains/rider/environment/local/RiderLocalEnvironment <clinit> ()V 83 <appendix> argL0 ; # com/jetbrains/rider/environment/local/RiderLocalEnvironment$$Lambda+0x000000003326ac60
instanceKlass com/intellij/serviceContainer/PluginServicesStore
instanceKlass kotlinx/collections/immutable/internal/EndOfChain
instanceKlass com/jetbrains/rider/environment/local/RiderLocalEnvironment
instanceKlass kotlinx/collections/immutable/implementations/persistentOrderedMap/PersistentOrderedMap$Companion
instanceKlass com/jetbrains/rider/environment/RiderEnvironment
instanceKlass com/jetbrains/rd/framework/UniversalMarshaller
instanceKlass com/jetbrains/rd/framework/IMarshaller
instanceKlass com/jetbrains/rd/framework/ISerializer
instanceKlass com/jetbrains/rider/launchers/RiderBackendLauncher
instanceKlass com/jetbrains/rider/launchers/inRiderEnv/CanRunInRiderEnvironment
instanceKlass com/intellij/util/NotNullizer
instanceKlass com/intellij/platform/instanceContainer/internal/InstanceContainerState$Companion
instanceKlass com/intellij/platform/instanceContainer/internal/InstanceContainerState
instanceKlass com/intellij/serviceContainer/LightServiceInstanceSupport
instanceKlass com/intellij/platform/instanceContainer/internal/DynamicInstanceSupport
instanceKlass com/intellij/platform/instanceContainer/internal/InstanceContainerImpl$Companion
instanceKlass com/intellij/platform/instanceContainer/internal/InstanceContainerImpl
instanceKlass com/intellij/platform/instanceContainer/internal/MutableInstanceContainer
instanceKlass com/intellij/platform/instanceContainer/internal/InstanceContainerInternal
instanceKlass com/intellij/platform/instanceContainer/InstanceContainer
instanceKlass com/intellij/platform/instanceContainer/internal/ScopeHolder
instanceKlass com/intellij/openapi/components/ComponentConfig
instanceKlass com/intellij/codeWithMe/ClientIdContextElementPrecursor
instanceKlass com/intellij/codeWithMe/ClientIdContextElement$Key
instanceKlass com/intellij/codeWithMe/ClientIdContextElement
instanceKlass com/intellij/serviceContainer/ComponentManagerElementKey
instanceKlass com/intellij/concurrency/InternalCoroutineContextKey
instanceKlass com/intellij/concurrency/IntelliJContextElement
instanceKlass com/intellij/serviceContainer/ContextKt
instanceKlass com/intellij/util/keyFMap/DebugFMap
instanceKlass com/intellij/util/keyFMap/EmptyFMap
instanceKlass  @bci com/intellij/openapi/application/impl/ApplicationImpl <clinit> ()V 8 <appendix> argL0 ; # com/intellij/openapi/application/impl/ApplicationImpl$$Lambda+0x0000000033262790
instanceKlass com/intellij/platform/locking/impl/listeners/LegacyProgressIndicatorProvider$LegacyProgressIndicator
instanceKlass com/intellij/platform/locking/impl/listeners/LegacyProgressIndicatorProvider
instanceKlass  @bci com/intellij/openapi/application/impl/ApplicationImpl <clinit> ()V 0 <appendix> argL0 ; # com/intellij/openapi/application/impl/ApplicationImpl$$Lambda+0x0000000033261da8
instanceKlass com/intellij/platform/locking/impl/listeners/ErrorHandler
instanceKlass com/intellij/platform/pluginSystem/parser/impl/elements/ComponentElement
instanceKlass com/intellij/openapi/extensions/DefaultPluginDescriptor
instanceKlass com/intellij/serviceContainer/ComponentManagerImpl$Companion
instanceKlass com/intellij/util/keyFMap/KeyFMap
instanceKlass it/unimi/dsi/fastutil/ints/Int2ObjectMap$FastEntrySet
instanceKlass it/unimi/dsi/fastutil/ints/IntSet
instanceKlass it/unimi/dsi/fastutil/ints/IntCollection
instanceKlass it/unimi/dsi/fastutil/ints/IntIterable
instanceKlass  @bci com/jetbrains/rider/inTests/PerformancePlaybackTestsKt <clinit> ()V 22 <appendix> argL0 ; # com/jetbrains/rider/inTests/PerformancePlaybackTestsKt$$Lambda+0x0000000033260000
instanceKlass  @bci com/jetbrains/rider/inTests/PerformancePlaybackTestsKt <clinit> ()V 11 <appendix> argL0 ; # com/jetbrains/rider/inTests/PerformancePlaybackTestsKt$$Lambda+0x000000003325fd80
instanceKlass  @bci com/jetbrains/rider/inTests/PerformancePlaybackTestsKt <clinit> ()V 0 <appendix> argL0 ; # com/jetbrains/rider/inTests/PerformancePlaybackTestsKt$$Lambda+0x000000003325fb20
instanceKlass com/jetbrains/rider/inTests/PerformancePlaybackTestsKt
instanceKlass com/jetbrains/rider/protocol/LocaleHelper
instanceKlass com/jetbrains/rider/protocol/EarlyReSharperProcess$Companion
instanceKlass  @bci com/jetbrains/rider/protocol/ReSharperProcessBase <clinit> ()V 78 <appendix> argL0 ; # com/jetbrains/rider/protocol/ReSharperProcessBase$$Lambda+0x000000003325f1e8
instanceKlass it/unimi/dsi/fastutil/ints/Int2ObjectMap$Entry
instanceKlass  @bci com/jetbrains/rider/protocol/ReSharperProcessBase <clinit> ()V 67 <appendix> argL0 ; # com/jetbrains/rider/protocol/ReSharperProcessBase$$Lambda+0x000000003325ed48
instanceKlass  @bci com/jetbrains/rider/protocol/ReSharperProcessBase <clinit> ()V 56 <appendix> argL0 ; # com/jetbrains/rider/protocol/ReSharperProcessBase$$Lambda+0x000000003325e3e0
instanceKlass it/unimi/dsi/fastutil/ints/AbstractInt2ObjectFunction
instanceKlass com/jetbrains/rider/protocol/ReSharperProcessBase$Companion
instanceKlass com/jetbrains/rider/protocol/ReSharperProcessBase
instanceKlass it/unimi/dsi/fastutil/ints/Int2ObjectMap
instanceKlass it/unimi/dsi/fastutil/ints/Int2ObjectFunction
instanceKlass com/intellij/util/containers/IntKeyWeakValueHashMap
instanceKlass com/intellij/openapi/util/Key
instanceKlass com/intellij/openapi/progress/Task
instanceKlass com/intellij/openapi/progress/Progressive
instanceKlass com/intellij/openapi/progress/TaskInfo
instanceKlass com/intellij/openapi/progress/ProgressIndicator
instanceKlass com/jetbrains/rd/framework/FrameworkMarshallers
instanceKlass com/intellij/ide/plugins/UnsuitableProductModeModuleUnavailabilityReason
instanceKlass com/intellij/ide/plugins/EnvironmentDependentModuleUnavailabilityReason
instanceKlass com/intellij/ide/plugins/PluginInitializationContext$EnvironmentConfiguredModuleData
instanceKlass com/intellij/platform/pluginSystem/parser/impl/LoadedXIncludeReference
instanceKlass kotlin/io/FilesKt__FilePathComponentsKt
# instanceKlass com/intellij/ide/plugins/DependsSubDescriptor$$Lambda+0x0000000033259040
instanceKlass  @bci com/intellij/ide/plugins/DependsSubDescriptor <init> (Lcom/intellij/ide/plugins/IdeaPluginDescriptorImpl;Lcom/intellij/platform/pluginSystem/parser/impl/RawPluginDescriptor;Ljava/lang/String;)V 108 <appendix> member <vmtarget> ; # com/intellij/ide/plugins/DependsSubDescriptor$$Lambda+0x0000000033258dd8
instanceKlass  @bci com/jetbrains/rd/util/threading/SingleThreadSchedulerBase queue (Lkotlin/jvm/functions/Function0;)V 20 <appendix> member <vmtarget> ; # com/jetbrains/rd/util/threading/SingleThreadSchedulerBase$$Lambda+0x0000000033258b70
instanceKlass com/intellij/ide/plugins/DependsSubDescriptor$Companion
instanceKlass com/fasterxml/aalto/util/CharsetNames
instanceKlass com/fasterxml/aalto/util/XmlChars
instanceKlass com/jetbrains/rd/util/reactive/IScheduler$DefaultImpls
instanceKlass com/intellij/openapi/application/ThreadingSupport
instanceKlass  @bci com/jetbrains/rd/ide/model/AggregatedMarshallersProvider <init> ([Lcom/jetbrains/rd/framework/MarshallersProvider;Ljava/lang/String;Lcom/intellij/openapi/Disposable;)V 20 <appendix> member <vmtarget> ; # com/jetbrains/rd/ide/model/AggregatedMarshallersProvider$$Lambda+0x0000000033257290
instanceKlass com/intellij/platform/pluginSystem/parser/impl/LoadPathUtilKt
instanceKlass com/jetbrains/rd/ide/model/LazyAggregatedMarshallersProvider
instanceKlass com/intellij/platform/pluginSystem/parser/impl/LoadPathUtil
instanceKlass com/fasterxml/aalto/in/CharBasedPNameTable$Bucket
instanceKlass kotlin/io/LinesSequence$iterator$1
instanceKlass kotlin/sequences/ConstrainedOnceSequence
instanceKlass com/intellij/openapi/ui/DoNotAskOption
instanceKlass kotlin/io/LinesSequence
instanceKlass  @bci kotlin/io/TextStreamsKt readLines (Ljava/io/Reader;)Ljava/util/List; 16 <appendix> member <vmtarget> ; # kotlin/io/TextStreamsKt$$Lambda+0x0000000033255188
instanceKlass com/jetbrains/rd/ide/model/AggregatedMarshallersProvider
instanceKlass com/jetbrains/rd/protocol/IdeRootMarshallersProvider$Companion
instanceKlass com/jetbrains/rd/framework/MarshallersProvider
instanceKlass com/jetbrains/rd/protocol/IdeRootMarshallersProvider
instanceKlass java/net/Socket
instanceKlass com/intellij/openapi/application/ModalityState
instanceKlass com/intellij/openapi/application/ApplicationListener
instanceKlass  @bci com/jetbrains/rd/util/threading/SingleThreadSchedulerBase createThreadFactory ()Ljava/util/concurrent/ThreadFactory; 1 <appendix> member <vmtarget> ; # com/jetbrains/rd/util/threading/SingleThreadSchedulerBase$$Lambda+0x00000000332532b0
instanceKlass com/jetbrains/rd/util/threading/SingleThreadSchedulerBase
instanceKlass kotlin/io/TextStreamsKt
instanceKlass  @bci com/intellij/ide/plugins/ContentModuleDescriptor <init> (Lcom/intellij/ide/plugins/PluginMainDescriptor;Lcom/intellij/platform/pluginSystem/parser/impl/RawPluginDescriptor;Lcom/intellij/ide/plugins/PluginModuleId;Lcom/intellij/ide/plugins/ModuleLoadingRule;Ljava/lang/String;)V 116 <appendix> member <vmtarget> ; # com/intellij/ide/plugins/ContentModuleDescriptor$$Lambda+0x00000000332525e8
instanceKlass com/jetbrains/rd/framework/Serializers$Companion
instanceKlass com/intellij/ide/plugins/ContentModuleDescriptor$Companion
instanceKlass com/jetbrains/rd/framework/Serializers
instanceKlass com/jetbrains/rd/framework/ISerializers
instanceKlass kotlin/text/Charsets
instanceKlass com/intellij/openapi/application/ReadActionListener
instanceKlass kotlin/collections/builders/SetBuilder$Companion
instanceKlass com/intellij/openapi/application/WriteActionListener
instanceKlass com/intellij/ide/plugins/KotlinK2ModeCompatibilityCheckerKt
instanceKlass kotlin/concurrent/ThreadsKt
instanceKlass com/intellij/ide/plugins/PluginMainDescriptorKt
# instanceKlass com/intellij/ide/plugins/PluginMainDescriptor$$Lambda+0x000000003324b558
# instanceKlass com/intellij/ide/plugins/PluginMainDescriptor$$Lambda+0x000000003324b2f0
instanceKlass  @bci com/intellij/ide/plugins/PluginMainDescriptor <init> (Lcom/intellij/platform/pluginSystem/parser/impl/RawPluginDescriptor;Ljava/nio/file/Path;ZZ)V 484 <appendix> member <vmtarget> ; # com/intellij/ide/plugins/PluginMainDescriptor$$Lambda+0x000000003324b088
instanceKlass com/intellij/ide/plugins/PluginDependencyImpl
instanceKlass com/intellij/ide/plugins/PluginDependency
instanceKlass com/intellij/ide/plugins/ModuleDependencies$Companion
instanceKlass com/intellij/ide/plugins/ModuleDependencies
instanceKlass com/intellij/ide/plugins/PluginContentDescriptor$ModuleItem
instanceKlass com/intellij/util/SystemProperties
# instanceKlass com/intellij/ide/plugins/PluginMainDescriptor$$Lambda+0x000000003324fc00
instanceKlass com/intellij/ide/plugins/PluginContentDescriptor$Companion
instanceKlass com/intellij/ide/plugins/PluginModuleId$Companion
instanceKlass com/intellij/ide/plugins/PluginContentDescriptor
instanceKlass sun/misc/Unsafe
instanceKlass  @bci com/intellij/ide/plugins/PluginMainDescriptor <init> (Lcom/intellij/platform/pluginSystem/parser/impl/RawPluginDescriptor;Ljava/nio/file/Path;ZZ)V 363 <appendix> member <vmtarget> ; # com/intellij/ide/plugins/PluginMainDescriptor$$Lambda+0x000000003324f2b8
# instanceKlass com/intellij/ide/plugins/PluginMainDescriptor$$Lambda+0x000000003324f050
# instanceKlass com/intellij/ide/plugins/PluginMainDescriptor$$Lambda+0x000000003324ede8
instanceKlass com/intellij/ide/plugins/UntilBuildDeprecation
instanceKlass com/intellij/ide/plugins/IdeaPluginDependency
instanceKlass com/jetbrains/rd/framework/UnsafeBuffer$Companion
instanceKlass com/jetbrains/rd/framework/AbstractBufferKt
instanceKlass com/jetbrains/rd/util/reactive/IOptPropertyView$DefaultImpls
instanceKlass com/jetbrains/rd/util/reactive/IOptProperty$DefaultImpls
instanceKlass com/intellij/openapi/extensions/ExtensionDescriptor
instanceKlass kotlin/text/DelimitedRangesSequence$iterator$1
instanceKlass  @bci com/intellij/openapi/extensions/LoadingOrder <init> (Ljava/lang/String;)V 52 <appendix> argL0 ; # com/intellij/openapi/extensions/LoadingOrder$$Lambda+0x000000003324db08
instanceKlass  @bci com/intellij/openapi/extensions/LoadingOrder <init> (Ljava/lang/String;)V 44 <appendix> argL0 ; # com/intellij/openapi/extensions/LoadingOrder$$Lambda+0x000000003324d8a8
instanceKlass  @bci kotlin/text/StringsKt__StringsKt splitToSequence (Ljava/lang/CharSequence;[CZI)Lkotlin/sequences/Sequence; 24 <appendix> member <vmtarget> ; # kotlin/text/StringsKt__StringsKt$$Lambda+0x000000003324d640
instanceKlass  @bci com/jetbrains/rd/util/AtomicReference getAndUpdate (Lkotlin/jvm/functions/Function1;)Ljava/lang/Object; 11 <appendix> member <vmtarget> ; # com/jetbrains/rd/util/AtomicReference$$Lambda+0x000000003324d3a0
instanceKlass  @bci kotlin/text/StringsKt__StringsKt rangesDelimitedBy$StringsKt__StringsKt (Ljava/lang/CharSequence;[CIZI)Lkotlin/sequences/Sequence; 15 <appendix> member <vmtarget> ; # kotlin/text/StringsKt__StringsKt$$Lambda+0x000000003324d138
instanceKlass  @cpi kotlin/text/StringsKt__StringsKt 746 form vmentry <vmtarget> ; # java/lang/invoke/LambdaForm$DMH+0x0000000033249000
instanceKlass com/jetbrains/rd/util/reactive/IPropertyView$DefaultImpls
instanceKlass com/jetbrains/rd/util/reactive/IProperty$DefaultImpls
instanceKlass kotlin/text/DelimitedRangesSequence
instanceKlass kotlin/collections/EmptySet
instanceKlass  @bci com/jetbrains/rd/util/threading/ByteBufferAsyncProcessor start ()V 108 <appendix> member <vmtarget> ; # com/jetbrains/rd/util/threading/ByteBufferAsyncProcessor$$Lambda+0x00000000332476a8
instanceKlass  @bci com/jetbrains/rd/util/LoggerKt defaultLogFormat (Ljava/lang/String;Lcom/jetbrains/rd/util/LogLevel;Ljava/lang/Object;Ljava/lang/Throwable;)Ljava/lang/String; 154 <appendix> form vmentry <vmtarget> ; # java/lang/invoke/LambdaForm$MH+0x0000000033248c00
instanceKlass com/intellij/openapi/extensions/LoadingOrder$Companion
instanceKlass com/intellij/openapi/extensions/LoadingOrder
instanceKlass com/intellij/openapi/extensions/ExtensionPointDescriptor
instanceKlass com/intellij/ide/plugins/ParserElementsConversionKt$WhenMappings
instanceKlass com/intellij/openapi/components/ServiceDescriptor
instanceKlass com/intellij/util/messages/ListenerDescriptor
instanceKlass  @bci com/jetbrains/rd/util/threading/ByteBufferAsyncProcessor pause (Ljava/lang/String;)V 136 <appendix> form vmentry <vmtarget> ; # java/lang/invoke/LambdaForm$MH+0x0000000033248400
instanceKlass com/jetbrains/rd/util/ConsoleLoggerFactory$getLogger$1
instanceKlass com/jetbrains/rd/util/SwitchLogger$Pair
instanceKlass com/jetbrains/rd/util/ConsoleLoggerFactory
instanceKlass com/jetbrains/rd/util/Sync
instanceKlass com/jetbrains/rd/util/ILoggerFactory
instanceKlass com/jetbrains/rd/util/Statics$Companion
instanceKlass com/jetbrains/rd/util/Statics
instanceKlass com/jetbrains/rd/util/LoggerFactoryStatic
instanceKlass com/intellij/ide/plugins/ContainerDescriptor
instanceKlass com/intellij/ide/plugins/ParserElementsConversionKt
instanceKlass com/intellij/openapi/util/UserDataHolderBase
instanceKlass com/intellij/openapi/util/UserDataHolderEx
instanceKlass java/util/concurrent/Executors$DefaultThreadFactory
instanceKlass  @bci com/jetbrains/rd/framework/SocketWire$Base <init> (Ljava/lang/String;Lcom/jetbrains/rd/util/lifetime/Lifetime;Lcom/jetbrains/rd/util/reactive/IScheduler;)V 92 <appendix> argL0 ; # com/jetbrains/rd/framework/SocketWire$Base$$Lambda+0x0000000033241220
instanceKlass com/jetbrains/rd/framework/AbstractBuffer
instanceKlass  @bci com/intellij/ide/plugins/IdeaPluginDescriptorImplKt <clinit> ()V 24 <appendix> argL0 ; # com/intellij/ide/plugins/IdeaPluginDescriptorImplKt$$Lambda+0x00000000332406e8
instanceKlass com/jetbrains/rd/util/threading/ByteBufferAsyncProcessor$Chunk$Companion
instanceKlass com/jetbrains/rd/util/threading/ByteBufferAsyncProcessor$Chunk
instanceKlass com/intellij/ide/plugins/IdeaPluginDescriptorImplKt
instanceKlass com/jetbrains/rd/util/threading/ByteBufferAsyncProcessor$Companion
instanceKlass com/intellij/openapi/components/TestMutableComponentManager
instanceKlass com/jetbrains/rd/util/threading/ByteBufferAsyncProcessor
instanceKlass com/intellij/ide/plugins/IdeaPluginDescriptorImpl
instanceKlass com/intellij/ide/plugins/IdeaPluginDescriptor
instanceKlass com/intellij/openapi/extensions/PluginDescriptor
instanceKlass com/jetbrains/rd/util/reactive/OptProperty
instanceKlass com/jetbrains/rd/util/reactive/IOptProperty
instanceKlass com/jetbrains/rd/util/reactive/IOptPropertyView
instanceKlass com/intellij/openapi/components/impl/stores/ComponentStoreOwner
instanceKlass com/intellij/openapi/components/ComponentManagerEx
instanceKlass com/jetbrains/rd/framework/SocketWire
instanceKlass com/intellij/openapi/util/objectTree/ReferenceDelegatingDisposableInternal
instanceKlass com/jetbrains/rd/framework/Protocol$Companion
instanceKlass com/jetbrains/rd/framework/Protocol
instanceKlass com/jetbrains/rd/framework/IProtocol
instanceKlass com/jetbrains/rd/framework/IRdDynamic
instanceKlass com/jetbrains/rd/framework/MessageBroker$Companion
instanceKlass com/jetbrains/rd/framework/MessageBroker
instanceKlass com/jetbrains/rd/util/string/IPrintable
instanceKlass com/intellij/platform/pluginSystem/parser/impl/elements/ActionElement
instanceKlass com/intellij/platform/pluginSystem/parser/impl/XmlReader$WhenMappings
instanceKlass com/intellij/platform/pluginSystem/parser/impl/ScopedElementsContainerImpl
instanceKlass com/intellij/platform/pluginSystem/parser/impl/ScopedElementsContainer
instanceKlass com/intellij/platform/pluginSystem/parser/impl/RawPluginDescriptor
# instanceKlass com/intellij/platform/pluginSystem/parser/impl/PluginDescriptorBuilderImpl$$Lambda+0x0000000033239a20
# instanceKlass com/intellij/platform/pluginSystem/parser/impl/PluginDescriptorBuilderImpl$$Lambda+0x0000000033239798
instanceKlass  @bci com/intellij/platform/pluginSystem/parser/impl/PluginDescriptorBuilderImpl addExtension (Ljava/lang/String;Lcom/intellij/platform/pluginSystem/parser/impl/elements/ExtensionElement;)V 47 <appendix> member <vmtarget> ; # com/intellij/platform/pluginSystem/parser/impl/PluginDescriptorBuilderImpl$$Lambda+0x0000000033239510
instanceKlass com/intellij/platform/pluginSystem/parser/impl/elements/ListenerElement
instanceKlass  @bci java/util/regex/Pattern CIRange (II)Ljava/util/regex/Pattern$CharPredicate; 2 <appendix> member <vmtarget> ; # java/util/regex/Pattern$$Lambda+0x800000045
instanceKlass  @bci com/intellij/platform/pluginSystem/parser/impl/PluginDescriptorBuilderImpl addExtension (Ljava/lang/String;Lcom/intellij/platform/pluginSystem/parser/impl/elements/ExtensionElement;)V 42 <appendix> argL0 ; # com/intellij/platform/pluginSystem/parser/impl/PluginDescriptorBuilderImpl$$Lambda+0x0000000033239060
# instanceKlass com/intellij/platform/pluginSystem/parser/impl/PluginDescriptorBuilderImpl$$Lambda+0x0000000033238e00
instanceKlass com/intellij/platform/pluginSystem/parser/impl/elements/ServiceElement
instanceKlass  @bci java/util/regex/Pattern SingleI (II)Ljava/util/regex/Pattern$BmpCharPredicate; 2 <appendix> member <vmtarget> ; # java/util/regex/Pattern$$Lambda+0x800000044
instanceKlass com/intellij/platform/pluginSystem/parser/impl/elements/ContentModuleElement
instanceKlass java/time/format/Parsed
instanceKlass com/intellij/platform/pluginSystem/parser/impl/elements/ExtensionElement
instanceKlass java/time/format/DateTimeParseContext
instanceKlass com/intellij/platform/pluginSystem/parser/impl/elements/DependenciesElement
instanceKlass com/intellij/platform/pluginSystem/parser/impl/ContentModuleAttributes
instanceKlass  @bci java/time/LocalDate parse (Ljava/lang/CharSequence;Ljava/time/format/DateTimeFormatter;)Ljava/time/LocalDate; 9 <appendix> argL0 ; # java/time/LocalDate$$Lambda+0x00000000331e72d0
instanceKlass it/unimi/dsi/fastutil/objects/ReferenceOpenHashSet$SetIterator
instanceKlass com/intellij/util/messages/MessageBusOwner
instanceKlass kotlin/reflect/jvm/internal/ReflectionFactoryImpl$$Lambda$3
instanceKlass kotlin/reflect/KMutableProperty$Setter
instanceKlass com/intellij/openapi/Disposable$Parent
instanceKlass com/jetbrains/rd/util/TlsBoxed
instanceKlass com/jetbrains/rd/util/reactive/Signal$Companion
instanceKlass com/jetbrains/rd/util/reactive/Signal
instanceKlass it/unimi/dsi/fastutil/Arrays
instanceKlass com/jetbrains/rd/util/reactive/ISignal
instanceKlass it/unimi/dsi/fastutil/objects/ObjectArrays$ArrayHashStrategy
instanceKlass com/jetbrains/rd/util/reactive/Property
instanceKlass com/jetbrains/rd/util/reactive/IProperty
instanceKlass com/jetbrains/rd/util/reactive/IMutablePropertyBase
instanceKlass com/jetbrains/rd/util/reactive/IPropertyView
instanceKlass com/jetbrains/rd/util/reactive/IPropertyBase
instanceKlass com/jetbrains/rd/util/reactive/IViewable
instanceKlass it/unimi/dsi/fastutil/objects/ObjectArrays
instanceKlass com/jetbrains/rd/util/reactive/ISource
instanceKlass  @bci it/unimi/dsi/fastutil/objects/ReferenceOpenHashSet <clinit> ()V 10 <appendix> argL0 ; # it/unimi/dsi/fastutil/objects/ReferenceOpenHashSet$$Lambda+0x0000000033232b18
instanceKlass  @bci it/unimi/dsi/fastutil/objects/ReferenceOpenHashSet <clinit> ()V 5 <appendix> argL0 ; # it/unimi/dsi/fastutil/objects/ReferenceOpenHashSet$$Lambda+0x00000000332328a8
instanceKlass com/intellij/openapi/application/ex/ApplicationEx
instanceKlass com/intellij/util/lang/ImmutableZipEntry
instanceKlass  @bci it/unimi/dsi/fastutil/objects/ReferenceOpenHashSet <clinit> ()V 0 <appendix> argL0 ; # it/unimi/dsi/fastutil/objects/ReferenceOpenHashSet$$Lambda+0x0000000033232648
instanceKlass com/intellij/openapi/application/Application
instanceKlass com/intellij/openapi/components/ComponentManager
instanceKlass com/intellij/openapi/extensions/AreaInstance
instanceKlass com/intellij/openapi/util/UserDataHolder
instanceKlass sun/net/NetHooks
instanceKlass  @bci sun/nio/ch/NioSocketImpl closerFor (Ljava/io/FileDescriptor;)Ljava/lang/Runnable; 1 <appendix> member <vmtarget> ; # sun/nio/ch/NioSocketImpl$$Lambda+0x00000000331e7068
instanceKlass sun/net/PlatformSocketImpl
instanceKlass java/net/SocketImpl
instanceKlass java/net/SocketOptions
instanceKlass java/net/ServerSocket
instanceKlass com/jetbrains/rd/framework/SocketWire$Server$Companion
instanceKlass com/jetbrains/rd/framework/base/WireBase
instanceKlass com/intellij/ide/plugins/PluginDescriptorLoadingContextKt
instanceKlass  @bci it/unimi/dsi/fastutil/objects/ObjectOpenHashSet <clinit> ()V 10 <appendix> argL0 ; # it/unimi/dsi/fastutil/objects/ObjectOpenHashSet$$Lambda+0x000000003322fce0
instanceKlass com/intellij/platform/util/coroutines/CoroutineScopeKt
instanceKlass  @bci it/unimi/dsi/fastutil/objects/ObjectOpenHashSet <clinit> ()V 5 <appendix> argL0 ; # it/unimi/dsi/fastutil/objects/ObjectOpenHashSet$$Lambda+0x000000003322f828
instanceKlass com/intellij/ide/plugins/MixedDirAndJarDataLoader
instanceKlass  @cpi it/unimi/dsi/fastutil/objects/ReferenceOpenHashSet 125 form vmentry <vmtarget> ; # java/lang/invoke/LambdaForm$DMH+0x000000003322b000
instanceKlass com/jetbrains/rider/protocol/DelayedServerWire
instanceKlass com/jetbrains/rd/framework/IWireWithDelayedDelivery
instanceKlass com/jetbrains/rd/framework/IWire
instanceKlass com/intellij/ide/plugins/DiscoveredPluginsList
instanceKlass  @bci it/unimi/dsi/fastutil/objects/ObjectOpenHashSet <clinit> ()V 0 <appendix> argL0 ; # it/unimi/dsi/fastutil/objects/ObjectOpenHashSet$$Lambda+0x000000003322e750
instanceKlass  @bci com/intellij/platform/ide/bootstrap/StartupUtil logEssentialInfoAboutIde (Lcom/intellij/openapi/diagnostic/Logger;Lcom/intellij/openapi/application/ApplicationInfo;Ljava/util/List;)V 437 <adapter> ; # java/lang/invoke/LambdaForm$MH+0x000000003322ac00
instanceKlass it/unimi/dsi/fastutil/objects/ObjectSpliterator
instanceKlass  @bci com/intellij/platform/ide/bootstrap/StartupUtil logEssentialInfoAboutIde (Lcom/intellij/openapi/diagnostic/Logger;Lcom/intellij/openapi/application/ApplicationInfo;Ljava/util/List;)V 437 <appendix> form vmentry <vmtarget> ; # java/lang/invoke/LambdaForm$MH+0x000000003322a800
instanceKlass it/unimi/dsi/fastutil/objects/ObjectIterator
instanceKlass  @bci com/intellij/platform/ide/bootstrap/StartupUtil logEssentialInfoAboutIde (Lcom/intellij/openapi/diagnostic/Logger;Lcom/intellij/openapi/application/ApplicationInfo;Ljava/util/List;)V 437 <appendix> form names 6 function resolvedHandle form vmentry <vmtarget> ; # java/lang/invoke/LambdaForm$DMH+0x000000003322a400
instanceKlass com/intellij/platform/pluginSystem/parser/impl/XmlReader$readContent$1$attrs$1
instanceKlass  @bci com/intellij/platform/ide/bootstrap/StartupUtil logEssentialInfoAboutIde (Lcom/intellij/openapi/diagnostic/Logger;Lcom/intellij/openapi/application/ApplicationInfo;Ljava/util/List;)V 406 <appendix> form vmentry <vmtarget> ; # java/lang/invoke/LambdaForm$MH+0x0000000033229c00
instanceKlass com/intellij/platform/pluginSystem/parser/impl/elements/DependsElement
instanceKlass org/codehaus/stax2/ri/typed/ValueDecoderFactory
instanceKlass com/intellij/platform/pluginSystem/parser/impl/elements/ExtensionPointElement
instanceKlass com/intellij/platform/pluginSystem/parser/impl/XmlReadUtils
instanceKlass kotlin/collections/AbstractList$IteratorImpl
instanceKlass  @bci com/jetbrains/rd/platform/diagnostics/StructuredLoggingKt logMeasuredTime (Lcom/intellij/openapi/diagnostic/Logger;Ljava/lang/String;JLjava/lang/String;)V 27 <adapter> ; # java/lang/invoke/LambdaForm$MH+0x0000000033229400
instanceKlass  @bci com/jetbrains/rd/platform/diagnostics/StructuredLoggingKt logMeasuredTime (Lcom/intellij/openapi/diagnostic/Logger;Ljava/lang/String;JLjava/lang/String;)V 27 <appendix> form vmentry <vmtarget> ; # java/lang/invoke/LambdaForm$MH+0x0000000033229000
# instanceKlass java/lang/invoke/LambdaForm$BMH+0x0000000033228c00
instanceKlass  @bci com/jetbrains/rd/platform/diagnostics/StructuredLoggingKt logMeasuredTime (Lcom/intellij/openapi/diagnostic/Logger;Ljava/lang/String;JLjava/lang/String;)V 27 <appendix> form names 6 function resolvedHandle form vmentry <vmtarget> ; # java/lang/invoke/LambdaForm$DMH+0x0000000033228800
instanceKlass  @bci com/jetbrains/rider/protocol/ReSharperProcessBase$Companion defaultLogFileNameBase (Ljava/lang/ProcessHandle;)Ljava/lang/String; 71 <appendix> form names 5 function resolvedHandle form vmentry <vmtarget> ; # java/lang/invoke/LambdaForm$DMH+0x0000000033228400
instanceKlass com/jetbrains/rider/protocol/EarlyBackendStarter$StubScheduler
instanceKlass com/jetbrains/rd/platform/protocol/SwitchingScheduler
instanceKlass com/jetbrains/rd/platform/protocol/IRdDispatcher
instanceKlass com/jetbrains/rd/util/reactive/ISchedulerWithBackground
instanceKlass com/jetbrains/rd/util/reactive/IScheduler
instanceKlass com/jetbrains/rd/platform/diagnostics/StructuredLoggingKt
instanceKlass com/intellij/platform/pluginSystem/parser/impl/XmlReader
instanceKlass  @bci java/util/stream/Collectors toList ()Ljava/util/stream/Collector; 14 <appendix> argL0 ; # java/util/stream/Collectors$$Lambda+0x00000000331e6de0
instanceKlass  @bci java/util/stream/Collectors toList ()Ljava/util/stream/Collector; 9 <appendix> argL0 ; # java/util/stream/Collectors$$Lambda+0x00000000331e6b70
instanceKlass com/jetbrains/rider/util/StartUpUtilKt
instanceKlass  @bci java/util/stream/Collectors toList ()Ljava/util/stream/Collector; 4 <appendix> argL0 ; # java/util/stream/Collectors$$Lambda+0x00000000331e6910
instanceKlass com/intellij/platform/pluginSystem/parser/impl/PluginXmlStreamConsumerKt
instanceKlass com/intellij/ide/plugins/FileItem
instanceKlass  @bci sun/management/spi/PlatformMBeanProvider$PlatformComponent getMBeans (Ljava/lang/Class;)Ljava/util/List; 63 <appendix> member <vmtarget> ; # sun/management/spi/PlatformMBeanProvider$PlatformComponent$$Lambda+0x00000000331e6688
instanceKlass com/intellij/platform/pluginSystem/parser/impl/ScopedElementsContainerBuilderMemoryOptimized
instanceKlass com/intellij/ide/plugins/PathResolverKt$createXIncludeLoader$1
instanceKlass com/intellij/platform/pluginSystem/parser/impl/ScopedElementsContainerBuilder
instanceKlass  @bci sun/management/spi/PlatformMBeanProvider$PlatformComponent getMBeans (Ljava/lang/Class;)Ljava/util/List; 47 <appendix> member <vmtarget> ; # sun/management/spi/PlatformMBeanProvider$PlatformComponent$$Lambda+0x00000000331e63f0
instanceKlass kotlinx/coroutines/internal/ContextScope
instanceKlass java/util/Collections$2
instanceKlass sun/management/RuntimeImpl
instanceKlass  @bci java/lang/management/ManagementFactory$PlatformMBeanFinder findSingleton (Ljava/lang/Class;)Lsun/management/spi/PlatformMBeanProvider$PlatformComponent; 30 <appendix> member <vmtarget> ; # java/lang/management/ManagementFactory$PlatformMBeanFinder$$Lambda+0x00000000331e5dc8
instanceKlass com/intellij/util/lang/HashMapZipFile
instanceKlass  @bci java/lang/management/ManagementFactory$PlatformMBeanFinder findSingleton (Ljava/lang/Class;)Lsun/management/spi/PlatformMBeanProvider$PlatformComponent; 19 <appendix> member <vmtarget> ; # java/lang/management/ManagementFactory$PlatformMBeanFinder$$Lambda+0x00000000331e5b30
instanceKlass com/intellij/ide/plugins/PathResolverKt
instanceKlass com/intellij/ide/plugins/ImmutableZipFileDataLoader
instanceKlass kotlinx/coroutines/CompletableJob
# instanceKlass com/intellij/platform/ide/bootstrap/ZipFilePoolImpl$$Lambda+0x0000000033223100
instanceKlass java/util/HashMap$HashMapSpliterator
instanceKlass com/intellij/platform/pluginSystem/parser/impl/PluginDescriptorBuilderImpl
instanceKlass com/intellij/platform/pluginSystem/parser/impl/PluginDescriptorBuilder
instanceKlass jdk/management/jfr/internal/FlightRecorderMXBeanProvider$SingleMBeanComponent
instanceKlass jdk/management/jfr/FlightRecorderMXBean
# instanceKlass com/intellij/platform/ide/bootstrap/ZipFilePoolImpl$$Lambda+0x0000000033222798
# instanceKlass com/intellij/platform/ide/bootstrap/ZipFilePoolImpl$$Lambda+0x0000000033222510
instanceKlass  @bci com/intellij/platform/ide/bootstrap/ZipFilePoolImpl load (Ljava/nio/file/Path;)Lcom/intellij/util/lang/ZipFilePool$EntryResolver; 59 <appendix> member <vmtarget> ; # com/intellij/platform/ide/bootstrap/ZipFilePoolImpl$$Lambda+0x0000000033222288
instanceKlass com/intellij/platform/pluginSystem/parser/impl/PluginDescriptorFromXmlStreamConsumer$Companion
# instanceKlass com/intellij/platform/util/PluginKt$$Lambda+0x0000000033221a80
instanceKlass  @bci com/intellij/platform/util/PluginKt putMoreLikelyPluginJarsFirst (Ljava/lang/String;Ljava/util/List;)V 14 <appendix> member <vmtarget> ; # com/intellij/platform/util/PluginKt$$Lambda+0x0000000033221d60
# instanceKlass com/intellij/platform/ide/bootstrap/ZipFilePoolImpl$$Lambda+0x0000000033221818
instanceKlass  @bci com/intellij/platform/ide/bootstrap/ZipFilePoolImpl load (Ljava/nio/file/Path;)Lcom/intellij/util/lang/ZipFilePool$EntryResolver; 54 <appendix> member <vmtarget> ; # com/intellij/platform/ide/bootstrap/ZipFilePoolImpl$$Lambda+0x00000000332215b0
instanceKlass com/intellij/platform/util/PluginKt
instanceKlass com/intellij/platform/pluginSystem/parser/impl/PluginDescriptorFromXmlStreamConsumer
instanceKlass com/intellij/platform/pluginSystem/parser/impl/PluginXmlStreamConsumer
instanceKlass com/intellij/platform/ide/bootstrap/MyEntryResolver
instanceKlass java/util/concurrent/locks/StampedLock$Node
instanceKlass com/intellij/util/lang/ZipFilePool$EntryResolver
instanceKlass com/intellij/util/lang/ZipEntryResolverPool$EntryResolver
instanceKlass kotlinx/coroutines/SupervisorKt
instanceKlass com/jetbrains/rd/util/AtomicReference
instanceKlass com/jetbrains/rd/util/SwitchLogger
instanceKlass java/lang/management/DefaultPlatformMBeanProvider$11
instanceKlass com/jetbrains/rd/util/Logger
instanceKlass kotlin/io/CloseableKt
instanceKlass java/lang/management/DefaultPlatformMBeanProvider$10
instanceKlass com/intellij/ide/plugins/PluginDescriptorLoader$loadCoreProductPlugin$dataLoader$1
instanceKlass java/lang/management/DefaultPlatformMBeanProvider$9
instanceKlass com/intellij/ide/plugins/DataLoader
instanceKlass sun/management/ManagementFactoryHelper$LoggingMXBeanAccess
instanceKlass java/lang/management/DefaultPlatformMBeanProvider$8
instanceKlass  @bci com/intellij/ide/plugins/PluginDescriptorLoader$loadPluginDescriptorsForPathBasedLoader$core$1 invokeSuspend (Ljava/lang/Object;)Ljava/lang/Object; 45 <appendix> argL0 ; # com/intellij/ide/plugins/PluginDescriptorLoader$loadPluginDescriptorsForPathBasedLoader$core$1$$Lambda+0x00000000332194f0
instanceKlass java/lang/management/DefaultPlatformMBeanProvider$7
instanceKlass java/lang/management/DefaultPlatformMBeanProvider$6
instanceKlass java/lang/management/DefaultPlatformMBeanProvider$5
instanceKlass java/lang/management/DefaultPlatformMBeanProvider$4
instanceKlass com/intellij/ide/plugins/PluginXmlPathResolver$Companion
instanceKlass java/lang/management/DefaultPlatformMBeanProvider$3
instanceKlass com/intellij/ide/plugins/ClassPathXmlPathResolver
instanceKlass com/intellij/platform/pluginSystem/parser/impl/XIncludeLoader
instanceKlass java/lang/management/DefaultPlatformMBeanProvider$2
instanceKlass com/jetbrains/rd/util/LoggerKt
instanceKlass com/intellij/ide/plugins/PluginXmlPathResolver
instanceKlass com/intellij/ide/plugins/PathResolver
instanceKlass java/lang/management/DefaultPlatformMBeanProvider$1
instanceKlass com/jetbrains/rd/util/threading/coroutines/RdCoroutineScope$Companion
instanceKlass com/jetbrains/rd/util/threading/coroutines/RdCoroutineScope
instanceKlass com/jetbrains/rd/util/lifetime/LifetimeDefinition$AdditionalFields
instanceKlass com/sun/management/internal/PlatformMBeanProviderImpl$6
instanceKlass com/jetbrains/rd/util/threading/coroutines/LifetimeCoroutineUtilKt
instanceKlass sun/management/VMManagementImpl
instanceKlass sun/management/VMManagement
instanceKlass sun/management/ManagementFactoryHelper
instanceKlass com/jetbrains/rd/framework/util/LifetimeCoroutineUtilKt
instanceKlass sun/management/NotificationEmitterSupport
instanceKlass javax/management/NotificationEmitter
instanceKlass javax/management/NotificationBroadcaster
instanceKlass com/sun/management/DiagnosticCommandMBean
instanceKlass javax/management/DynamicMBean
instanceKlass com/jetbrains/rd/util/reflection/ReflectionUtilKt$threadLocal$1
instanceKlass kotlin/properties/ReadWriteProperty
instanceKlass kotlin/properties/ReadOnlyProperty
instanceKlass com/sun/management/internal/PlatformMBeanProviderImpl$5
instanceKlass com/sun/management/internal/PlatformMBeanProviderImpl$4
instanceKlass jdk/management/VirtualThreadSchedulerMXBean
instanceKlass com/sun/management/internal/PlatformMBeanProviderImpl$3
instanceKlass com/sun/management/internal/PlatformMBeanProviderImpl$2
instanceKlass com/jetbrains/rd/util/reflection/ReflectionUtilKt
instanceKlass  @bci java/util/stream/Collectors castingIdentity ()Ljava/util/function/Function; 0 <appendix> argL0 ; # java/util/stream/Collectors$$Lambda+0x800000054
instanceKlass  @bci java/util/stream/Collectors toSet ()Ljava/util/stream/Collector; 14 <appendix> argL0 ; # java/util/stream/Collectors$$Lambda+0x800000052
instanceKlass  @bci java/util/stream/Collectors toSet ()Ljava/util/stream/Collector; 9 <appendix> argL0 ; # java/util/stream/Collectors$$Lambda+0x80000004a
instanceKlass  @bci java/util/stream/Collectors toSet ()Ljava/util/stream/Collector; 4 <appendix> argL0 ; # java/util/stream/Collectors$$Lambda+0x800000057
instanceKlass kotlin/reflect/jvm/internal/ReflectionFactoryImpl$$Lambda$2
instanceKlass com/sun/management/internal/PlatformMBeanProviderImpl$1
instanceKlass sun/management/spi/PlatformMBeanProvider$PlatformComponent
instanceKlass kotlin/reflect/jvm/internal/LazyKProperty
instanceKlass sun/management/spi/PlatformMBeanProvider
instanceKlass java/lang/management/ManagementFactory$PlatformMBeanFinder
instanceKlass java/lang/management/RuntimeMXBean
instanceKlass java/lang/management/PlatformManagedObject
instanceKlass java/lang/management/ManagementFactory
instanceKlass  @bci com/jetbrains/rider/environment/local/CrossgenRunUtil tryGetProtectedRiderBackendExecutable ()Lcom/jetbrains/rider/environment/local/ProtectedRiderBackendExecutable; 334 <appendix> form vmentry <vmtarget> ; # java/lang/invoke/LambdaForm$MH+0x0000000033218800
instanceKlass java/time/format/DateTimeFormatterBuilder$2
instanceKlass java/time/LocalDate$1
instanceKlass java/time/temporal/TemporalQueries$7
instanceKlass java/time/temporal/TemporalQueries$6
instanceKlass java/time/temporal/TemporalQueries$5
instanceKlass java/time/temporal/TemporalQueries$4
instanceKlass java/time/temporal/TemporalQueries$3
instanceKlass java/time/temporal/TemporalQueries$2
instanceKlass java/time/temporal/TemporalQueries$1
instanceKlass java/time/temporal/TemporalQueries
instanceKlass java/time/format/DateTimePrintContext
instanceKlass com/sun/jna/Native$2
instanceKlass com/sun/jna/Structure$FFIType$FFITypes
instanceKlass com/sun/jna/Native$ffi_callback
instanceKlass com/sun/jna/JNIEnv
instanceKlass com/sun/jna/PointerType
instanceKlass com/sun/jna/NativeMapped
instanceKlass com/sun/jna/WString
instanceKlass com/sun/jna/win32/DLLCallback
instanceKlass com/sun/jna/CallbackProxy
instanceKlass com/sun/jna/Callback
instanceKlass com/sun/jna/Structure$ByValue
instanceKlass  @bci com/intellij/serviceContainer/ComponentManagerImpl debugString (Z)Ljava/lang/String; 25 <appendix> form vmentry <vmtarget> ; # java/lang/invoke/LambdaForm$MH+0x0000000033218400
instanceKlass com/sun/jna/FromNativeConverter
instanceKlass com/sun/jna/ToNativeConverter
instanceKlass com/sun/jna/ToNativeContext
instanceKlass com/sun/jna/Structure
instanceKlass  @bci org/h2/mvstore/RandomAccessStore readStoreHeader (Z)V 263 <appendix> argL0 ; # org/h2/mvstore/RandomAccessStore$$Lambda+0x00000000332154c0
instanceKlass com/sun/jna/Pointer
instanceKlass jdk/internal/loader/NativeLibraries$Unloader
instanceKlass kotlin/reflect/jvm/internal/SystemPropertiesKt
instanceKlass com/jetbrains/rd/util/threading/SpinWait$Companion
instanceKlass com/jetbrains/rd/util/threading/SpinWait
instanceKlass org/h2/mvstore/RootReference
instanceKlass com/jetbrains/rd/util/collections/CountingSet
instanceKlass org/h2/mvstore/Page$PageReference
instanceKlass com/jetbrains/rd/util/lifetime/RLifetimeKt
instanceKlass com/jetbrains/rd/util/lifetime/LifetimeTerminationTimeoutKind$Companion
instanceKlass com/sun/jna/Native$5
instanceKlass com/jetbrains/rd/util/BitHacksKt
instanceKlass com/jetbrains/rd/util/lifetime/LifetimeStatus$Companion
instanceKlass org/h2/mvstore/Page
instanceKlass com/jetbrains/rd/util/BitSliceKt
instanceKlass com/jetbrains/rd/util/BitSlice$Companion
instanceKlass org/h2/mvstore/type/BasicDataType
instanceKlass  @bci com/intellij/ide/plugins/PluginDescriptorLoader loadPluginDescriptorsForPathBasedLoader (Lkotlinx/coroutines/CoroutineScope;Lcom/intellij/ide/plugins/PluginDescriptorLoadingContext;ZZZLjava/lang/ClassLoader;Lcom/intellij/util/lang/ZipEntryResolverPool;Ljava/nio/file/Path;Ljava/nio/file/Path;)Lkotlinx/coroutines/Deferred; 49 <appendix> argL0 ; # com/intellij/ide/plugins/PluginDescriptorLoader$$Lambda+0x0000000033210f48
instanceKlass com/jetbrains/rd/util/BitSlice
instanceKlass com/intellij/ide/plugins/PluginModuleId
instanceKlass com/jetbrains/rd/util/lifetime/LifetimeDefinition$Companion
instanceKlass com/intellij/ide/plugins/ProductLoadingStrategy$Companion
instanceKlass com/intellij/ide/plugins/ProductLoadingStrategy
instanceKlass org/h2/mvstore/MVMap$DecisionMaker
instanceKlass com/intellij/ide/plugins/PluginDescriptorLoadingContext$ReaderContext
instanceKlass com/intellij/platform/pluginSystem/parser/impl/PluginDescriptorReaderContext
instanceKlass com/sun/jna/Platform
instanceKlass  @bci com/intellij/ide/plugins/PluginDescriptorLoadingContext <init> (Lkotlin/jvm/functions/Function0;ZZZ)V 27 <appendix> member <vmtarget> ; # com/intellij/ide/plugins/PluginDescriptorLoadingContext$$Lambda+0x000000003320a000
instanceKlass  @bci com/jetbrains/rd/util/PlatformDependentKt threadLocalWithInitial (Lkotlin/jvm/functions/Function0;)Ljava/lang/ThreadLocal; 7 <appendix> member <vmtarget> ; # com/jetbrains/rd/util/PlatformDependentKt$$Lambda+0x000000003320fd90
instanceKlass com/sun/jna/Native$1
instanceKlass com/jetbrains/rd/util/PlatformDependentKt
instanceKlass com/intellij/ide/plugins/MyXmlInterner
instanceKlass sun/nio/ch/FileKey
instanceKlass sun/nio/ch/FileLockTable
instanceKlass java/nio/channels/FileLock
instanceKlass com/jetbrains/rd/util/lifetime/Lifetime$Companion
instanceKlass org/h2/util/MathUtils
instanceKlass com/sun/jna/FromNativeContext
instanceKlass  @bci com/intellij/ide/plugins/PluginDescriptorLoadingContext <init> (Lkotlin/jvm/functions/Function0;ZZZILkotlin/jvm/internal/DefaultConstructorMarker;)V 7 <appendix> argL0 ; # com/intellij/ide/plugins/PluginDescriptorLoadingContext$$Lambda+0x000000003320e160
instanceKlass com/jetbrains/rd/util/lifetime/Lifetime
instanceKlass org/h2/engine/SysProperties
instanceKlass java/util/concurrent/CompletableFuture$AsynchronousCompletionTask
instanceKlass com/intellij/ide/plugins/PluginDescriptorLoadingContext
instanceKlass java/util/concurrent/CompletableFuture$AltResult
instanceKlass  @bci com/jetbrains/rider/environment/local/RiderLocalEnvironment z ()Ljava/io/File; 123 <adapter> ; # java/lang/invoke/LambdaForm$MH+0x0000000033209000
instanceKlass java/util/concurrent/CompletableFuture
instanceKlass java/util/concurrent/CompletionStage
instanceKlass com/sun/jna/Callback$UncaughtExceptionHandler
instanceKlass com/jetbrains/rider/protocol/EarlyBackendStarter$EbsPreparedThings
instanceKlass com/sun/jna/Native
instanceKlass com/sun/jna/Version
instanceKlass  @bci com/jetbrains/rider/environment/local/RiderLocalEnvironment z ()Ljava/io/File; 123 <appendix> form vmentry <vmtarget> ; # java/lang/invoke/LambdaForm$MH+0x0000000033208c00
instanceKlass com/jetbrains/rider/protocol/EarlyBackendStarter$Companion
instanceKlass org/h2/util/IOUtils
instanceKlass  @bci com/jetbrains/rider/environment/local/RiderLocalEnvironment z ()Ljava/io/File; 123 <appendix> form names 6 function resolvedHandle form vmentry <vmtarget> ; # java/lang/invoke/LambdaForm$DMH+0x0000000033208800
# instanceKlass java/lang/invoke/LambdaForm$MH+0x0000000033208400
instanceKlass com/jetbrains/rider/protocol/EarlyBackendStarter
instanceKlass com/intellij/jna/JnaLoader
instanceKlass org/h2/store/fs/FileUtils
instanceKlass  @bci com/intellij/ide/plugins/ProductPluginInitContext <init> (Lcom/intellij/openapi/util/BuildNumber;Ljava/util/Set;Ljava/util/Set;Ljava/util/Map;)V 102 <appendix> member <vmtarget> ; # com/intellij/ide/plugins/ProductPluginInitContext$$Lambda+0x00000000332014c0
instanceKlass  @bci com/intellij/platform/ide/bootstrap/OutputStreamLogger <init> (Ljava/lang/String;Ljava/io/PrintStream;)V 25 <appendix> argL0 ; # com/intellij/platform/ide/bootstrap/OutputStreamLogger$$Lambda+0x0000000033201260
instanceKlass  @bci com/intellij/ide/plugins/ProductPluginInitContext <init> (Lcom/intellij/openapi/util/BuildNumber;Ljava/util/Set;Ljava/util/Set;Ljava/util/Map;)V 89 <appendix> argL0 ; # com/intellij/ide/plugins/ProductPluginInitContext$$Lambda+0x0000000033201000
instanceKlass  @bci com/intellij/platform/ide/bootstrap/OutputStreamLogger <clinit> ()V 0 <appendix> argL0 ; # com/intellij/platform/ide/bootstrap/OutputStreamLogger$$Lambda+0x0000000033203c00
instanceKlass com/intellij/ide/plugins/PluginsPerProjectConfig
instanceKlass  @bci com/intellij/ide/plugins/ProductPluginInitContext <init> (Lcom/intellij/openapi/util/BuildNumber;Ljava/util/Set;Ljava/util/Set;Ljava/util/Map;)V 77 <appendix> argL0 ; # com/intellij/ide/plugins/ProductPluginInitContext$$Lambda+0x0000000033203758
instanceKlass  @bci com/intellij/ide/plugins/ProductPluginInitContext <init> (Lcom/intellij/openapi/util/BuildNumber;Ljava/util/Set;Ljava/util/Set;Ljava/util/Map;)V 65 <appendix> member <vmtarget> ; # com/intellij/ide/plugins/ProductPluginInitContext$$Lambda+0x0000000033202fd8
instanceKlass  @bci com/intellij/ide/plugins/ProductPluginInitContext <init> (Lcom/intellij/openapi/util/BuildNumber;Ljava/util/Set;Ljava/util/Set;Ljava/util/Map;)V 52 <appendix> member <vmtarget> ; # com/intellij/ide/plugins/ProductPluginInitContext$$Lambda+0x0000000033202d70
instanceKlass  @bci com/intellij/ide/plugins/ProductPluginInitContext <init> (Lcom/intellij/openapi/util/BuildNumber;Ljava/util/Set;Ljava/util/Set;Ljava/util/Map;)V 39 <appendix> member <vmtarget> ; # com/intellij/ide/plugins/ProductPluginInitContext$$Lambda+0x0000000033202b08
instanceKlass  @bci com/intellij/ide/plugins/ProductPluginInitContext <init> (Lcom/intellij/openapi/util/BuildNumber;Ljava/util/Set;Ljava/util/Set;Ljava/util/Map;)V 26 <appendix> argL0 ; # com/intellij/ide/plugins/ProductPluginInitContext$$Lambda+0x00000000332024b0
instanceKlass  @bci com/intellij/platform/ide/bootstrap/StartupUtil$setupLogger$1$1 invokeSuspend (Ljava/lang/Object;)Ljava/lang/Object; 78 <appendix> member <vmtarget> ; # com/intellij/platform/ide/bootstrap/StartupUtil$setupLogger$1$1$$Lambda+0x0000000033202248
instanceKlass com/intellij/ide/plugins/ProductPluginInitContext$Companion
instanceKlass sun/nio/fs/WindowsSecurity
instanceKlass sun/nio/fs/AbstractAclFileAttributeView
instanceKlass java/nio/file/attribute/AclFileAttributeView
instanceKlass java/nio/file/attribute/FileOwnerAttributeView
instanceKlass kotlinx/coroutines/internal/LimitedDispatcher$Worker
instanceKlass com/intellij/ide/plugins/ProductPluginInitContext
instanceKlass com/intellij/ide/plugins/PluginInitializationContext
instanceKlass com/intellij/openapi/diagnostic/AsyncLog
instanceKlass com/intellij/openapi/diagnostic/AsyncLogKt
instanceKlass com/intellij/openapi/diagnostic/LogEvent
instanceKlass com/intellij/openapi/diagnostic/LogQueueItem
instanceKlass  @bci com/intellij/idea/IdeaLogger <clinit> ()V 20 <appendix> argL0 ; # com/intellij/idea/IdeaLogger$$Lambda+0x00000000332066f0
instanceKlass com/intellij/util/io/pagecache/impl/Throttler
instanceKlass com/intellij/ide/plugins/PluginDescriptorLoader
instanceKlass org/h2/store/fs/FilePath
instanceKlass  @bci com/intellij/idea/LoggerFactory <init> ()V 110 <appendix> argL0 ; # com/intellij/idea/LoggerFactory$$Lambda+0x00000000332049d0
instanceKlass org/h2/util/Utils
instanceKlass  @bci com/intellij/openapi/diagnostic/JulLogger delayCleanerUntilIdeShutdownActivitiesFinished ()Z 100 <appendix> member <vmtarget> ; # com/intellij/openapi/diagnostic/JulLogger$$Lambda+0x0000000033204520
instanceKlass  @bci com/intellij/ide/plugins/PluginManagerCore <clinit> ()V 112 <appendix> argL0 ; # com/intellij/ide/plugins/PluginManagerCore$$Lambda+0x00000000332042c0
instanceKlass org/h2/mvstore/FreeSpaceBitSet
instanceKlass com/intellij/ide/plugins/PluginManagerCore$PluginsMutableState
# instanceKlass java/lang/invoke/LambdaForm$MH+0x0000000033200000
instanceKlass org/h2/mvstore/cache/CacheLongKeyLIRS$Entry
instanceKlass org/h2/mvstore/cache/CacheLongKeyLIRS$Segment
instanceKlass org/h2/mvstore/cache/CacheLongKeyLIRS
instanceKlass org/h2/mvstore/cache/CacheLongKeyLIRS$Config
instanceKlass com/intellij/ide/plugins/PluginManagerCore
instanceKlass org/h2/mvstore/Chunk
instanceKlass com/intellij/idea/LoggerFactory
instanceKlass org/h2/mvstore/DataUtils
instanceKlass com/intellij/openapi/application/PluginAutoUpdater$PluginAutoUpdateStatistics
instanceKlass org/h2/mvstore/MVStore$TxCounter
instanceKlass org/h2/compress/Compressor
instanceKlass org/h2/mvstore/type/DataType
instanceKlass org/h2/mvstore/MVMap$MapBuilder
instanceKlass kotlinx/serialization/json/internal/CreateMapForCacheKt
instanceKlass org/h2/mvstore/FileStore
instanceKlass kotlinx/serialization/json/internal/DescriptorSchemaCache
instanceKlass kotlinx/serialization/modules/SerializersModule
instanceKlass org/h2/mvstore/MVStore
instanceKlass kotlinx/serialization/modules/SerializersModuleKt
instanceKlass org/h2/mvstore/MVStore$Builder
instanceKlass kotlinx/serialization/modules/SerializersModuleBuildersKt
instanceKlass com/intellij/util/io/mvstore/StoreErrorHandler
instanceKlass com/intellij/util/io/mvstore/MvStoreHelperKt
instanceKlass com/intellij/openapi/diagnostic/LoggerKt
instanceKlass kotlinx/serialization/json/JsonConfiguration
instanceKlass kotlinx/serialization/json/Json
instanceKlass kotlinx/serialization/StringFormat
instanceKlass kotlinx/serialization/SerialFormat
instanceKlass kotlinx/coroutines/internal/ThreadSafeHeap
instanceKlass kotlinx/serialization/json/JsonKt
instanceKlass kotlinx/coroutines/EventLoopImplBase$DelayedTask
instanceKlass kotlinx/coroutines/internal/ThreadSafeHeapNode
instanceKlass  @bci com/intellij/openapi/application/PluginAutoUpdateRepository <clinit> ()V 11 <appendix> argL0 ; # com/intellij/openapi/application/PluginAutoUpdateRepository$$Lambda+0x00000000331b78e0
instanceKlass kotlinx/coroutines/TimeoutKt
instanceKlass kotlinx/serialization/json/JsonBuilder
instanceKlass com/intellij/openapi/application/PluginAutoUpdateRepository
instanceKlass java/awt/image/Raster
instanceKlass java/awt/image/DataBuffer$1
instanceKlass sun/awt/image/SunWritableRaster$DataStealer
instanceKlass java/awt/image/DataBuffer
instanceKlass com/intellij/openapi/application/PluginAutoUpdater
instanceKlass com/intellij/ui/svg/SvgCacheManagerKt
instanceKlass com/intellij/ui/svg/SvgCacheManager$Companion
instanceKlass com/intellij/ui/svg/SvgCacheManager
instanceKlass  @bci com/intellij/platform/ide/bootstrap/StartupUtil lockSystemDirs (Ljava/util/List;)V 56 <appendix> member <vmtarget> ; # com/intellij/platform/ide/bootstrap/StartupUtil$$Lambda+0x00000000331b4c08
instanceKlass  @bci com/intellij/openapi/util/ShutDownTracker <init> ()V 37 <appendix> member <vmtarget> ; # com/intellij/openapi/util/ShutDownTracker$$Lambda+0x00000000331b49a0
instanceKlass com/intellij/openapi/util/ShutDownTracker$ShutDownTrackerHolder
instanceKlass com/intellij/openapi/util/ShutDownTracker
instanceKlass  @bci com/intellij/platform/ide/bootstrap/DirectoryLock tryListen ()Lcom/intellij/ide/CliResult; 274 <appendix> member <vmtarget> ; # com/intellij/platform/ide/bootstrap/DirectoryLock$$Lambda+0x00000000331b4000
instanceKlass java/util/stream/Sink$ChainedInt
instanceKlass java/util/stream/Sink$OfInt
instanceKlass java/util/function/IntConsumer
instanceKlass  @bci com/intellij/platform/ide/bootstrap/DirectoryLock lockOrActivate (Ljava/nio/file/Path;Ljava/util/List;)Lcom/intellij/ide/CliResult; 384 <appendix> member <vmtarget> ; # com/intellij/platform/ide/bootstrap/DirectoryLock$$Lambda+0x00000000331afcd0
instanceKlass  @cpi com/intellij/platform/ide/bootstrap/DirectoryLock 1004 form vmentry <vmtarget> ; # java/lang/invoke/LambdaForm$DMH+0x00000000331b0000
instanceKlass  @bci java/lang/ProcessHandleImpl children (J)Ljava/util/stream/Stream; 55 <appendix> member <vmtarget> ; # java/lang/ProcessHandleImpl$$Lambda+0x00000000331dca00
instanceKlass java/util/stream/Streams$RangeIntSpliterator
instanceKlass java/util/Spliterator$OfInt
instanceKlass java/util/Spliterator$OfPrimitive
instanceKlass java/util/stream/IntStream
instanceKlass com/jetbrains/rhizomedb/EAVa
instanceKlass kotlin/sequences/FilteringSequence$iterator$1
instanceKlass kotlin/jvm/internal/ArrayIterator
instanceKlass kotlin/jvm/internal/ArrayIteratorKt
instanceKlass kotlin/sequences/FlatteningSequence$iterator$1
instanceKlass  @bci kotlin/sequences/SequencesKt__SequencesKt flatten$SequencesKt__SequencesKt (Lkotlin/sequences/Sequence;Lkotlin/jvm/functions/Function1;)Lkotlin/sequences/Sequence; 21 <appendix> argL0 ; # kotlin/sequences/SequencesKt__SequencesKt$$Lambda+0x00000000331aebb8
instanceKlass kotlin/sequences/FlatteningSequence
instanceKlass  @bci kotlin/sequences/SequencesKt__SequencesKt flatten (Lkotlin/sequences/Sequence;)Lkotlin/sequences/Sequence; 7 <appendix> argL0 ; # kotlin/sequences/SequencesKt__SequencesKt$$Lambda+0x00000000331ae6f0
instanceKlass kotlin/collections/ArraysKt___ArraysKt$asSequence$$inlined$Sequence$1
instanceKlass kotlin/sequences/FilteringSequence
instanceKlass kotlin/collections/CollectionsKt___CollectionsKt$asSequence$$inlined$Sequence$1
instanceKlass com/jetbrains/rhizomedb/Novelty$retractions$1$WhenMappings
instanceKlass com/jetbrains/rhizomedb/EAV
instanceKlass com/jetbrains/rhizomedb/Novelty$assertions$1$WhenMappings
instanceKlass kotlin/sequences/TransformingSequence$iterator$1
instanceKlass kotlin/sequences/TransformingSequence
instanceKlass kotlin/sequences/SequencesKt__SequenceBuilderKt$sequence$$inlined$Sequence$1
instanceKlass kotlin/sequences/Sequence
instanceKlass  @bci fleet/kernel/rete/impl/Propagation <init> ()V 42 <appendix> argL0 ; # fleet/kernel/rete/impl/Propagation$$Lambda+0x00000000331ab510
instanceKlass fleet/kernel/rete/impl/Node
instanceKlass fleet/kernel/rete/impl/Propagation
instanceKlass kotlinx/coroutines/channels/ReceiveCatching
instanceKlass kotlinx/coroutines/selects/SelectClause2Impl
instanceKlass kotlinx/coroutines/selects/SelectClause2
instanceKlass kotlinx/coroutines/channels/BufferedChannel$BufferedChannelIterator
instanceKlass kotlinx/coroutines/channels/ChannelIterator
instanceKlass kotlinx/coroutines/flow/ThrowingCollector
instanceKlass kotlinx/coroutines/flow/FlowKt__EmittersKt
instanceKlass kotlinx/coroutines/flow/internal/SendingCollector
instanceKlass com/intellij/platform/ide/bootstrap/kernel/KernelStarted
instanceKlass kotlinx/coroutines/DelayKt
instanceKlass com/intellij/platform/kernel/util/KernelUtilsKt
instanceKlass kotlinx/collections/immutable/implementations/immutableList/AbstractListIterator
instanceKlass kotlinx/collections/immutable/internal/ListImplementation
instanceKlass kotlinx/collections/immutable/implementations/immutableList/SmallPersistentVector$Companion
instanceKlass kotlinx/collections/immutable/PersistentList
instanceKlass kotlinx/collections/immutable/ImmutableList
instanceKlass kotlinx/collections/immutable/implementations/immutableList/UtilsKt
instanceKlass fleet/tracing/runtime/SpanStatus
instanceKlass fleet/kernel/rete/impl/PosponedVarsKt$postponedVars$1
instanceKlass fleet/kernel/rete/impl/PosponedVars
instanceKlass fleet/kernel/rete/impl/PosponedVarsKt$postponedVars$$inlined$compareBy$1
instanceKlass fleet/util/PriorityQueue
instanceKlass fleet/kernel/rete/impl/PosponedVarsKt
instanceKlass fleet/fastutil/longs/Long2ObjectOpenHashMap
instanceKlass fleet/fastutil/longs/MutableLongMap
instanceKlass fleet/fastutil/longs/LongMap
instanceKlass fleet/kernel/rete/impl/PatternIndex
instanceKlass fleet/kernel/rete/impl/SubscriptionsIndex
instanceKlass fleet/kernel/rete/impl/ReteNetworkImpl
instanceKlass fleet/kernel/rete/ReteNetwork$Companion
instanceKlass fleet/kernel/rete/ReteNetwork
instanceKlass kotlinx/coroutines/channels/ProducerScope
instanceKlass kotlinx/coroutines/channels/Channel$Factory
instanceKlass kotlinx/coroutines/channels/ProduceKt
instanceKlass kotlinx/coroutines/flow/internal/ChannelFlowKt
instanceKlass fleet/util/async/FlowExtKt
instanceKlass kotlinx/coroutines/flow/internal/ChannelFlow
instanceKlass kotlinx/coroutines/flow/FlowKt__ChannelsKt
# instanceKlass java/lang/invoke/LambdaForm$MH+0x000000003319bc00
# instanceKlass java/lang/invoke/LambdaForm$MH+0x000000003319b800
# instanceKlass java/lang/invoke/LambdaForm$MH+0x000000003319b400
# instanceKlass java/lang/invoke/LambdaForm$MH+0x000000003319b000
# instanceKlass java/lang/invoke/LambdaForm$MH+0x000000003319ac00
# instanceKlass java/lang/invoke/LambdaForm$MH+0x000000003319a800
# instanceKlass java/lang/invoke/LambdaForm$MH+0x000000003319a400
instanceKlass  @cpi com/intellij/execution/process/BaseOSProcessHandler$1 100 form vmentry <vmtarget> ; # java/lang/invoke/LambdaForm$DMH+0x000000003319a000
# instanceKlass java/lang/invoke/LambdaForm$MH+0x0000000033199c00
# instanceKlass java/lang/invoke/LambdaForm$MH+0x0000000033199800
instanceKlass java/text/DateFormatSymbols
instanceKlass java/time/LocalTime$1
instanceKlass java/time/ZonedDateTime$1
instanceKlass sun/util/calendar/Era
instanceKlass sun/util/calendar/CalendarUtils
instanceKlass sun/util/calendar/CalendarDate
instanceKlass sun/util/resources/Bundles$CacheKeyReference
instanceKlass  @bci sun/util/cldr/CLDRLocaleProviderAdapter applyAliases (Ljava/util/Locale;)Ljava/util/Locale; 4 <appendix> argL0 ; # sun/util/cldr/CLDRLocaleProviderAdapter$$Lambda+0x800000094
instanceKlass sun/util/resources/Bundles$CacheKey
instanceKlass sun/util/resources/Bundles
instanceKlass sun/util/resources/LocaleData$LocaleDataStrategy
instanceKlass sun/util/resources/Bundles$Strategy
instanceKlass sun/util/resources/LocaleData
instanceKlass javax/swing/text/StyleContext$SmallAttributeSet
instanceKlass javax/swing/SwingUtilities
instanceKlass javax/swing/SwingConstants
instanceKlass javax/swing/text/StyleContext$NamedStyle
instanceKlass javax/swing/text/Style
instanceKlass javax/swing/text/SimpleAttributeSet$EmptyAttributeSet
instanceKlass javax/swing/text/SimpleAttributeSet
instanceKlass javax/swing/text/MutableAttributeSet
instanceKlass javax/swing/text/AttributeSet
instanceKlass javax/swing/text/StyleContext$FontKey
instanceKlass javax/swing/text/AttributeSet$ParagraphAttribute
instanceKlass javax/swing/text/AttributeSet$ColorAttribute
instanceKlass javax/swing/text/AttributeSet$FontAttribute
instanceKlass javax/swing/text/AttributeSet$CharacterAttribute
instanceKlass javax/swing/text/StyleConstants
instanceKlass javax/swing/text/StyleContext
instanceKlass javax/swing/text/AbstractDocument$AttributeContext
instanceKlass  @bci com/intellij/ide/ui/laf/IdeaLaf initComponentDefaults (Ljavax/swing/UIDefaults;)V 27 <appendix> member <vmtarget> ; # com/intellij/ide/ui/laf/IdeaLaf$$Lambda+0x000000003319def8
instanceKlass  @bci com/intellij/ide/ui/laf/IdeaLafKt initIdeaDefaults (Ljavax/swing/UIDefaults;)V 369 <appendix> argL0 ; # com/intellij/ide/ui/laf/IdeaLafKt$$Lambda+0x000000003319dc98
instanceKlass  @bci com/intellij/ide/ui/laf/IdeaLafKt initIdeaDefaults (Ljavax/swing/UIDefaults;)V 357 <appendix> argL0 ; # com/intellij/ide/ui/laf/IdeaLafKt$$Lambda+0x000000003319da38
instanceKlass  @bci com/intellij/ide/ui/laf/IdeaLafKt initIdeaDefaults (Ljavax/swing/UIDefaults;)V 345 <appendix> argL0 ; # com/intellij/ide/ui/laf/IdeaLafKt$$Lambda+0x000000003319d7d8
instanceKlass  @bci com/intellij/ide/ui/laf/IdeaLafKt initIdeaDefaults (Ljavax/swing/UIDefaults;)V 333 <appendix> argL0 ; # com/intellij/ide/ui/laf/IdeaLafKt$$Lambda+0x000000003319d578
instanceKlass  @bci com/intellij/ide/ui/laf/IdeaLafKt initIdeaDefaults (Ljavax/swing/UIDefaults;)V 321 <appendix> argL0 ; # com/intellij/ide/ui/laf/IdeaLafKt$$Lambda+0x000000003319d318
instanceKlass  @bci com/intellij/ide/ui/laf/IdeaLafKt initIdeaDefaults (Ljavax/swing/UIDefaults;)V 309 <appendix> argL0 ; # com/intellij/ide/ui/laf/IdeaLafKt$$Lambda+0x000000003319d0b8
instanceKlass  @bci com/intellij/ide/ui/laf/IdeaLafKt initIdeaDefaults (Ljavax/swing/UIDefaults;)V 297 <appendix> argL0 ; # com/intellij/ide/ui/laf/IdeaLafKt$$Lambda+0x000000003319ce58
instanceKlass  @bci com/intellij/ide/ui/laf/IdeaLafKt initIdeaDefaults (Ljavax/swing/UIDefaults;)V 285 <appendix> argL0 ; # com/intellij/ide/ui/laf/IdeaLafKt$$Lambda+0x000000003319cbf8
instanceKlass  @bci com/intellij/ide/ui/laf/IdeaLafKt initIdeaDefaults (Ljavax/swing/UIDefaults;)V 273 <appendix> argL0 ; # com/intellij/ide/ui/laf/IdeaLafKt$$Lambda+0x000000003319c998
instanceKlass com/intellij/ui/ColoredSideBorder
instanceKlass  @bci com/intellij/ide/ui/laf/IdeaLafKt initIdeaDefaults (Ljavax/swing/UIDefaults;)V 185 <appendix> argL0 ; # com/intellij/ide/ui/laf/IdeaLafKt$$Lambda+0x000000003319c4c0
instanceKlass  @bci com/intellij/ide/ui/laf/IdeaLafKt initIdeaDefaults (Ljavax/swing/UIDefaults;)V 173 <appendix> argL0 ; # com/intellij/ide/ui/laf/IdeaLafKt$$Lambda+0x000000003319c260
instanceKlass  @bci com/intellij/ide/ui/laf/IdeaLafKt initIdeaDefaults (Ljavax/swing/UIDefaults;)V 161 <appendix> argL0 ; # com/intellij/ide/ui/laf/IdeaLafKt$$Lambda+0x000000003319c000
instanceKlass  @bci com/intellij/ide/ui/laf/IdeaLafKt initIdeaDefaults (Ljavax/swing/UIDefaults;)V 149 <appendix> argL0 ; # com/intellij/ide/ui/laf/IdeaLafKt$$Lambda+0x0000000033193ca8
instanceKlass  @bci com/intellij/ide/ui/laf/IdeaLafKt initIdeaDefaults (Ljavax/swing/UIDefaults;)V 137 <appendix> argL0 ; # com/intellij/ide/ui/laf/IdeaLafKt$$Lambda+0x0000000033193a48
instanceKlass  @bci com/intellij/ide/ui/laf/IdeaLafKt initIdeaDefaults (Ljavax/swing/UIDefaults;)V 125 <appendix> argL0 ; # com/intellij/ide/ui/laf/IdeaLafKt$$Lambda+0x00000000331937e8
instanceKlass  @bci com/intellij/ide/ui/laf/IdeaLafKt initIdeaDefaults (Ljavax/swing/UIDefaults;)V 113 <appendix> argL0 ; # com/intellij/ide/ui/laf/IdeaLafKt$$Lambda+0x0000000033193588
instanceKlass java/util/stream/AbstractSpinedBuffer
instanceKlass  @bci sun/util/locale/provider/LocaleProviderAdapter toLocaleArray (Ljava/util/Set;)[Ljava/util/Locale; 21 <appendix> argL0 ; # sun/util/locale/provider/LocaleProviderAdapter$$Lambda+0x800000097
instanceKlass  @bci com/intellij/ide/ui/laf/IdeaLafKt initIdeaDefaults (Ljavax/swing/UIDefaults;)V 101 <appendix> argL0 ; # com/intellij/ide/ui/laf/IdeaLafKt$$Lambda+0x0000000033193328
instanceKlass java/util/stream/DistinctOps
instanceKlass  @bci sun/util/locale/provider/LocaleProviderAdapter toLocaleArray (Ljava/util/Set;)[Ljava/util/Locale; 6 <appendix> argL0 ; # sun/util/locale/provider/LocaleProviderAdapter$$Lambda+0x800000095
instanceKlass java/util/Spliterators$IteratorSpliterator
instanceKlass  @bci com/intellij/ide/ui/laf/IdeaLafKt initIdeaDefaults (Ljavax/swing/UIDefaults;)V 89 <appendix> argL0 ; # com/intellij/ide/ui/laf/IdeaLafKt$$Lambda+0x00000000331930c8
instanceKlass com/intellij/ide/ui/laf/IdeaLafKt
instanceKlass sun/util/locale/provider/AvailableLanguageTags
instanceKlass sun/util/resources/cldr/provider/CLDRLocaleDataMetaInfo
instanceKlass sun/util/locale/StringTokenIterator
instanceKlass java/text/ParsePosition
instanceKlass sun/util/cldr/CLDRBaseLocaleDataMetaInfo
instanceKlass sun/util/locale/provider/LocaleDataMetaInfo
instanceKlass sun/util/locale/provider/ResourceBundleBasedAdapter
instanceKlass sun/util/locale/provider/LocaleProviderAdapter
instanceKlass sun/util/locale/provider/CalendarDataUtility$CalendarWeekParameterGetter
instanceKlass sun/util/locale/provider/LocaleServiceProviderPool$LocalizedObjectGetter
instanceKlass sun/util/locale/provider/LocaleServiceProviderPool
instanceKlass java/util/spi/LocaleServiceProvider
instanceKlass sun/util/locale/InternalLocaleBuilder$CaseInsensitiveChar
instanceKlass sun/util/locale/InternalLocaleBuilder
instanceKlass java/util/Locale$Builder
instanceKlass sun/util/locale/provider/CalendarDataUtility
instanceKlass javax/swing/ArrayTable
instanceKlass com/intellij/ide/g/d/z1
instanceKlass  @bci jdk/internal/reflect/MethodHandleIntegerFieldAccessorImpl getInt (Ljava/lang/Object;)I 11 <adapter> ; # java/lang/invoke/LambdaForm$MH+0x0000000033199400
instanceKlass java/awt/event/KeyEvent$1
instanceKlass sun/awt/AWTAccessor$KeyEventAccessor
instanceKlass  @bci com/intellij/openapi/util/BuildNumber <clinit> ()V 4 <appendix> argL0 ; # com/intellij/openapi/util/BuildNumber$$Lambda+0x00000000331921a8
instanceKlass com/intellij/openapi/util/BuildNumber
instanceKlass java/awt/VKCollection
# instanceKlass java/lang/invoke/LambdaForm$MH+0x0000000033199000
# instanceKlass java/lang/invoke/LambdaForm$MH+0x0000000033198c00
instanceKlass javax/swing/KeyStroke$1
instanceKlass sun/swing/SwingAccessor$KeyStrokeAccessor
instanceKlass java/awt/AWTKeyStroke
instanceKlass javax/swing/InputMap
instanceKlass java/util/EventListenerProxy
instanceKlass java/util/IdentityHashMap$IdentityHashMapIterator
instanceKlass java/awt/Toolkit$DesktopPropertyChangeSupport$1
instanceKlass jdk/internal/reflect/FieldAccessorImpl
# instanceKlass java/lang/invoke/LambdaForm$MH+0x0000000033198800
# instanceKlass java/lang/invoke/LambdaForm$MH+0x0000000033198400
instanceKlass sun/awt/windows/WDesktopProperties$WinPlaySound
instanceKlass jdk/internal/vm/annotation/ForceInline
instanceKlass  @bci jdk/internal/reflect/DirectMethodHandleAccessor invokeImpl (Ljava/lang/Object;[Ljava/lang/Object;Ljava/lang/Class;)Ljava/lang/Object; 136 <adapter> ; # java/lang/invoke/LambdaForm$MH+0x0000000033198000
# instanceKlass com/intellij/ide/g/k$$InjectedInvoker+0x0000000033197c00
instanceKlass java/lang/invoke/MethodHandleImpl$BindCaller$InjectedInvokerHolder
instanceKlass  @bci java/lang/invoke/MethodHandleImpl$BindCaller lambda$generateInvokerTemplate$0 (Ljava/lang/classfile/ClassBuilder;)V 77 <appendix> argL0 ; # java/lang/invoke/MethodHandleImpl$BindCaller$$Lambda+0x800000017
instanceKlass  @bci java/lang/invoke/MethodHandleImpl$BindCaller lambda$generateInvokerTemplate$0 (Ljava/lang/classfile/ClassBuilder;)V 34 <appendix> argL0 ; # java/lang/invoke/MethodHandleImpl$BindCaller$$Lambda+0x800000016
instanceKlass  @bci java/lang/invoke/MethodHandleImpl$BindCaller generateInvokerTemplate ()[B 9 <appendix> argL0 ; # java/lang/invoke/MethodHandleImpl$BindCaller$$Lambda+0x800000015
instanceKlass java/lang/invoke/MethodHandleImpl$BindCaller
# instanceKlass java/lang/invoke/LambdaForm$MH+0x0000000033197800
instanceKlass java/util/concurrent/locks/ReentrantReadWriteLock$WriteLock
instanceKlass java/util/concurrent/locks/ReentrantReadWriteLock$ReadLock
instanceKlass java/util/concurrent/locks/ReentrantReadWriteLock
instanceKlass java/util/concurrent/locks/ReadWriteLock
# instanceKlass java/lang/invoke/LambdaForm$MH+0x0000000033197400
# instanceKlass java/lang/invoke/LambdaForm$MH+0x0000000033197000
# instanceKlass java/lang/invoke/LambdaForm$MH+0x0000000033196c00
# instanceKlass java/lang/invoke/LambdaForm$BMH+0x0000000033196800
instanceKlass sun/awt/windows/ThemeReader
# instanceKlass java/lang/invoke/LambdaForm$DMH+0x0000000033196400
instanceKlass sun/awt/windows/WDesktopProperties
instanceKlass  @bci javax/swing/plaf/metal/MetalLookAndFeel initComponentDefaults (Ljavax/swing/UIDefaults;)V 12018 <appendix> argL0 ; # javax/swing/plaf/metal/MetalLookAndFeel$$Lambda+0x00000000331d4a68
instanceKlass  @bci javax/swing/plaf/metal/MetalLookAndFeel initComponentDefaults (Ljavax/swing/UIDefaults;)V 11955 <appendix> argL0 ; # javax/swing/plaf/metal/MetalLookAndFeel$$Lambda+0x00000000331d4808
instanceKlass jdk/internal/classfile/impl/StackMapDecoder$1
instanceKlass jdk/internal/classfile/impl/StackMapDecoder
instanceKlass  @bci javax/swing/plaf/metal/MetalLookAndFeel initComponentDefaults (Ljavax/swing/UIDefaults;)V 11907 <appendix> argL0 ; # javax/swing/plaf/metal/MetalLookAndFeel$$Lambda+0x00000000331d4370
instanceKlass  @bci javax/swing/plaf/metal/MetalLookAndFeel initComponentDefaults (Ljavax/swing/UIDefaults;)V 11758 <appendix> argL0 ; # javax/swing/plaf/metal/MetalLookAndFeel$$Lambda+0x00000000331d3a58
instanceKlass jdk/internal/classfile/impl/StackCounter
instanceKlass  @bci javax/swing/plaf/metal/MetalLookAndFeel initComponentDefaults (Ljavax/swing/UIDefaults;)V 11740 <appendix> argL0 ; # javax/swing/plaf/metal/MetalLookAndFeel$$Lambda+0x00000000331d37f8
instanceKlass  @bci javax/swing/plaf/metal/MetalLookAndFeel initComponentDefaults (Ljavax/swing/UIDefaults;)V 10675 <appendix> argL0 ; # javax/swing/plaf/metal/MetalLookAndFeel$$Lambda+0x00000000331d3348
instanceKlass  @bci javax/swing/plaf/metal/MetalLookAndFeel initComponentDefaults (Ljavax/swing/UIDefaults;)V 10657 <appendix> argL0 ; # javax/swing/plaf/metal/MetalLookAndFeel$$Lambda+0x00000000331d30e8
instanceKlass  @bci javax/swing/plaf/metal/MetalLookAndFeel initComponentDefaults (Ljavax/swing/UIDefaults;)V 10639 <appendix> argL0 ; # javax/swing/plaf/metal/MetalLookAndFeel$$Lambda+0x00000000331d2e88
instanceKlass  @bci java/lang/reflect/ProxyGenerator lambda$generateLookupAccessor$0 (Ljava/lang/classfile/MethodBuilder;)V 30 <appendix> member <vmtarget> ; # java/lang/reflect/ProxyGenerator$$Lambda+0x00000000331d2c10
instanceKlass  @bci javax/swing/plaf/metal/MetalLookAndFeel initComponentDefaults (Ljavax/swing/UIDefaults;)V 10621 <appendix> argL0 ; # javax/swing/plaf/metal/MetalLookAndFeel$$Lambda+0x00000000331d29b0
instanceKlass  @bci java/lang/reflect/ProxyGenerator generateLookupAccessor (Ljava/lang/classfile/ClassBuilder;)V 10 <appendix> member <vmtarget> ; # java/lang/reflect/ProxyGenerator$$Lambda+0x00000000331d2738
instanceKlass  @bci javax/swing/plaf/metal/MetalLookAndFeel initComponentDefaults (Ljavax/swing/UIDefaults;)V 10603 <appendix> argL0 ; # javax/swing/plaf/metal/MetalLookAndFeel$$Lambda+0x00000000331d24d8
instanceKlass  @bci java/lang/reflect/ProxyGenerator generateStaticInitializer (Ljava/lang/classfile/ClassBuilder;)V 10 <appendix> member <vmtarget> ; # java/lang/reflect/ProxyGenerator$$Lambda+0x00000000331d2260
instanceKlass  @bci javax/swing/plaf/metal/MetalLookAndFeel initComponentDefaults (Ljavax/swing/UIDefaults;)V 10124 <appendix> argL0 ; # javax/swing/plaf/metal/MetalLookAndFeel$$Lambda+0x00000000331d2000
instanceKlass  @bci javax/swing/plaf/metal/MetalLookAndFeel initComponentDefaults (Ljavax/swing/UIDefaults;)V 10106 <appendix> argL0 ; # javax/swing/plaf/metal/MetalLookAndFeel$$Lambda+0x00000000331d1da0
instanceKlass java/lang/classfile/attribute/StackMapTableAttribute
instanceKlass java/lang/classfile/attribute/StackMapFrameInfo
instanceKlass  @bci javax/swing/plaf/metal/MetalLookAndFeel initComponentDefaults (Ljavax/swing/UIDefaults;)V 9938 <appendix> argL0 ; # javax/swing/plaf/metal/MetalLookAndFeel$$Lambda+0x00000000331d15f8
instanceKlass java/lang/classfile/instruction/ExceptionCatch
instanceKlass  @bci javax/swing/plaf/metal/MetalLookAndFeel initComponentDefaults (Ljavax/swing/UIDefaults;)V 9920 <appendix> argL0 ; # javax/swing/plaf/metal/MetalLookAndFeel$$Lambda+0x00000000331d0f20
instanceKlass  @bci java/lang/reflect/ProxyGenerator$ProxyMethod lambda$generateMethod$0 (Ljava/lang/classfile/MethodBuilder;)V 30 <appendix> member <vmtarget> ; # java/lang/reflect/ProxyGenerator$ProxyMethod$$Lambda+0x00000000331d0ca8
instanceKlass  @bci javax/swing/plaf/metal/MetalLookAndFeel initComponentDefaults (Ljavax/swing/UIDefaults;)V 9259 <appendix> argL0 ; # javax/swing/plaf/metal/MetalLookAndFeel$$Lambda+0x00000000331d0a48
instanceKlass  @bci java/lang/reflect/ProxyGenerator$ProxyMethod generateMethod (Ljava/lang/classfile/ClassBuilder;)V 42 <appendix> member <vmtarget> ; # java/lang/reflect/ProxyGenerator$ProxyMethod$$Lambda+0x00000000331d07d0
instanceKlass  @bci javax/swing/plaf/metal/MetalLookAndFeel initComponentDefaults (Ljavax/swing/UIDefaults;)V 9241 <appendix> argL0 ; # javax/swing/plaf/metal/MetalLookAndFeel$$Lambda+0x00000000331d0570
instanceKlass  @bci java/lang/reflect/ProxyGenerator generateConstructor (Ljava/lang/classfile/ClassBuilder;)V 8 <appendix> member <vmtarget> ; # java/lang/reflect/ProxyGenerator$$Lambda+0x00000000331d02f8
instanceKlass  @bci javax/swing/plaf/metal/MetalLookAndFeel initComponentDefaults (Ljavax/swing/UIDefaults;)V 9074 <appendix> argL0 ; # javax/swing/plaf/metal/MetalLookAndFeel$$Lambda+0x00000000331d0098
instanceKlass  @bci javax/swing/plaf/metal/MetalLookAndFeel initComponentDefaults (Ljavax/swing/UIDefaults;)V 9056 <appendix> argL0 ; # javax/swing/plaf/metal/MetalLookAndFeel$$Lambda+0x00000000331cfe38
instanceKlass  @bci java/lang/reflect/ProxyGenerator generateClassFile ()[B 197 <appendix> member <vmtarget> ; # java/lang/reflect/ProxyGenerator$$Lambda+0x00000000331cfbc0
instanceKlass  @bci javax/swing/plaf/metal/MetalLookAndFeel initComponentDefaults (Ljavax/swing/UIDefaults;)V 8779 <appendix> argL0 ; # javax/swing/plaf/metal/MetalLookAndFeel$$Lambda+0x00000000331cf960
instanceKlass  @bci java/lang/reflect/ProxyGenerator proxyMethodsFor (Ljava/lang/String;)Ljava/util/List; 5 <appendix> argL0 ; # java/lang/reflect/ProxyGenerator$$Lambda+0x00000000331cf6e0
instanceKlass java/lang/reflect/ProxyGenerator$ProxyMethod
instanceKlass java/lang/classfile/attribute/StackMapFrameInfo$ObjectVerificationTypeInfo
instanceKlass java/lang/classfile/attribute/StackMapFrameInfo$VerificationTypeInfo
instanceKlass  @bci javax/swing/plaf/metal/MetalLookAndFeel initComponentDefaults (Ljavax/swing/UIDefaults;)V 5003 <appendix> member <vmtarget> ; # javax/swing/plaf/metal/MetalLookAndFeel$$Lambda+0x00000000331cf480
instanceKlass java/lang/classfile/ClassFile$Option
instanceKlass java/lang/reflect/ProxyGenerator
instanceKlass  @bci javax/swing/plaf/metal/MetalLookAndFeel initComponentDefaults (Ljavax/swing/UIDefaults;)V 4983 <appendix> member <vmtarget> ; # javax/swing/plaf/metal/MetalLookAndFeel$$Lambda+0x00000000331cedb0
instanceKlass  @bci javax/swing/plaf/metal/MetalLookAndFeel initComponentDefaults (Ljavax/swing/UIDefaults;)V 4963 <appendix> member <vmtarget> ; # javax/swing/plaf/metal/MetalLookAndFeel$$Lambda+0x00000000331ceb50
instanceKlass  @bci java/lang/WeakPairMap computeIfAbsent (Ljava/lang/Object;Ljava/lang/Object;Ljava/util/function/BiFunction;)Ljava/lang/Object; 18 <appendix> member <vmtarget> ; # java/lang/WeakPairMap$$Lambda+0x00000000331ce8c8
instanceKlass  @bci javax/swing/plaf/metal/MetalLookAndFeel initComponentDefaults (Ljavax/swing/UIDefaults;)V 4943 <appendix> member <vmtarget> ; # javax/swing/plaf/metal/MetalLookAndFeel$$Lambda+0x00000000331ce668
instanceKlass  @bci java/lang/Module implAddExportsOrOpens (Ljava/lang/String;Ljava/lang/Module;ZZ)V 151 <appendix> argL0 ; # java/lang/Module$$Lambda+0x00000000331ce3f8
instanceKlass  @bci javax/swing/plaf/metal/MetalLookAndFeel initComponentDefaults (Ljavax/swing/UIDefaults;)V 4923 <appendix> argL0 ; # javax/swing/plaf/metal/MetalLookAndFeel$$Lambda+0x00000000331ce198
instanceKlass  @bci javax/swing/plaf/metal/MetalLookAndFeel initComponentDefaults (Ljavax/swing/UIDefaults;)V 4887 <appendix> argL0 ; # javax/swing/plaf/metal/MetalLookAndFeel$$Lambda+0x00000000331cdf38
instanceKlass  @bci javax/swing/plaf/metal/MetalLookAndFeel initComponentDefaults (Ljavax/swing/UIDefaults;)V 4869 <appendix> argL0 ; # javax/swing/plaf/metal/MetalLookAndFeel$$Lambda+0x00000000331cdcd8
instanceKlass  @bci java/lang/module/ModuleDescriptor$Builder packages (Ljava/util/Set;)Ljava/lang/module/ModuleDescriptor$Builder; 17 <appendix> argL0 ; # java/lang/module/ModuleDescriptor$Builder$$Lambda+0x800000019
instanceKlass java/lang/module/ModuleDescriptor$Builder
instanceKlass  @bci javax/swing/plaf/metal/MetalLookAndFeel initComponentDefaults (Ljavax/swing/UIDefaults;)V 4851 <appendix> argL0 ; # javax/swing/plaf/metal/MetalLookAndFeel$$Lambda+0x00000000331cda78
instanceKlass  @bci javax/swing/plaf/metal/MetalLookAndFeel initComponentDefaults (Ljavax/swing/UIDefaults;)V 4833 <appendix> argL0 ; # javax/swing/plaf/metal/MetalLookAndFeel$$Lambda+0x00000000331cd818
instanceKlass  @bci javax/swing/plaf/metal/MetalLookAndFeel initComponentDefaults (Ljavax/swing/UIDefaults;)V 4204 <appendix> argL0 ; # javax/swing/plaf/metal/MetalLookAndFeel$$Lambda+0x00000000331cd5b8
instanceKlass  @bci java/lang/reflect/Proxy$ProxyBuilder getDynamicModule (Ljava/lang/ClassLoader;)Ljava/lang/Module; 4 <appendix> argL0 ; # java/lang/reflect/Proxy$ProxyBuilder$$Lambda+0x00000000331cd348
instanceKlass  @bci javax/swing/plaf/metal/MetalLookAndFeel initComponentDefaults (Ljavax/swing/UIDefaults;)V 4186 <appendix> argL0 ; # javax/swing/plaf/metal/MetalLookAndFeel$$Lambda+0x00000000331cd0e8
instanceKlass  @bci javax/swing/plaf/metal/MetalLookAndFeel initComponentDefaults (Ljavax/swing/UIDefaults;)V 3874 <appendix> argL0 ; # javax/swing/plaf/metal/MetalLookAndFeel$$Lambda+0x00000000331cce88
instanceKlass java/lang/PublicMethods
instanceKlass java/lang/reflect/Proxy$ProxyBuilder
instanceKlass  @bci java/lang/reflect/Proxy getProxyConstructor (Ljava/lang/ClassLoader;[Ljava/lang/Class;)Ljava/lang/reflect/Constructor; 18 <appendix> argL0 ; # java/lang/reflect/Proxy$$Lambda+0x00000000331ccc18
instanceKlass  @bci javax/swing/plaf/metal/MetalLookAndFeel initComponentDefaults (Ljavax/swing/UIDefaults;)V 3858 <appendix> argL0 ; # javax/swing/plaf/metal/MetalLookAndFeel$$Lambda+0x00000000331cc9b8
instanceKlass  @bci javax/swing/plaf/metal/MetalLookAndFeel initComponentDefaults (Ljavax/swing/UIDefaults;)V 3842 <appendix> argL0 ; # javax/swing/plaf/metal/MetalLookAndFeel$$Lambda+0x00000000331cc758
instanceKlass java/lang/reflect/Proxy
instanceKlass sun/reflect/annotation/AnnotationInvocationHandler
instanceKlass java/lang/reflect/InvocationHandler
instanceKlass sun/reflect/annotation/ExceptionProxy
instanceKlass  @bci javax/swing/plaf/metal/MetalLookAndFeel initComponentDefaults (Ljavax/swing/UIDefaults;)V 3826 <appendix> argL0 ; # javax/swing/plaf/metal/MetalLookAndFeel$$Lambda+0x00000000331cc4f8
instanceKlass java/lang/annotation/Inherited
instanceKlass sun/reflect/annotation/AnnotationType
instanceKlass java/lang/reflect/GenericArrayType
instanceKlass sun/reflect/generics/visitor/Reifier
instanceKlass sun/reflect/generics/visitor/TypeTreeVisitor
instanceKlass  @bci javax/swing/plaf/metal/MetalLookAndFeel initComponentDefaults (Ljavax/swing/UIDefaults;)V 3810 <appendix> argL0 ; # javax/swing/plaf/metal/MetalLookAndFeel$$Lambda+0x00000000331cc060
instanceKlass sun/reflect/generics/factory/CoreReflectionFactory
instanceKlass sun/reflect/generics/scope/AbstractScope
instanceKlass sun/reflect/generics/scope/Scope
instanceKlass sun/reflect/generics/tree/ClassTypeSignature
instanceKlass sun/reflect/generics/tree/SimpleClassTypeSignature
instanceKlass sun/reflect/generics/tree/FieldTypeSignature
instanceKlass sun/reflect/generics/tree/BaseType
instanceKlass sun/reflect/generics/tree/TypeSignature
instanceKlass sun/reflect/generics/tree/ReturnType
instanceKlass sun/reflect/generics/tree/TypeArgument
instanceKlass sun/reflect/generics/tree/TypeTree
instanceKlass sun/reflect/generics/tree/Tree
instanceKlass sun/reflect/generics/parser/SignatureParser
instanceKlass  @bci javax/swing/plaf/metal/MetalLookAndFeel initComponentDefaults (Ljavax/swing/UIDefaults;)V 3794 <appendix> argL0 ; # javax/swing/plaf/metal/MetalLookAndFeel$$Lambda+0x00000000331cb758
instanceKlass  @bci javax/swing/plaf/metal/MetalLookAndFeel initComponentDefaults (Ljavax/swing/UIDefaults;)V 3778 <appendix> argL0 ; # javax/swing/plaf/metal/MetalLookAndFeel$$Lambda+0x00000000331cb4f8
# instanceKlass java/lang/invoke/LambdaForm$MH+0x0000000033196000
instanceKlass  @bci javax/swing/plaf/metal/MetalLookAndFeel initComponentDefaults (Ljavax/swing/UIDefaults;)V 3762 <appendix> argL0 ; # javax/swing/plaf/metal/MetalLookAndFeel$$Lambda+0x00000000331cb298
# instanceKlass java/lang/invoke/LambdaForm$MH+0x0000000033195c00
instanceKlass  @bci javax/swing/plaf/metal/MetalLookAndFeel initComponentDefaults (Ljavax/swing/UIDefaults;)V 3746 <appendix> argL0 ; # javax/swing/plaf/metal/MetalLookAndFeel$$Lambda+0x00000000331cb038
# instanceKlass java/lang/invoke/LambdaForm$MH+0x0000000033195800
instanceKlass  @bci javax/swing/plaf/metal/MetalLookAndFeel initComponentDefaults (Ljavax/swing/UIDefaults;)V 3730 <appendix> argL0 ; # javax/swing/plaf/metal/MetalLookAndFeel$$Lambda+0x00000000331cadd8
instanceKlass  @bci javax/swing/plaf/metal/MetalLookAndFeel initComponentDefaults (Ljavax/swing/UIDefaults;)V 3509 <appendix> argL0 ; # javax/swing/plaf/metal/MetalLookAndFeel$$Lambda+0x00000000331cab78
# instanceKlass java/lang/invoke/LambdaForm$MH+0x0000000033195400
instanceKlass  @bci javax/swing/plaf/metal/MetalLookAndFeel initComponentDefaults (Ljavax/swing/UIDefaults;)V 3399 <appendix> argL0 ; # javax/swing/plaf/metal/MetalLookAndFeel$$Lambda+0x00000000331ca918
# instanceKlass java/lang/invoke/LambdaForm$MH+0x0000000033195000
instanceKlass javax/swing/plaf/metal/MetalLookAndFeel$FontActiveValue
instanceKlass  @bci javax/swing/plaf/metal/MetalLookAndFeel initComponentDefaults (Ljavax/swing/UIDefaults;)V 2174 <appendix> member <vmtarget> ; # javax/swing/plaf/metal/MetalLookAndFeel$$Lambda+0x00000000331ca440
instanceKlass java/lang/reflect/AnnotatedType
instanceKlass jdk/internal/reflect/FieldAccessor
instanceKlass sun/reflect/generics/factory/GenericsFactory
instanceKlass sun/reflect/generics/repository/AbstractRepository
instanceKlass  @bci javax/swing/plaf/metal/MetalLookAndFeel initComponentDefaults (Ljavax/swing/UIDefaults;)V 2165 <appendix> member <vmtarget> ; # javax/swing/plaf/metal/MetalLookAndFeel$$Lambda+0x00000000331ca1d8
instanceKlass  @bci javax/swing/plaf/metal/MetalLookAndFeel initComponentDefaults (Ljavax/swing/UIDefaults;)V 2156 <appendix> member <vmtarget> ; # javax/swing/plaf/metal/MetalLookAndFeel$$Lambda+0x00000000331c9f70
instanceKlass  @bci javax/swing/plaf/metal/MetalLookAndFeel initComponentDefaults (Ljavax/swing/UIDefaults;)V 2147 <appendix> member <vmtarget> ; # javax/swing/plaf/metal/MetalLookAndFeel$$Lambda+0x00000000331c9d08
instanceKlass  @bci javax/swing/plaf/metal/MetalLookAndFeel initComponentDefaults (Ljavax/swing/UIDefaults;)V 2138 <appendix> argL0 ; # javax/swing/plaf/metal/MetalLookAndFeel$$Lambda+0x00000000331c9aa8
instanceKlass  @bci javax/swing/plaf/metal/MetalLookAndFeel initComponentDefaults (Ljavax/swing/UIDefaults;)V 2126 <appendix> argL0 ; # javax/swing/plaf/metal/MetalLookAndFeel$$Lambda+0x00000000331c9848
instanceKlass  @bci javax/swing/plaf/metal/MetalLookAndFeel initComponentDefaults (Ljavax/swing/UIDefaults;)V 2119 <appendix> argL0 ; # javax/swing/plaf/metal/MetalLookAndFeel$$Lambda+0x00000000331c95e8
instanceKlass  @bci javax/swing/plaf/metal/MetalLookAndFeel initComponentDefaults (Ljavax/swing/UIDefaults;)V 2112 <appendix> argL0 ; # javax/swing/plaf/metal/MetalLookAndFeel$$Lambda+0x00000000331c9388
instanceKlass  @bci javax/swing/plaf/metal/MetalLookAndFeel initComponentDefaults (Ljavax/swing/UIDefaults;)V 2105 <appendix> argL0 ; # javax/swing/plaf/metal/MetalLookAndFeel$$Lambda+0x00000000331c9128
instanceKlass  @bci javax/swing/plaf/metal/MetalLookAndFeel initComponentDefaults (Ljavax/swing/UIDefaults;)V 2098 <appendix> member <vmtarget> ; # javax/swing/plaf/metal/MetalLookAndFeel$$Lambda+0x00000000331c8ec0
instanceKlass  @bci javax/swing/plaf/metal/MetalLookAndFeel initComponentDefaults (Ljavax/swing/UIDefaults;)V 2089 <appendix> argL0 ; # javax/swing/plaf/metal/MetalLookAndFeel$$Lambda+0x00000000331c8c60
instanceKlass  @bci javax/swing/plaf/metal/MetalLookAndFeel initComponentDefaults (Ljavax/swing/UIDefaults;)V 2082 <appendix> argL0 ; # javax/swing/plaf/metal/MetalLookAndFeel$$Lambda+0x00000000331c8a00
instanceKlass  @bci javax/swing/plaf/metal/MetalLookAndFeel initComponentDefaults (Ljavax/swing/UIDefaults;)V 2075 <appendix> argL0 ; # javax/swing/plaf/metal/MetalLookAndFeel$$Lambda+0x00000000331c87a0
instanceKlass  @bci javax/swing/plaf/metal/MetalLookAndFeel initComponentDefaults (Ljavax/swing/UIDefaults;)V 126 <appendix> argL0 ; # javax/swing/plaf/metal/MetalLookAndFeel$$Lambda+0x00000000331c8540
instanceKlass  @bci javax/swing/plaf/metal/MetalLookAndFeel initComponentDefaults (Ljavax/swing/UIDefaults;)V 119 <appendix> argL0 ; # javax/swing/plaf/metal/MetalLookAndFeel$$Lambda+0x00000000331c82e0
instanceKlass  @bci javax/swing/plaf/metal/MetalLookAndFeel initComponentDefaults (Ljavax/swing/UIDefaults;)V 112 <appendix> argL0 ; # javax/swing/plaf/metal/MetalLookAndFeel$$Lambda+0x00000000331c8080
instanceKlass  @bci javax/swing/plaf/basic/BasicLookAndFeel initComponentDefaults (Ljavax/swing/UIDefaults;)V 10900 <appendix> argL0 ; # javax/swing/plaf/basic/BasicLookAndFeel$$Lambda+0x00000000331c7e20
instanceKlass  @bci javax/swing/plaf/basic/BasicLookAndFeel initComponentDefaults (Ljavax/swing/UIDefaults;)V 10882 <appendix> argL0 ; # javax/swing/plaf/basic/BasicLookAndFeel$$Lambda+0x00000000331c7bc0
instanceKlass  @bci javax/swing/plaf/basic/BasicLookAndFeel initComponentDefaults (Ljavax/swing/UIDefaults;)V 2622 <appendix> argL0 ; # javax/swing/plaf/basic/BasicLookAndFeel$$Lambda+0x00000000331c7960
instanceKlass  @bci javax/swing/plaf/basic/BasicLookAndFeel initComponentDefaults (Ljavax/swing/UIDefaults;)V 2604 <appendix> argL0 ; # javax/swing/plaf/basic/BasicLookAndFeel$$Lambda+0x00000000331c7700
instanceKlass  @bci javax/swing/plaf/basic/BasicLookAndFeel initComponentDefaults (Ljavax/swing/UIDefaults;)V 2586 <appendix> argL0 ; # javax/swing/plaf/basic/BasicLookAndFeel$$Lambda+0x00000000331c74a0
instanceKlass  @bci javax/swing/plaf/basic/BasicLookAndFeel initComponentDefaults (Ljavax/swing/UIDefaults;)V 2568 <appendix> argL0 ; # javax/swing/plaf/basic/BasicLookAndFeel$$Lambda+0x00000000331c7240
instanceKlass javax/swing/UIDefaults$LazyInputMap
instanceKlass  @bci javax/swing/plaf/basic/BasicLookAndFeel initComponentDefaults (Ljavax/swing/UIDefaults;)V 789 <appendix> argL0 ; # javax/swing/plaf/basic/BasicLookAndFeel$$Lambda+0x00000000331c6d70
instanceKlass  @bci javax/swing/plaf/basic/BasicLookAndFeel initComponentDefaults (Ljavax/swing/UIDefaults;)V 730 <appendix> argL0 ; # javax/swing/plaf/basic/BasicLookAndFeel$$Lambda+0x00000000331c6b10
instanceKlass  @bci javax/swing/plaf/basic/BasicLookAndFeel initComponentDefaults (Ljavax/swing/UIDefaults;)V 723 <appendix> argL0 ; # javax/swing/plaf/basic/BasicLookAndFeel$$Lambda+0x00000000331c68b0
instanceKlass  @bci javax/swing/plaf/basic/BasicLookAndFeel initComponentDefaults (Ljavax/swing/UIDefaults;)V 671 <appendix> argL0 ; # javax/swing/plaf/basic/BasicLookAndFeel$$Lambda+0x00000000331c6650
instanceKlass  @bci javax/swing/plaf/basic/BasicLookAndFeel initComponentDefaults (Ljavax/swing/UIDefaults;)V 664 <appendix> member <vmtarget> ; # javax/swing/plaf/basic/BasicLookAndFeel$$Lambda+0x00000000331c63f0
instanceKlass  @bci javax/swing/plaf/basic/BasicLookAndFeel initComponentDefaults (Ljavax/swing/UIDefaults;)V 655 <appendix> member <vmtarget> ; # javax/swing/plaf/basic/BasicLookAndFeel$$Lambda+0x00000000331c6190
instanceKlass  @bci javax/swing/plaf/basic/BasicLookAndFeel initComponentDefaults (Ljavax/swing/UIDefaults;)V 642 <appendix> member <vmtarget> ; # javax/swing/plaf/basic/BasicLookAndFeel$$Lambda+0x00000000331c5f30
instanceKlass  @cpi javax/swing/plaf/basic/BasicLookAndFeel 2637 form vmentry <vmtarget> ; # java/lang/invoke/LambdaForm$DMH+0x0000000033194c00
instanceKlass  @bci javax/swing/plaf/basic/BasicLookAndFeel initComponentDefaults (Ljavax/swing/UIDefaults;)V 611 <appendix> argL0 ; # javax/swing/plaf/basic/BasicLookAndFeel$$Lambda+0x00000000331c5a50
instanceKlass  @bci javax/swing/plaf/basic/BasicLookAndFeel initComponentDefaults (Ljavax/swing/UIDefaults;)V 604 <appendix> argL0 ; # javax/swing/plaf/basic/BasicLookAndFeel$$Lambda+0x00000000331c57f0
instanceKlass  @bci javax/swing/plaf/basic/BasicLookAndFeel initComponentDefaults (Ljavax/swing/UIDefaults;)V 597 <appendix> argL0 ; # javax/swing/plaf/basic/BasicLookAndFeel$$Lambda+0x00000000331c5590
instanceKlass  @bci javax/swing/plaf/basic/BasicLookAndFeel initComponentDefaults (Ljavax/swing/UIDefaults;)V 590 <appendix> argL0 ; # javax/swing/plaf/basic/BasicLookAndFeel$$Lambda+0x00000000331c5330
instanceKlass  @bci javax/swing/plaf/basic/BasicLookAndFeel initComponentDefaults (Ljavax/swing/UIDefaults;)V 583 <appendix> argL0 ; # javax/swing/plaf/basic/BasicLookAndFeel$$Lambda+0x00000000331c50d0
instanceKlass  @bci javax/swing/plaf/basic/BasicLookAndFeel initComponentDefaults (Ljavax/swing/UIDefaults;)V 576 <appendix> argL0 ; # javax/swing/plaf/basic/BasicLookAndFeel$$Lambda+0x00000000331c4e70
instanceKlass  @bci javax/swing/plaf/basic/BasicLookAndFeel initComponentDefaults (Ljavax/swing/UIDefaults;)V 569 <appendix> argL0 ; # javax/swing/plaf/basic/BasicLookAndFeel$$Lambda+0x00000000331c4c10
instanceKlass  @bci javax/swing/plaf/basic/BasicLookAndFeel initComponentDefaults (Ljavax/swing/UIDefaults;)V 562 <appendix> argL0 ; # javax/swing/plaf/basic/BasicLookAndFeel$$Lambda+0x00000000331c49b0
instanceKlass javax/swing/plaf/basic/BasicLookAndFeel$2
instanceKlass  @bci javax/swing/plaf/basic/BasicLookAndFeel initComponentDefaults (Ljavax/swing/UIDefaults;)V 545 <appendix> argL0 ; # javax/swing/plaf/basic/BasicLookAndFeel$$Lambda+0x00000000331c44e8
instanceKlass  @bci sun/swing/SwingUtilities2 makeIcon (Ljava/lang/Class;Ljava/lang/Class;Ljava/lang/String;)Ljava/lang/Object; 3 <appendix> member <vmtarget> ; # sun/swing/SwingUtilities2$$Lambda+0x00000000331c4280
instanceKlass sun/swing/SwingUtilities2$LSBCacheEntry
instanceKlass sun/swing/StringUIClientPropertyKey
instanceKlass javax/swing/UIClientPropertyKey
instanceKlass sun/swing/SwingUtilities2
instanceKlass  @bci javax/swing/plaf/basic/BasicLookAndFeel initComponentDefaults (Ljavax/swing/UIDefaults;)V 398 <appendix> argL0 ; # javax/swing/plaf/basic/BasicLookAndFeel$$Lambda+0x00000000331c34b0
instanceKlass  @bci javax/swing/plaf/basic/BasicLookAndFeel initComponentDefaults (Ljavax/swing/UIDefaults;)V 391 <appendix> argL0 ; # javax/swing/plaf/basic/BasicLookAndFeel$$Lambda+0x00000000331c3250
instanceKlass  @bci javax/swing/plaf/basic/BasicLookAndFeel initComponentDefaults (Ljavax/swing/UIDefaults;)V 384 <appendix> argL0 ; # javax/swing/plaf/basic/BasicLookAndFeel$$Lambda+0x00000000331c2ff0
instanceKlass  @bci javax/swing/plaf/basic/BasicLookAndFeel initComponentDefaults (Ljavax/swing/UIDefaults;)V 377 <appendix> form vmentry <vmtarget> ; # java/lang/invoke/LambdaForm$DMH+0x0000000033194800
instanceKlass  @bci javax/swing/plaf/basic/BasicLookAndFeel initComponentDefaults (Ljavax/swing/UIDefaults;)V 377 <appendix> member <vmtarget> ; # javax/swing/plaf/basic/BasicLookAndFeel$$Lambda+0x00000000331c2d88
instanceKlass javax/swing/border/AbstractBorder
instanceKlass javax/swing/border/Border
instanceKlass  @bci javax/swing/plaf/basic/BasicLookAndFeel initComponentDefaults (Ljavax/swing/UIDefaults;)V 349 <appendix> member <vmtarget> ; # javax/swing/plaf/basic/BasicLookAndFeel$$Lambda+0x00000000331c20d8
instanceKlass  @bci javax/swing/plaf/basic/BasicLookAndFeel initComponentDefaults (Ljavax/swing/UIDefaults;)V 340 <appendix> argL0 ; # javax/swing/plaf/basic/BasicLookAndFeel$$Lambda+0x00000000331c1e78
instanceKlass  @bci javax/swing/plaf/basic/BasicLookAndFeel initComponentDefaults (Ljavax/swing/UIDefaults;)V 333 <appendix> argL0 ; # javax/swing/plaf/basic/BasicLookAndFeel$$Lambda+0x00000000331c1c18
instanceKlass  @bci javax/swing/plaf/basic/BasicLookAndFeel initComponentDefaults (Ljavax/swing/UIDefaults;)V 326 <appendix> argL0 ; # javax/swing/plaf/basic/BasicLookAndFeel$$Lambda+0x00000000331c19b8
instanceKlass  @bci javax/swing/plaf/basic/BasicLookAndFeel initComponentDefaults (Ljavax/swing/UIDefaults;)V 319 <appendix> argL0 ; # javax/swing/plaf/basic/BasicLookAndFeel$$Lambda+0x00000000331c1758
instanceKlass  @bci javax/swing/plaf/basic/BasicLookAndFeel initComponentDefaults (Ljavax/swing/UIDefaults;)V 312 <appendix> argL0 ; # javax/swing/plaf/basic/BasicLookAndFeel$$Lambda+0x00000000331c14f8
instanceKlass javax/swing/UIDefaults$ActiveValue
instanceKlass com/jetbrains/z/g
instanceKlass  @bci javax/swing/plaf/basic/BasicLookAndFeel initComponentDefaults (Ljavax/swing/UIDefaults;)V 47 <appendix> argL0 ; # javax/swing/plaf/basic/BasicLookAndFeel$$Lambda+0x00000000331c0e08
instanceKlass  @bci javax/swing/plaf/basic/BasicLookAndFeel initComponentDefaults (Ljavax/swing/UIDefaults;)V 40 <appendix> argL0 ; # javax/swing/plaf/basic/BasicLookAndFeel$$Lambda+0x00000000331c0ba8
instanceKlass  @bci javax/swing/plaf/basic/BasicLookAndFeel initComponentDefaults (Ljavax/swing/UIDefaults;)V 33 <appendix> argL0 ; # javax/swing/plaf/basic/BasicLookAndFeel$$Lambda+0x00000000331c0948
instanceKlass  @bci javax/swing/plaf/basic/BasicLookAndFeel initComponentDefaults (Ljavax/swing/UIDefaults;)V 26 <appendix> argL0 ; # javax/swing/plaf/basic/BasicLookAndFeel$$Lambda+0x00000000331c06e8
instanceKlass java/util/UUID
instanceKlass  @bci javax/swing/plaf/basic/BasicLookAndFeel initComponentDefaults (Ljavax/swing/UIDefaults;)V 19 <appendix> argL0 ; # javax/swing/plaf/basic/BasicLookAndFeel$$Lambda+0x00000000331c0488
instanceKlass javax/swing/UIDefaults$LazyValue
instanceKlass sun/swing/SwingAccessor
instanceKlass  @bci javax/swing/UIDefaults <clinit> ()V 10 <appendix> argL0 ; # javax/swing/UIDefaults$$Lambda+0x000000003317fd68
instanceKlass  @cpi com/intellij/execution/process/ProcessWaitFor 205 form vmentry <vmtarget> ; # java/lang/invoke/LambdaForm$DMH+0x0000000033194400
instanceKlass sun/swing/SwingAccessor$UIDefaultsAccessor
instanceKlass com/intellij/ide/g/k
instanceKlass javax/swing/plaf/metal/DefaultMetalTheme$FontDelegate
instanceKlass java/awt/Color
instanceKlass java/awt/Paint
instanceKlass javax/swing/plaf/UIResource
instanceKlass javax/swing/plaf/metal/MetalTheme
instanceKlass com/intellij/ide/g/d/Q
instanceKlass kotlin/math/MathKt__MathHKt
instanceKlass com/intellij/ide/g/d/R7
instanceKlass  @bci com/intellij/openapi/util/registry/Registry <clinit> ()V 24 <appendix> argL0 ; # com/intellij/openapi/util/registry/Registry$$Lambda+0x0000000033190700
# instanceKlass java/lang/invoke/LambdaForm$MH+0x0000000033194000
instanceKlass com/intellij/openapi/util/registry/Registry$Companion$EMPTY_VALUE_LISTENER$1
instanceKlass com/intellij/openapi/util/registry/RegistryValueListener
instanceKlass com/intellij/openapi/util/registry/Registry$Companion
# instanceKlass java/lang/invoke/LambdaForm$MH+0x000000003318ac00
instanceKlass com/intellij/openapi/util/registry/Registry
# instanceKlass java/lang/invoke/LambdaForm$DMH+0x000000003318a800
instanceKlass jdk/internal/math/ToDecimal
instanceKlass  @bci com/intellij/ide/gdpr/ConsentOptions <init> (Lcom/intellij/ide/gdpr/ConsentOptions$IOBackend;)V 28 <appendix> argL0 ; # com/intellij/ide/gdpr/ConsentOptions$$Lambda+0x000000003318b748
instanceKlass  @bci com/intellij/ui/scale/JBUIScale computeSystemScaleFactor (Ljava/util/function/Supplier;)F 124 <appendix> form vmentry <vmtarget> ; # java/lang/invoke/LambdaForm$MH+0x000000003318a400
instanceKlass java/util/function/BooleanSupplier
instanceKlass com/intellij/ide/gdpr/ConsentOptions$IOBackendImpl
instanceKlass com/intellij/ide/gdpr/ConsentOptions$IOBackend
instanceKlass com/intellij/ide/gdpr/ConsentOptions$InstanceHolder
instanceKlass com/intellij/ide/gdpr/ConsentAttributes
instanceKlass com/intellij/ide/gdpr/ConsentBase
instanceKlass sun/awt/image/SurfaceManager$ProxiedGraphicsConfig
instanceKlass com/intellij/ide/gdpr/ConsentOptions
instanceKlass com/intellij/openapi/util/ModificationTracker
instanceKlass sun/awt/image/SurfaceManager$ProxyCache
# instanceKlass java/lang/invoke/LambdaForm$MH+0x0000000033189c00
# instanceKlass java/lang/invoke/LambdaForm$MH+0x0000000033189800
instanceKlass  @bci com/intellij/util/containers/ConcurrentRefHashMap <clinit> ()V 13 <appendix> argL0 ; # com/intellij/util/containers/ConcurrentRefHashMap$$Lambda+0x000000003318ec40
instanceKlass com/intellij/util/containers/ConcurrentRefHashMap$KeyReference
instanceKlass com/intellij/util/containers/ConcurrentRefValueHashMap$ValueReference
instanceKlass com/intellij/util/containers/ConcurrentRefValueHashMap
instanceKlass com/intellij/AbstractBundle$Companion
instanceKlass com/intellij/AbstractBundle
instanceKlass com/intellij/ide/g/E
instanceKlass  @bci jdk/internal/reflect/DirectMethodHandleAccessor invokeImpl (Ljava/lang/Object;[Ljava/lang/Object;Ljava/lang/Class;)Ljava/lang/Object; 79 <adapter> ; # java/lang/invoke/LambdaForm$MH+0x0000000033189400
# instanceKlass java/lang/invoke/LambdaForm$MH+0x0000000033189000
# instanceKlass java/lang/invoke/LambdaForm$MH+0x0000000033188c00
# instanceKlass java/lang/invoke/LambdaForm$MH+0x0000000033188800
# instanceKlass java/lang/invoke/LambdaForm$MH+0x0000000033188400
# instanceKlass java/lang/invoke/LambdaForm$BMH+0x0000000033188000
# instanceKlass java/lang/invoke/LambdaForm$DMH+0x0000000033185c00
# instanceKlass java/lang/invoke/LambdaForm$DMH+0x0000000033185800
instanceKlass com/intellij/ide/g/y
instanceKlass com/intellij/util/TimeoutUtil
instanceKlass java/text/FieldPosition
instanceKlass java/text/StringBufFactory$StringBuilderImpl
instanceKlass java/text/Format$StringBuf
instanceKlass java/text/StringBufFactory
instanceKlass sun/util/locale/provider/LocaleResources
instanceKlass  @bci com/jetbrains/rd/util/PlatformDependentKt currentThreadName ()Ljava/lang/String; 14 <appendix> form vmentry <vmtarget> ; # java/lang/invoke/LambdaForm$MH+0x0000000033185400
instanceKlass java/io/ObjectOutput
instanceKlass java/io/ObjectStreamConstants
instanceKlass java/io/ObjectInput
instanceKlass sun/util/locale/LocaleExtensions
instanceKlass  @bci com/jetbrains/rd/util/PlatformDependentKt currentThreadName ()Ljava/lang/String; 14 <appendix> form names 5 function resolvedHandle form vmentry <vmtarget> ; # java/lang/invoke/LambdaForm$DMH+0x0000000033185000
instanceKlass  @bci com/intellij/platform/ide/bootstrap/DirectoryLock lockOrActivate (Ljava/nio/file/Path;Ljava/util/List;)Lcom/intellij/ide/CliResult; 210 <appendix> argL0 ; # com/intellij/platform/ide/bootstrap/DirectoryLock$$Lambda+0x00000000331875f0
instanceKlass  @bci com/intellij/platform/ide/bootstrap/DirectoryLock lockOrActivate (Ljava/nio/file/Path;Ljava/util/List;)Lcom/intellij/ide/CliResult; 202 <appendix> argL0 ; # com/intellij/platform/ide/bootstrap/DirectoryLock$$Lambda+0x0000000033187370
instanceKlass java/util/stream/Node$Builder$OfDouble
instanceKlass java/util/stream/Sink$OfDouble
instanceKlass java/util/function/DoubleConsumer
instanceKlass java/util/stream/Nodes$DoubleArrayNode
instanceKlass  @bci java/util/stream/DoublePipeline toArray ()[D 1 <appendix> argL0 ; # java/util/stream/DoublePipeline$$Lambda+0x000000003317c308
instanceKlass java/util/stream/DoubleStream
instanceKlass  @bci java/text/ChoiceFormat applyPatternImpl (Ljava/lang/String;)V 420 <appendix> argL0 ; # java/text/ChoiceFormat$$Lambda+0x000000003317be70
instanceKlass  @cpi java/text/ChoiceFormat 349 form vmentry <vmtarget> ; # java/lang/invoke/LambdaForm$DMH+0x0000000033184800
instanceKlass java/util/function/ToDoubleFunction
instanceKlass sun/nio/ch/ExtendedSocketOption$1
instanceKlass sun/nio/ch/ExtendedSocketOption
instanceKlass sun/nio/ch/OptionKey
instanceKlass sun/nio/ch/SocketOptionRegistry$LazyInitialization
instanceKlass sun/nio/ch/SocketOptionRegistry$RegistryKey
instanceKlass sun/nio/ch/SocketOptionRegistry
instanceKlass java/net/StandardSocketOptions$StdSocketOption
instanceKlass java/net/StandardSocketOptions
instanceKlass  @bci sun/nio/ch/Net shouldShutdownWriteBeforeClose ()Z 3 <appendix> argL0 ; # sun/nio/ch/Net$$Lambda+0x000000003317a9b0
instanceKlass java/text/Format
instanceKlass java/lang/invoke/ConstantBootstraps
instanceKlass java/nio/channels/SelectionKey
instanceKlass com/intellij/ide/g/R/g8
instanceKlass com/intellij/ide/g/R/ge
instanceKlass java/nio/BufferMismatch
instanceKlass  @bci com/intellij/ide/g/d/gY <init> (Lcom/intellij/ide/g/t/e;J)V 115 <appendix> argL0 ; # com/intellij/ide/g/d/gY$$Lambda+0x00000000331864a8
instanceKlass com/intellij/g/a/R
instanceKlass  @bci com/intellij/ide/g/U g (Ljava/lang/String;CJ)Ljava/util/concurrent/Executor; 65 <appendix> member <vmtarget> ; # com/intellij/ide/g/U$$Lambda+0x0000000033186000
instanceKlass com/intellij/ide/g/U
instanceKlass  @bci java/util/Comparator comparing (Ljava/util/function/Function;)Ljava/util/Comparator; 6 <appendix> member <vmtarget> ; # java/util/Comparator$$Lambda+0x00000000331784a8
instanceKlass java/lang/classfile/constantpool/IntegerEntry
instanceKlass sun/invoke/util/BytecodeDescriptor
instanceKlass com/intellij/g/w/g/z
instanceKlass java/lang/classfile/constantpool/StringEntry
instanceKlass java/lang/classfile/constantpool/ConstantValueEntry
instanceKlass java/net/InetSocketAddress$InetSocketAddressHolder
instanceKlass java/lang/invoke/InnerClassLambdaMetafactory$4
instanceKlass java/lang/invoke/InnerClassLambdaMetafactory$SerializationSupport
instanceKlass  @cpi com/intellij/ide/plugins/ClassLoaderConfiguratorKt 340 form vmentry <vmtarget> ; # java/lang/invoke/LambdaForm$DMH+0x0000000033184400
instanceKlass jdk/net/ExtendedSocketOptions$2
instanceKlass jdk/net/ExtendedSocketOptions$PlatformSocketOptions
instanceKlass  @bci sun/font/SunFontManager fontVersionComparator (Ljava/lang/String;Ljava/lang/String;)I 14 <appendix> argL0 ; # sun/font/SunFontManager$$Lambda+0x0000000033176d00
instanceKlass jdk/net/ExtendedSocketOptions$ExtSocketOption
instanceKlass java/net/SocketOption
instanceKlass jdk/net/ExtendedSocketOptions
instanceKlass com/intellij/g/e/g/z
instanceKlass sun/net/ext/ExtendedSocketOptions
instanceKlass jdk/internal/lang/stable/StableValueImpl
instanceKlass java/lang/StableValue
instanceKlass sun/nio/ch/Net$1
instanceKlass sun/nio/ch/Net
instanceKlass java/net/DatagramSocket
instanceKlass com/intellij/g/e/R
instanceKlass java/io/RandomAccessFile$1
instanceKlass com/intellij/g/e/g/e
instanceKlass sun/nio/cs/ArrayDecoder
instanceKlass java/util/stream/ReduceOps$Box
instanceKlass  @bci java/util/stream/Collectors joining (Ljava/lang/CharSequence;Ljava/lang/CharSequence;Ljava/lang/CharSequence;)Ljava/util/stream/Collector; 22 <appendix> argL0 ; # java/util/stream/Collectors$$Lambda+0x800000055
instanceKlass  @bci java/util/stream/Collectors joining (Ljava/lang/CharSequence;Ljava/lang/CharSequence;Ljava/lang/CharSequence;)Ljava/util/stream/Collector; 17 <appendix> argL0 ; # java/util/stream/Collectors$$Lambda+0x800000053
instanceKlass  @bci java/util/stream/Collectors joining (Ljava/lang/CharSequence;Ljava/lang/CharSequence;Ljava/lang/CharSequence;)Ljava/util/stream/Collector; 12 <appendix> argL0 ; # java/util/stream/Collectors$$Lambda+0x800000050
instanceKlass  @bci java/util/stream/Collectors joining (Ljava/lang/CharSequence;Ljava/lang/CharSequence;Ljava/lang/CharSequence;)Ljava/util/stream/Collector; 7 <appendix> member <vmtarget> ; # java/util/stream/Collectors$$Lambda+0x800000058
instanceKlass java/util/StringJoiner
instanceKlass java/util/stream/Collector
instanceKlass com/intellij/g/e/g/a
instanceKlass java/util/stream/Collectors
instanceKlass  @bci sun/font/TrueTypeFont parseVersion (Ljava/lang/String;)Ljava/lang/String; 55 <appendix> argL0 ; # sun/font/TrueTypeFont$$Lambda+0x0000000033176380
instanceKlass sun/security/provider/AbstractDrbg$NonceProvider
instanceKlass  @bci com/intellij/ide/g/d/gY <init> (Lcom/intellij/ide/g/t/e;J)V 83 <appendix> member <vmtarget> ; # com/intellij/ide/g/d/gY$$Lambda+0x00000000331812e0
instanceKlass  @bci sun/font/TrueTypeFont parseVersion (Ljava/lang/String;)Ljava/lang/String; 45 <appendix> argL0 ; # sun/font/TrueTypeFont$$Lambda+0x0000000033175eb8
instanceKlass com/intellij/g/t/g
instanceKlass  @bci sun/font/TrueTypeFont parseVersion (Ljava/lang/String;)Ljava/lang/String; 35 <appendix> argL0 ; # sun/font/TrueTypeFont$$Lambda+0x0000000033175c28
instanceKlass com/intellij/g/e/P
instanceKlass com/intellij/g/g/R
instanceKlass  @bci java/util/regex/CharPredicates ctype (I)Ljava/util/regex/Pattern$CharPredicate; 1 <appendix> member <vmtarget> ; # java/util/regex/CharPredicates$$Lambda+0x0000000033175958
instanceKlass  @bci sun/security/provider/AbstractDrbg$SeederHolder <clinit> ()V 42 <appendix> member <vmtarget> ; # sun/security/provider/AbstractDrbg$SeederHolder$$Lambda+0x00000000331756f0
instanceKlass com/intellij/g/g/g/z
instanceKlass com/intellij/g/a/z
instanceKlass  @cpi sun/security/provider/AbstractDrbg$SeederHolder 91 form vmentry <vmtarget> ; # java/lang/invoke/LambdaForm$DMH+0x0000000033184000
instanceKlass com/intellij/g/e/Z
instanceKlass sun/font/TrueTypeFont$DirectoryEntry
instanceKlass com/intellij/g/z/SimpleFactory
instanceKlass com/intellij/g/z/Log
# instanceKlass java/lang/invoke/LambdaForm$DMH+0x000000003315a800
instanceKlass com/intellij/ide/g/d/O
instanceKlass java/util/stream/ReduceOps$2ReducingSink
instanceKlass java/util/stream/ReduceOps$AccumulatingSink
instanceKlass java/util/stream/ReduceOps$ReduceOp
instanceKlass java/util/stream/ReduceOps
instanceKlass  @bci java/util/function/BinaryOperator maxBy (Ljava/util/Comparator;)Ljava/util/function/BinaryOperator; 6 <appendix> member <vmtarget> ; # java/util/function/BinaryOperator$$Lambda+0x0000000033174fe0
instanceKlass java/util/function/BinaryOperator
instanceKlass  @bci sun/awt/Win32FontManager registerJREFonts ()V 107 <appendix> argL0 ; # sun/awt/Win32FontManager$$Lambda+0x0000000033174d08
instanceKlass com/intellij/util/messages/Topic
instanceKlass  @bci sun/awt/Win32FontManager registerJREFonts ()V 97 <appendix> member <vmtarget> ; # sun/awt/Win32FontManager$$Lambda+0x0000000033174a80
instanceKlass com/intellij/ide/plugins/DynamicPluginListener$Companion
instanceKlass com/intellij/ide/g/d/gU
instanceKlass java/util/stream/Streams$2
instanceKlass java/util/stream/Streams$ConcatSpliterator
instanceKlass com/intellij/ide/plugins/DynamicPluginListener
instanceKlass  @bci com/intellij/ide/g/d/gY <init> (Lcom/intellij/ide/g/t/e;J)V 35 <appendix> member <vmtarget> ; # com/intellij/ide/g/d/gY$$Lambda+0x000000003315f650
# instanceKlass java/lang/invoke/LambdaForm$MH+0x000000003315a400
# instanceKlass java/lang/invoke/LambdaForm$MH+0x000000003315a000
# instanceKlass java/lang/invoke/LambdaForm$MH+0x0000000033159c00
# instanceKlass java/lang/invoke/LambdaForm$BMH+0x0000000033159800
# instanceKlass java/lang/invoke/LambdaForm$DMH+0x0000000033159400
# instanceKlass java/lang/invoke/LambdaForm$DMH+0x0000000033159000
instanceKlass com/intellij/openapi/project/DumbAware
instanceKlass com/intellij/openapi/actionSystem/AnAction
instanceKlass com/intellij/openapi/actionSystem/ActionUpdateThreadAware
instanceKlass com/intellij/openapi/project/PossiblyDumbAware
instanceKlass com/intellij/ide/g/d/w
instanceKlass com/intellij/ide/g/m/a
instanceKlass com/intellij/ide/g/m/R
instanceKlass com/intellij/ide/g/t/e
# instanceKlass java/lang/invoke/LambdaForm$MH+0x0000000033158c00
# instanceKlass java/lang/invoke/LambdaForm$MH+0x0000000033158800
instanceKlass com/intellij/ide/g/v
instanceKlass com/intellij/ide/g/H
instanceKlass  @bci java/io/IoOverNioFileSystem list0 (Ljava/io/File;)[Ljava/lang/String; 168 <appendix> argL0 ; # java/io/IoOverNioFileSystem$$Lambda+0x00000000331719e0
instanceKlass javax/accessibility/Accessible
instanceKlass com/intellij/g/a/a
instanceKlass com/intellij/g/e/Y
instanceKlass com/intellij/g/e/D
instanceKlass com/intellij/g/w/R
instanceKlass com/intellij/g/z/g
instanceKlass com/intellij/ide/g/R/gp
instanceKlass com/intellij/ide/g/r
instanceKlass com/intellij/g/t/z
instanceKlass java/io/IoOverNioFileSystem$AcceptAllFilter
instanceKlass com/intellij/ide/g/V
instanceKlass com/intellij/ide/g/d/gC
instanceKlass com/intellij/ide/g/s
instanceKlass  @bci sun/nio/fs/ExtendedOptions$InternalOption registerInternal (Ljava/lang/Object;Ljava/lang/Object;)V 16 <appendix> member <vmtarget> ; # sun/nio/fs/ExtendedOptions$InternalOption$$Lambda+0x0000000033170108
instanceKlass com/intellij/ide/g/R/gw
instanceKlass sun/nio/fs/ExtendedOptions$Wrapper
instanceKlass sun/nio/fs/ExtendedOptions$InternalOption
instanceKlass sun/nio/fs/ExtendedOptions
instanceKlass java/io/IoOverNioOsSpecific
instanceKlass sun/font/TrueTypeFont$TTDisposerRecord
instanceKlass sun/font/GlyphRenderData
instanceKlass sun/font/GlyphList
instanceKlass  @bci java/lang/invoke/VarHandles filterValue (Ljava/lang/invoke/VarHandle;Ljava/lang/invoke/MethodHandle;Ljava/lang/invoke/MethodHandle;)Ljava/lang/invoke/VarHandle; 391 <appendix> member <vmtarget> ; # java/lang/invoke/VarHandles$$Lambda+0x000000003316dab0
instanceKlass java/lang/invoke/DirectMethodHandle$1
instanceKlass jdk/internal/foreign/MemorySessionImpl
instanceKlass java/lang/foreign/MemorySegment$Scope
# instanceKlass java/lang/invoke/LambdaForm$MH+0x0000000033158400
instanceKlass  @bci java/lang/invoke/VarHandles adaptForCheckedExceptions (Ljava/lang/invoke/MethodHandle;)Ljava/lang/invoke/MethodHandle; 13 <appendix> argL0 ; # java/lang/invoke/VarHandles$$Lambda+0x000000003316d820
# instanceKlass java/lang/invoke/LambdaForm$MH+0x0000000033158000
instanceKlass java/lang/foreign/Arena
instanceKlass java/lang/foreign/SegmentAllocator
instanceKlass jdk/internal/foreign/abi/LinkerOptions
instanceKlass java/lang/foreign/Linker
instanceKlass jdk/internal/foreign/abi/AbstractLinker$UpcallStubFactory
instanceKlass jdk/internal/foreign/abi/CallingSequence
instanceKlass java/lang/foreign/FunctionDescriptor
# instanceKlass java/lang/invoke/LambdaForm$MH+0x0000000033157c00
instanceKlass java/lang/invoke/VarHandleSegmentAsLongs
instanceKlass java/lang/invoke/VarHandleSegmentAsBytes
# instanceKlass java/lang/invoke/LambdaForm$MH+0x0000000033157800
# instanceKlass java/lang/invoke/LambdaForm$MH+0x0000000033157400
instanceKlass java/lang/invoke/VarHandleSegmentAsChars
instanceKlass  @bci com/intellij/concurrency/ThreadContext installThreadContext (Lkotlin/coroutines/CoroutineContext;Z)Lcom/intellij/openapi/application/AccessToken; 17 <appendix> form vmentry <vmtarget> ; # java/lang/invoke/LambdaForm$DMH+0x0000000033157000
instanceKlass  @bci java/lang/invoke/VarHandles insertCoordinates (Ljava/lang/invoke/VarHandle;I[Ljava/lang/Object;)Ljava/lang/invoke/VarHandle; 204 <appendix> member <vmtarget> ; # java/lang/invoke/VarHandles$$Lambda+0x000000003316c058
instanceKlass  @cpi java/lang/invoke/VarHandles 962 form vmentry <vmtarget> ; # java/lang/invoke/LambdaForm$DMH+0x0000000033156c00
instanceKlass com/intellij/ide/g/d/gd
instanceKlass com/intellij/ui/scale/JBUIScaleKt
instanceKlass java/lang/invoke/VarHandleSegmentAsFloats
instanceKlass  @bci jdk/internal/foreign/layout/AbstractLayout varHandleInternal ([Ljava/lang/foreign/MemoryLayout$PathElement;)Ljava/lang/invoke/VarHandle; 7 <appendix> argL0 ; # jdk/internal/foreign/layout/AbstractLayout$$Lambda+0x000000003316ad68
# instanceKlass java/lang/invoke/LambdaForm$MH+0x0000000033156800
instanceKlass com/intellij/ide/g/N
# instanceKlass java/lang/invoke/LambdaForm$DMH+0x0000000033156400
# instanceKlass java/lang/invoke/LambdaForm$MH+0x0000000033156000
# instanceKlass java/lang/invoke/LambdaForm$DMH+0x0000000033155c00
# instanceKlass java/lang/invoke/LambdaForm$BMH+0x0000000033155800
# instanceKlass java/lang/invoke/LambdaForm$DMH+0x0000000033155400
# instanceKlass java/lang/invoke/LambdaForm$DMH+0x0000000033155000
instanceKlass  @bci com/intellij/ide/g/d/z1 <clinit> ()V 329 <bsm> form vmentry <vmtarget> ; # java/lang/invoke/LambdaForm$DMH+0x0000000033154c00
instanceKlass java/awt/Graphics
# instanceKlass java/lang/invoke/LambdaForm$DMH+0x0000000033154800
instanceKlass java/awt/image/WritableRenderedImage
instanceKlass java/awt/image/RenderedImage
instanceKlass java/awt/GraphicsConfiguration
# instanceKlass java/lang/invoke/LambdaForm$DMH+0x0000000033154400
instanceKlass java/awt/GraphicsDevice
# instanceKlass java/lang/invoke/LambdaForm$DMH+0x0000000033154000
instanceKlass com/intellij/idea/MainImplKt
instanceKlass com/intellij/ui/JreHiDpiUtil
instanceKlass jdk/internal/foreign/LayoutPath
instanceKlass  @bci com/intellij/platform/ide/bootstrap/UiKt initLafAndScale (ZLkotlinx/coroutines/Job;Lkotlin/coroutines/Continuation;)Ljava/lang/Object; 446 <appendix> member <vmtarget> ; # com/intellij/platform/ide/bootstrap/UiKt$$Lambda+0x0000000033150000
instanceKlass java/lang/foreign/MemoryLayout$PathElement
instanceKlass java/util/stream/Node$Builder
instanceKlass java/util/stream/Nodes$ArrayNode
instanceKlass java/util/stream/Node$OfDouble
instanceKlass java/util/stream/Node$OfLong
instanceKlass java/util/stream/Node$OfInt
instanceKlass java/util/stream/Node$OfPrimitive
instanceKlass  @bci com/intellij/ui/scale/JBUIScale <clinit> ()V 87 <appendix> argL0 ; # com/intellij/ui/scale/JBUIScale$$Lambda+0x000000003314fc40
instanceKlass java/util/stream/Nodes$EmptyNode
instanceKlass java/util/stream/Node
instanceKlass java/util/stream/Nodes
instanceKlass  @bci java/util/stream/ReferencePipeline toArray ()[Ljava/lang/Object; 1 <appendix> argL0 ; # java/util/stream/ReferencePipeline$$Lambda+0x80000005e
instanceKlass  @bci com/intellij/ui/scale/JBUIScale <clinit> ()V 72 <appendix> argL0 ; # com/intellij/ui/scale/JBUIScale$$Lambda+0x000000003314f9e0
instanceKlass  @bci java/lang/foreign/MemoryLayout lambda$structLayout$0 ([Ljava/lang/foreign/MemoryLayout;)Ljava/lang/foreign/StructLayout; 4 <appendix> argL0 ; # java/lang/foreign/MemoryLayout$$Lambda+0x0000000033166c48
instanceKlass java/util/Spliterators$ArraySpliterator
instanceKlass  @bci com/intellij/ui/scale/JBUIScale <clinit> ()V 38 <appendix> argL0 ; # com/intellij/ui/scale/JBUIScale$$Lambda+0x000000003314f780
instanceKlass  @bci java/lang/foreign/MemoryLayout structLayout ([Ljava/lang/foreign/MemoryLayout;)Ljava/lang/foreign/StructLayout; 6 <appendix> member <vmtarget> ; # java/lang/foreign/MemoryLayout$$Lambda+0x00000000331669e0
instanceKlass  @bci com/intellij/ui/scale/JBUIScale <clinit> ()V 23 <appendix> argL0 ; # com/intellij/ui/scale/JBUIScale$$Lambda+0x000000003314f520
instanceKlass java/lang/foreign/StructLayout
instanceKlass java/lang/foreign/GroupLayout
instanceKlass java/lang/foreign/PaddingLayout
instanceKlass  @cpi com/intellij/ui/scale/JBUIScale 711 form vmentry <vmtarget> ; # java/lang/invoke/LambdaForm$DMH+0x000000003314dc00
instanceKlass java/lang/foreign/ValueLayout$OfDouble
instanceKlass java/lang/foreign/ValueLayout$OfFloat
# instanceKlass java/lang/invoke/LambdaForm$DMH+0x000000003314d800
instanceKlass java/lang/foreign/ValueLayout$OfLong
instanceKlass java/lang/foreign/ValueLayout$OfInt
instanceKlass java/lang/foreign/ValueLayout$OfShort
instanceKlass java/lang/foreign/ValueLayout$OfChar
instanceKlass java/lang/foreign/ValueLayout$OfBoolean
instanceKlass java/lang/foreign/ValueLayout$OfByte
instanceKlass jdk/internal/foreign/abi/SharedUtils
instanceKlass jdk/internal/foreign/Utils
instanceKlass jdk/internal/foreign/layout/MemoryLayoutUtil
instanceKlass jdk/internal/foreign/layout/ValueLayouts
instanceKlass java/lang/foreign/AddressLayout
instanceKlass jdk/internal/foreign/layout/AbstractLayout
instanceKlass java/lang/foreign/ValueLayout
instanceKlass java/lang/foreign/MemoryLayout
instanceKlass sun/font/StrikeCache
instanceKlass com/intellij/ui/scale/JBUIScale
instanceKlass sun/font/FontStrike
instanceKlass sun/font/CharToGlyphMapper
instanceKlass java/awt/geom/Path2D
instanceKlass com/intellij/ide/ui/laf/LookAndFeelThemeAdapter$Companion
instanceKlass java/awt/geom/RectangularShape
instanceKlass java/awt/Shape
instanceKlass sun/font/StrikeMetrics
instanceKlass java/awt/geom/Point2D
instanceKlass javax/swing/LookAndFeel
instanceKlass sun/awt/SunHints$Value
instanceKlass java/awt/RenderingHints$Key
instanceKlass sun/awt/SunHints
instanceKlass com/jetbrains/rd/ide/model/q
instanceKlass java/awt/RenderingHints
instanceKlass java/awt/font/FontRenderContext
# instanceKlass java/lang/invoke/LambdaForm$MH+0x000000003314d400
instanceKlass sun/font/Font2D
instanceKlass com/intellij/ide/ui/laf/LookAndFeelThemeAdapterKt
instanceKlass  @bci com/intellij/ide/g/d/h <init> ()V 59 <adapter> ; # java/lang/invoke/LambdaForm$MH+0x000000003314d000
# instanceKlass java/lang/invoke/LambdaForm$DMH+0x000000003314cc00
# instanceKlass java/lang/invoke/LambdaForm$MH+0x000000003314c800
instanceKlass fleet/kernel/OnCompleteKey
instanceKlass fleet/kernel/SubscriptionEvent$Next
instanceKlass sun/awt/dnd/SunDragSourceContextPeer
instanceKlass java/awt/dnd/peer/DragSourceContextPeer
# instanceKlass java/lang/invoke/LambdaForm$DMH+0x000000003314c400
instanceKlass fleet/kernel/TransactorEvent$SequentialChange
instanceKlass fleet/kernel/SlowChangeReporterKernelKey
instanceKlass fleet/kernel/KernelMetaKey
instanceKlass java/awt/ModalEventFilter
instanceKlass kotlin/time/DurationJvmKt
instanceKlass java/awt/EventDispatchThread$HierarchyEventFilter
instanceKlass java/awt/EventFilter
instanceKlass java/awt/EventDispatchThread$1
instanceKlass java/awt/Conditional
instanceKlass kotlin/time/Duration$Companion
instanceKlass java/net/NetworkInterface$1
instanceKlass kotlin/time/Duration
instanceKlass sun/awt/EventQueueItem
instanceKlass kotlin/time/DurationUnitKt__DurationUnitJvmKt
instanceKlass kotlin/time/DurationKt
instanceKlass  @bci com/intellij/openapi/util/NotNullLazyValue createConstantValue (Ljava/lang/Object;)Lcom/intellij/openapi/util/NotNullLazyValue; 9 <appendix> member <vmtarget> ; # com/intellij/openapi/util/NotNullLazyValue$$Lambda+0x00000000331495d8
instanceKlass sun/font/FontManagerNativeLibrary
# instanceKlass java/lang/invoke/LambdaForm$MH+0x000000003314c000
instanceKlass sun/font/SunFontManager$T1Filter
instanceKlass  @bci sun/awt/AWTThreading getInstance (Ljava/lang/Thread;)Lsun/awt/AWTThreading; 23 <appendix> member <vmtarget> ; # sun/awt/AWTThreading$$Lambda+0x000000003303cf88
instanceKlass sun/font/SunFontManager$TTFilter
instanceKlass java/io/FilenameFilter
instanceKlass sun/font/Font2DHandle
instanceKlass kotlin/time/LongSaturatedMathKt
instanceKlass sun/font/SunFontManager
instanceKlass  @bci sun/awt/AWTThreading <clinit> ()V 39 <appendix> argL0 ; # sun/awt/AWTThreading$$Lambda+0x000000003303bdc0
instanceKlass com/intellij/openapi/util/NotNullLazyValue
instanceKlass sun/font/FontManagerForSGE
instanceKlass sun/font/FontManager
instanceKlass kotlin/time/TimedValue
instanceKlass sun/java2d/FontSupport
# instanceKlass java/lang/invoke/LambdaForm$MH+0x0000000033146c00
instanceKlass  @bci sun/awt/AWTThreading <clinit> ()V 27 <appendix> argL0 ; # sun/awt/AWTThreading$$Lambda+0x000000003303b4a0
# instanceKlass java/lang/invoke/LambdaForm$MH+0x0000000033146800
instanceKlass com/intellij/util/text/CharArrayCharSequence
instanceKlass sun/awt/AWTThreading
instanceKlass com/intellij/openapi/util/text/CharSequenceWithStringHash
instanceKlass com/intellij/util/text/CharSequenceBackedByArray
# instanceKlass java/lang/invoke/LambdaForm$MH+0x0000000033146400
instanceKlass  @bci fleet/kernel/rete/ReteKt$withRete$2$1$1$3$reteEntity$1 invoke (Lcom/jetbrains/rhizomedb/ChangeScope;)Lfleet/kernel/rete/ReteEntity; 30 <appendix> member <vmtarget> ; # fleet/kernel/rete/ReteKt$withRete$2$1$1$3$reteEntity$1$$Lambda+0x0000000033147000
instanceKlass sun/font/PlatformFontInfo
instanceKlass sun/font/FontManagerFactory
# instanceKlass java/lang/invoke/LambdaForm$MH+0x0000000033146000
instanceKlass com/intellij/openapi/util/text/Strings
instanceKlass  @cpi fleet/kernel/rete/ReteKt$withRete$2$1$1$3$reteEntity$1 53 form vmentry <vmtarget> ; # java/lang/invoke/LambdaForm$DMH+0x0000000033145c00
instanceKlass java/awt/event/InvocationEvent$1
instanceKlass sun/awt/AWTAccessor$InvocationEventAccessor
instanceKlass java/awt/ActiveEvent
instanceKlass sun/awt/PostEventQueue
# instanceKlass java/lang/invoke/LambdaForm$MH+0x0000000033145800
instanceKlass sun/awt/MostRecentKeyValue
instanceKlass com/intellij/openapi/util/SystemInfo
instanceKlass java/awt/Queue
instanceKlass java/net/DefaultInterface
instanceKlass java/net/Inet6Address$Inet6AddressHolder
instanceKlass com/intellij/ui/AppUIUtilKt$WhenMappings
instanceKlass sun/awt/AppContext$3
# instanceKlass java/lang/invoke/LambdaForm$MH+0x0000000033145400
instanceKlass jdk/internal/access/JavaAWTAccess
instanceKlass sun/awt/AppContext$GetAppContextLock
instanceKlass java/net/InetAddress$PlatformResolver
instanceKlass java/net/spi/InetAddressResolver
instanceKlass java/net/spi/InetAddressResolver$LookupPolicy
instanceKlass java/net/Inet4AddressImpl
instanceKlass java/net/Inet6AddressImpl
instanceKlass java/net/InetAddressImpl
instanceKlass java/util/concurrent/ConcurrentSkipListMap$Node
instanceKlass com/intellij/ui/AppUIUtilKt
instanceKlass sun/awt/AppContext
instanceKlass java/util/concurrent/ConcurrentSkipListMap$Index
instanceKlass java/util/concurrent/ConcurrentNavigableMap
instanceKlass java/util/NavigableSet
instanceKlass java/net/InetAddress$InetAddressHolder
instanceKlass sun/security/util/SecurityProperties
instanceKlass jdk/internal/util/Exceptions
# instanceKlass java/lang/invoke/LambdaForm$MH+0x0000000033145000
instanceKlass java/net/InetAddress$1
instanceKlass jdk/internal/access/JavaNetInetAddressAccess
instanceKlass java/awt/EventQueue$2
instanceKlass sun/awt/AWTAccessor$EventQueueAccessor
instanceKlass java/awt/EventQueue$1
instanceKlass java/awt/EventQueue
instanceKlass java/net/InetAddress
instanceKlass java/net/InterfaceAddress
instanceKlass com/intellij/util/ui/StartupUiUtil
# instanceKlass java/lang/invoke/LambdaForm$MH+0x0000000033144c00
# instanceKlass java/lang/invoke/LambdaForm$MH+0x0000000033144800
instanceKlass fleet/kernel/rete/ReteEntity
instanceKlass fleet/kernel/SpanChangeKey
instanceKlass java/net/NetworkInterface
instanceKlass fleet/kernel/DeferredChangeKey
instanceKlass sun/awt/SunDisplayChanger
# instanceKlass java/lang/invoke/LambdaForm$MH+0x0000000033144400
instanceKlass kotlin/time/TimeSource$Monotonic$ValueTimeMark
instanceKlass kotlin/time/MonotonicTimeSource
instanceKlass kotlin/time/ComparableTimeMark
instanceKlass kotlin/time/TimeMark
instanceKlass sun/java2d/windows/WindowsFlags
instanceKlass kotlin/time/TimeSource$Monotonic
instanceKlass kotlin/time/TimeSource$WithComparableMarks
instanceKlass kotlin/time/TimeSource
instanceKlass  @bci java/lang/invoke/BootstrapMethodInvoker invoke (Ljava/lang/Class;Ljava/lang/invoke/MethodHandle;Ljava/lang/String;Ljava/lang/Object;Ljava/lang/Object;Ljava/lang/Class;)Ljava/lang/Object; 111 <adapter> ; # java/lang/invoke/LambdaForm$MH+0x0000000033144000
instanceKlass kotlinx/coroutines/channels/ChannelResult$Failed
instanceKlass kotlinx/coroutines/channels/ChannelResult$Companion
instanceKlass java/awt/GraphicsEnvironment$LocalGE
instanceKlass kotlinx/coroutines/channels/ChannelResult
instanceKlass kotlinx/coroutines/CancellableContinuationImplKt
instanceKlass  @bci kotlinx/coroutines/channels/BufferedChannel onUndeliveredElementReceiveCancellationConstructor$lambda$57$lambda$56 (Lkotlinx/coroutines/channels/BufferedChannel;Lkotlinx/coroutines/selects/SelectInstance;Ljava/lang/Object;Ljava/lang/Object;)Lkotlin/jvm/functions/Function3; 3 <appendix> member <vmtarget> ; # kotlinx/coroutines/channels/BufferedChannel$$Lambda+0x0000000033139000
instanceKlass  @bci sun/awt/windows/WToolkit registerShutdownHook ()V 8 <appendix> member <vmtarget> ; # sun/awt/windows/WToolkit$$Lambda+0x00000000330370f8
instanceKlass sun/security/provider/ByteArrayAccess$BE
instanceKlass sun/security/provider/ByteArrayAccess
instanceKlass java/util/concurrent/ForkJoinPool$DefaultForkJoinWorkerThreadFactory
instanceKlass java/util/concurrent/ForkJoinPool$1
instanceKlass jdk/internal/access/JavaUtilConcurrentFJPAccess
instanceKlass java/util/concurrent/ForkJoinTask
instanceKlass java/util/concurrent/ForkJoinPool$WorkQueue
instanceKlass java/util/concurrent/CountDownLatch
instanceKlass sun/security/util/MessageDigestSpi2
instanceKlass sun/security/jca/GetInstance$Instance
instanceKlass fleet/kernel/ChangeTask
instanceKlass java/util/concurrent/locks/AbstractQueuedSynchronizer$Node
instanceKlass java/security/MessageDigestSpi
instanceKlass kotlinx/coroutines/internal/ConcurrentLinkedListKt
instanceKlass kotlinx/coroutines/selects/SelectImplementation$ClauseData
instanceKlass fleet/kernel/rete/Rete$Companion
instanceKlass fleet/kernel/rete/Rete
instanceKlass fleet/kernel/rete/ReteDbSource
instanceKlass kotlinx/coroutines/selects/SelectClause1Impl
instanceKlass kotlinx/coroutines/selects/SelectClause1
instanceKlass kotlinx/coroutines/selects/SelectClause
instanceKlass kotlinx/coroutines/selects/SelectKt$DUMMY_PROCESS_RESULT_FUNCTION$1
instanceKlass kotlinx/coroutines/selects/SelectKt
instanceKlass kotlinx/coroutines/selects/SelectImplementation
instanceKlass kotlinx/coroutines/selects/SelectInstanceInternal
instanceKlass kotlinx/coroutines/selects/SelectBuilder
instanceKlass kotlinx/coroutines/flow/MutableStateFlow
instanceKlass kotlinx/coroutines/flow/StateFlowKt
instanceKlass fleet/kernel/rete/ReteState$Db
instanceKlass fleet/kernel/rete/ReteState
instanceKlass kotlin/jvm/internal/Ref$LongRef
instanceKlass kotlinx/coroutines/flow/internal/SafeCollectorKt
instanceKlass  @bci kotlinx/coroutines/flow/internal/SafeCollector_commonKt checkContext (Lkotlinx/coroutines/flow/internal/SafeCollector;Lkotlin/coroutines/CoroutineContext;)V 6 <appendix> member <vmtarget> ; # kotlinx/coroutines/flow/internal/SafeCollector_commonKt$$Lambda+0x0000000033136498
instanceKlass  @cpi kotlinx/coroutines/flow/internal/SafeCollector_commonKt 23 form vmentry <vmtarget> ; # java/lang/invoke/LambdaForm$DMH+0x0000000033138000
instanceKlass kotlinx/coroutines/flow/internal/SafeCollector_commonKt
instanceKlass fleet/kernel/SubscriptionEvent$First
instanceKlass fleet/kernel/SubscriptionEvent
instanceKlass kotlinx/coroutines/flow/internal/NullSurrogateKt
instanceKlass kotlinx/coroutines/flow/SharedFlowImpl$Emitter
instanceKlass kotlinx/coroutines/flow/SubscribedFlowCollector
instanceKlass kotlinx/coroutines/flow/internal/AbstractSharedFlowSlot
instanceKlass fleet/kernel/TransactorKt$withTransactor$2$transactor$1$log$1$invokeSuspend$$inlined$fold$1
instanceKlass  @bci kotlinx/coroutines/flow/internal/SafeCollector <init> (Lkotlinx/coroutines/flow/FlowCollector;Lkotlin/coroutines/CoroutineContext;)V 35 <appendix> argL0 ; # kotlinx/coroutines/flow/internal/SafeCollector$$Lambda+0x0000000033134308
instanceKlass kotlinx/coroutines/flow/internal/NoOpContinuation
instanceKlass fleet/kernel/TransactorKt$subscribe$2$job$1$1
instanceKlass fleet/kernel/rete/ReteKt$withRete$2$1
instanceKlass fleet/kernel/Subscriber
instanceKlass fleet/kernel/DbSourceKt
instanceKlass fleet/util/channels/ChannelExtKt
instanceKlass kotlinx/coroutines/CopyableThrowable
instanceKlass fleet/kernel/ChangeInterceptor$Companion
instanceKlass fleet/kernel/ChangeInterceptor
instanceKlass fleet/kernel/rete/ReteKt
instanceKlass fleet/kernel/rete/ContextMatches$Companion
instanceKlass fleet/kernel/rete/ContextMatches
instanceKlass fleet/kernel/Transactor$DefaultImpls
instanceKlass fleet/kernel/FlowDbSource
instanceKlass fleet/kernel/DbSource
instanceKlass fleet/kernel/DbSource$ContextElement$Companion
instanceKlass fleet/kernel/DbSource$ContextElement
instanceKlass fleet/util/async/JobExtKt
instanceKlass fleet/multiplatform/shims/SingleThreadCoroutineDispatcher_jvmKt$newSingleThreadCoroutineDispatcherJvm$1$WhenMappings
instanceKlass kotlin/coroutines/ContinuationKt
instanceKlass java/util/concurrent/Callable
instanceKlass java/util/concurrent/ScheduledFuture
instanceKlass java/util/concurrent/Delayed
instanceKlass java/util/concurrent/ScheduledExecutorService
instanceKlass kotlinx/coroutines/internal/ConcurrentKt
instanceKlass kotlinx/coroutines/ExecutorsKt
instanceKlass  @bci java/util/concurrent/Executors$AutoShutdownDelegatedExecutorService <init> (Ljava/util/concurrent/ExecutorService;)V 6 <appendix> member <vmtarget> ; # java/util/concurrent/Executors$AutoShutdownDelegatedExecutorService$$Lambda+0x00000000330367e8
instanceKlass java/util/concurrent/LinkedBlockingQueue$Node
instanceKlass java/util/concurrent/Executors$DelegatedExecutorService
instanceKlass  @bci fleet/multiplatform/shims/SingleThreadCoroutineDispatcher_jvmKt$newSingleThreadCoroutineDispatcherJvm$1 use (Lkotlin/jvm/functions/Function3;Lkotlin/coroutines/Continuation;)Ljava/lang/Object; 101 <appendix> member <vmtarget> ; # fleet/multiplatform/shims/SingleThreadCoroutineDispatcher_jvmKt$newSingleThreadCoroutineDispatcherJvm$1$$Lambda+0x000000003312d2c0
instanceKlass fleet/multiplatform/shims/SingleThreadCoroutineDispatcher_jvmKt$newSingleThreadCoroutineDispatcherJvm$1
instanceKlass fleet/multiplatform/shims/HighPriorityCoroutineDispatcherResource
instanceKlass fleet/multiplatform/shims/SingleThreadCoroutineDispatcher_jvmKt
instanceKlass fleet/multiplatform/shims/SingleThreadCoroutineDispatcherKt
instanceKlass kotlinx/coroutines/flow/internal/FlowValueWrapperInternalKt
instanceKlass kotlinx/coroutines/flow/internal/AbstractSharedFlowKt
instanceKlass fleet/kernel/TransactorEvent$Init
instanceKlass fleet/kernel/TransactorEvent
instanceKlass kotlinx/coroutines/flow/AbstractFlow
instanceKlass kotlinx/coroutines/flow/FlowKt__BuildersKt
instanceKlass kotlinx/coroutines/flow/FlowKt
instanceKlass fleet/kernel/Transactor$Companion
instanceKlass fleet/kernel/TransactorKt$withTransactor$2$transactor$1
instanceKlass fleet/kernel/Transactor
instanceKlass fleet/kernel/TransactorKt$withTransactor$2$dbState$1
instanceKlass kotlinx/coroutines/flow/StateFlow
instanceKlass kotlinx/coroutines/flow/internal/AbstractSharedFlow
instanceKlass kotlinx/coroutines/flow/internal/FusibleFlow
instanceKlass kotlinx/coroutines/flow/CancellableFlow
instanceKlass kotlinx/coroutines/flow/MutableSharedFlow
instanceKlass kotlinx/coroutines/flow/FlowCollector
instanceKlass kotlinx/coroutines/flow/SharedFlow
instanceKlass kotlinx/coroutines/flow/Flow
instanceKlass kotlinx/coroutines/flow/SharedFlowKt
instanceKlass  @bci kotlinx/coroutines/channels/BufferedChannel <init> (ILkotlin/jvm/functions/Function1;)V 159 <appendix> member <vmtarget> ; # kotlinx/coroutines/channels/BufferedChannel$$Lambda+0x0000000033127d58
instanceKlass kotlinx/coroutines/selects/SelectInstance
instanceKlass kotlinx/coroutines/internal/ConcurrentLinkedListNode
instanceKlass kotlinx/coroutines/channels/BufferedChannelKt
instanceKlass kotlinx/coroutines/channels/BufferedChannel
instanceKlass kotlinx/coroutines/channels/Channel
instanceKlass kotlinx/coroutines/channels/ReceiveChannel
instanceKlass kotlinx/coroutines/channels/SendChannel
instanceKlass sun/security/util/ArrayUtil
instanceKlass sun/security/jca/JCAUtil
instanceKlass javax/crypto/spec/IvParameterSpec
instanceKlass  @bci com/sun/crypto/provider/DESKey <init> ([BI)V 65 <appendix> member <vmtarget> ; # com/sun/crypto/provider/DESKey$$Lambda+0x0000000033036580
instanceKlass javax/crypto/KeyGeneratorSpi
instanceKlass com/sun/crypto/provider/DESKey
instanceKlass javax/crypto/SecretKey
instanceKlass javax/security/auth/Destroyable
instanceKlass javax/crypto/spec/DESKeySpec
instanceKlass kotlinx/coroutines/channels/ChannelKt
instanceKlass javax/crypto/SecretKeyFactorySpi
instanceKlass javax/crypto/SecretKeyFactory
instanceKlass com/sun/crypto/provider/PKCS5Padding
instanceKlass com/sun/crypto/provider/Padding
instanceKlass com/sun/crypto/provider/FeedbackCipher
instanceKlass com/sun/crypto/provider/DESConstants
instanceKlass com/sun/crypto/provider/SymmetricCipher
instanceKlass com/sun/crypto/provider/CipherCore
instanceKlass javax/crypto/CipherSpi
instanceKlass javax/crypto/ProviderVerifier
instanceKlass java/lang/Class$Holder
instanceKlass javax/crypto/JceSecurity$1
instanceKlass fleet/kernel/rebase/WorkspaceClockEntity
instanceKlass java/net/spi/URLStreamHandlerProvider
instanceKlass jdk/internal/misc/ThreadTracker
instanceKlass java/net/URL$ThreadTrackHolder
instanceKlass java/util/Vector$Itr
instanceKlass javax/crypto/CryptoPolicyParser$CryptoPermissionEntry
instanceKlass javax/crypto/CryptoPolicyParser$GrantEntry
instanceKlass java/io/StreamTokenizer
instanceKlass javax/crypto/CryptoPolicyParser
instanceKlass java/nio/file/Files$1
instanceKlass sun/nio/fs/WindowsFileSystem$1
instanceKlass java/nio/file/PathMatcher
instanceKlass sun/nio/fs/Globs
instanceKlass fleet/kernel/rebase/RemoteKernelConnectionEntity
instanceKlass sun/nio/fs/WindowsFileSystemProvider$1
instanceKlass javax/crypto/JceSecurity
instanceKlass sun/security/jca/ProviderList$ServiceIterator
instanceKlass sun/security/jca/ServiceId
instanceKlass javax/crypto/Cipher$Transform
instanceKlass javax/crypto/Cipher
instanceKlass fleet/kernel/rebase/OfferContributorEntity
instanceKlass fleet/kernel/rebase/RebaseEntitiesKt
instanceKlass kotlin/collections/builders/MapBuilder$EntryRef
instanceKlass kotlin/collections/builders/MapBuilder$Itr
instanceKlass kotlin/jvm/internal/SpreadBuilder
instanceKlass fleet/kernel/SharedRetractionRelation
instanceKlass fleet/kernel/RetractionRelation
instanceKlass fleet/kernel/ChangeScopeExtKt
instanceKlass com/jetbrains/rhizomedb/EntityAttributeKt
instanceKlass com/jetbrains/rhizomedb/EntityTypeKt$buildAttributes$1$1$1
instanceKlass fleet/fastutil/ints/IntOpenHashSet$Companion
instanceKlass fleet/fastutil/ints/IntOpenHashSet
instanceKlass fleet/fastutil/ints/MutableIntSet
instanceKlass fleet/fastutil/ints/IntSet
instanceKlass  @bci fleet/kernel/TransactorKt$withTransactor$2$initialDb$2$1$1$1$1 invoke (Lcom/jetbrains/rhizomedb/ChangeScope;)Lfleet/kernel/DbTimestamp; 22 <appendix> argL0 ; # fleet/kernel/TransactorKt$withTransactor$2$initialDb$2$1$1$1$1$$Lambda+0x0000000033120000
instanceKlass com/jetbrains/rhizomedb/EntityBuilder$Target
instanceKlass com/jetbrains/rhizomedb/EntityBuilder
instanceKlass fleet/kernel/rebase/SharedBlock
instanceKlass fleet/fastutil/ints/IntEntry
instanceKlass fleet/kernel/rebase/InstructionsRecordingKt$instructionsRecording$1$SharedInstructionWithEffects
instanceKlass kotlinx/serialization/internal/LongSerializer
instanceKlass kotlin/jvm/internal/LongCompanionObject
instanceKlass com/jetbrains/rhizomedb/EntityTypeKt
instanceKlass java/util/concurrent/atomic/AtomicLongArray
instanceKlass java/util/concurrent/atomic/AtomicIntegerArray
instanceKlass kotlin/reflect/jvm/internal/impl/name/SpecialNames
instanceKlass kotlin/reflect/jvm/internal/impl/builtins/CompanionObjectMapping
instanceKlass kotlin/reflect/jvm/internal/impl/name/FqNamesUtilKt
instanceKlass kotlin/reflect/jvm/internal/impl/utils/CollectionsKt
instanceKlass kotlin/reflect/jvm/internal/impl/builtins/PrimitiveType$Companion
instanceKlass kotlin/reflect/jvm/internal/impl/builtins/PrimitiveType$$Lambda$1
instanceKlass kotlin/reflect/jvm/internal/impl/builtins/PrimitiveType$$Lambda$0
instanceKlass kotlin/reflect/jvm/internal/impl/builtins/StandardNames$FqNames
instanceKlass kotlin/reflect/jvm/internal/impl/builtins/jvm/JavaToKotlinClassMap$PlatformMutabilityMapping
instanceKlass kotlin/reflect/jvm/internal/impl/name/StandardClassIdsKt
instanceKlass kotlin/reflect/jvm/internal/impl/name/StandardClassIds
instanceKlass kotlin/reflect/jvm/internal/impl/builtins/StandardNames
instanceKlass kotlin/reflect/jvm/internal/impl/builtins/functions/FunctionTypeKind$Companion
instanceKlass kotlin/reflect/jvm/internal/impl/builtins/functions/FunctionTypeKind
instanceKlass kotlin/reflect/jvm/internal/impl/builtins/jvm/JavaToKotlinClassMap
instanceKlass kotlin/jvm/functions/Function22
instanceKlass kotlin/jvm/functions/Function21
instanceKlass kotlin/jvm/functions/Function20
instanceKlass kotlin/jvm/functions/Function19
instanceKlass kotlin/jvm/functions/Function18
instanceKlass kotlin/jvm/functions/Function17
instanceKlass kotlin/jvm/functions/Function16
instanceKlass kotlin/jvm/functions/Function15
instanceKlass kotlin/jvm/functions/Function14
instanceKlass kotlin/jvm/functions/Function13
instanceKlass kotlin/jvm/functions/Function12
instanceKlass kotlin/jvm/functions/Function11
instanceKlass kotlin/jvm/functions/Function10
instanceKlass kotlin/jvm/functions/Function9
instanceKlass kotlin/jvm/functions/Function8
instanceKlass kotlin/jvm/functions/Function7
instanceKlass kotlin/jvm/functions/Function6
instanceKlass kotlin/jvm/functions/Function5
instanceKlass kotlin/jvm/functions/Function4
instanceKlass kotlin/reflect/jvm/internal/impl/descriptors/runtime/structure/ReflectClassUtilKt
instanceKlass kotlin/reflect/jvm/internal/RuntimeTypeMapper
instanceKlass kotlin/reflect/jvm/internal/KClassImpl$Data$$Lambda$21
instanceKlass kotlin/reflect/jvm/internal/KClassImpl$Data$$Lambda$20
instanceKlass kotlin/reflect/jvm/internal/KClassImpl$Data$$Lambda$19
instanceKlass kotlin/reflect/jvm/internal/KClassImpl$Data$$Lambda$18
instanceKlass kotlin/reflect/jvm/internal/KClassImpl$Data$$Lambda$17
instanceKlass kotlin/reflect/jvm/internal/KClassImpl$Data$$Lambda$16
instanceKlass kotlin/reflect/jvm/internal/KClassImpl$Data$$Lambda$15
instanceKlass kotlin/reflect/jvm/internal/KClassImpl$Data$$Lambda$14
instanceKlass kotlin/reflect/jvm/internal/KClassImpl$Data$$Lambda$13
instanceKlass kotlin/reflect/jvm/internal/KClassImpl$Data$$Lambda$12
instanceKlass kotlin/reflect/jvm/internal/KClassImpl$Data$$Lambda$11
instanceKlass kotlin/reflect/jvm/internal/KClassImpl$Data$$Lambda$10
instanceKlass kotlin/reflect/jvm/internal/KClassImpl$Data$$Lambda$9
instanceKlass kotlin/reflect/jvm/internal/KClassImpl$Data$$Lambda$8
instanceKlass kotlin/reflect/jvm/internal/KClassImpl$Data$$Lambda$7
instanceKlass kotlin/reflect/jvm/internal/KClassImpl$Data$$Lambda$6
instanceKlass kotlin/reflect/jvm/internal/KClassImpl$Data$$Lambda$5
instanceKlass kotlin/reflect/jvm/internal/KClassImpl$Data$$Lambda$4
instanceKlass kotlin/reflect/jvm/internal/KClassImpl$Data$$Lambda$3
instanceKlass kotlin/reflect/jvm/internal/KClassImpl$Data$$Lambda$2
instanceKlass kotlin/reflect/jvm/internal/KClassImpl$Data$$Lambda$1
instanceKlass kotlin/reflect/jvm/internal/KClassImpl$Data$$Lambda$0
instanceKlass kotlin/reflect/jvm/internal/ReflectProperties$Val$1
instanceKlass kotlin/reflect/jvm/internal/ReflectProperties$Val
instanceKlass kotlin/reflect/jvm/internal/ReflectProperties
instanceKlass kotlin/reflect/jvm/internal/KDeclarationContainerImpl$Data$$Lambda$0
instanceKlass kotlin/reflect/KProperty$Getter
instanceKlass kotlin/reflect/KProperty$Accessor
instanceKlass kotlin/reflect/jvm/internal/KDeclarationContainerImpl$Data
instanceKlass fleet/kernel/DbTimestamp
instanceKlass com/jetbrains/rhizomedb/DBUtilKt$withDefaultPart$1$1
instanceKlass fleet/kernel/rebase/SafetyNetKt
instanceKlass fleet/kernel/rebase/InstructionsRecordingKt$instructionsRecording$1$1
instanceKlass fleet/kernel/rebase/InstructionsRecordingKt
instanceKlass fleet/kernel/StorageKey$$serializer
instanceKlass fleet/kernel/StorageKey$Companion
instanceKlass fleet/kernel/StorageKey
instanceKlass  @bci fleet/kernel/Durable <clinit> ()V 24 <appendix> argL0 ; # fleet/kernel/Durable$$Lambda+0x0000000033110240
instanceKlass com/jetbrains/rhizomedb/DefaultValue
instanceKlass fleet/util/serialization/DataSerializer
instanceKlass fleet/kernel/DurableEntityKt
instanceKlass fleet/kernel/rebase/LeaderTransactorMiddleware$performChange$1$1
instanceKlass fleet/kernel/rebase/Shared$Companion
instanceKlass fleet/kernel/rebase/Shared
instanceKlass fleet/kernel/rebase/SharedChangeScope
instanceKlass fleet/util/openmap/PersistentBoundedOpenMap
instanceKlass fleet/util/openmap/BoundedOpenMap$Companion
instanceKlass com/jetbrains/rhizomedb/Change
instanceKlass kotlin/collections/ArrayAsCollection
instanceKlass kotlinx/collections/immutable/implementations/immutableSet/TrieNodeIterator
instanceKlass kotlinx/collections/immutable/implementations/immutableSet/PersistentHashSetIterator
instanceKlass kotlinx/collections/immutable/implementations/immutableSet/TrieNodeKt
instanceKlass kotlinx/collections/immutable/PersistentSet$Builder
instanceKlass kotlinx/collections/immutable/PersistentCollection$Builder
instanceKlass kotlinx/collections/immutable/implementations/immutableSet/TrieNode$Companion
instanceKlass kotlinx/collections/immutable/implementations/immutableSet/TrieNode
instanceKlass kotlinx/collections/immutable/implementations/immutableSet/PersistentHashSet$Companion
instanceKlass kotlin/collections/AbstractSet$Companion
instanceKlass kotlinx/collections/immutable/PersistentSet
instanceKlass kotlinx/collections/immutable/PersistentCollection
instanceKlass kotlinx/collections/immutable/ImmutableSet
instanceKlass com/jetbrains/rhizomedb/SetWithEditor
instanceKlass com/jetbrains/rhizomedb/impl/AEVT$RemovalResult
instanceKlass kotlinx/serialization/json/JsonElement
instanceKlass fleet/util/reducible/ReduceDecision$Companion
instanceKlass fleet/util/reducible/ReduceDecision
instanceKlass fleet/fastutil/ints/IntListExtensionsKt
instanceKlass com/intellij/platform/rpc/logger/IjLogger
instanceKlass fleet/util/logging/KLogger
instanceKlass fleet/util/logging/BaseLogger
instanceKlass com/intellij/platform/rpc/logger/IjLoggerFactory
instanceKlass fleet/util/logging/KLoggerFactory
instanceKlass fleet/util/logging/KLoggers_jvmKt
instanceKlass fleet/util/logging/KLoggersKt
instanceKlass fleet/util/logging/KLoggers
instanceKlass com/jetbrains/rhizomedb/MapAttribute$Companion
instanceKlass com/jetbrains/rhizomedb/Pattern$Companion
instanceKlass com/jetbrains/rhizomedb/Pattern
instanceKlass com/jetbrains/rhizomedb/Novelty$iterator$1$WhenMappings
instanceKlass kotlinx/collections/immutable/implementations/immutableMap/MapEntry
instanceKlass kotlin/jvm/internal/markers/KMutableMap$Entry
instanceKlass kotlinx/collections/immutable/internal/CommonFunctionsKt
instanceKlass kotlinx/collections/immutable/implementations/immutableMap/PersistentHashMapBaseIterator
instanceKlass kotlinx/collections/immutable/implementations/immutableMap/TrieNodeBaseIterator
instanceKlass kotlinx/collections/immutable/implementations/immutableMap/PersistentHashMapBuilderEntriesIterator
instanceKlass kotlin/jvm/internal/markers/KMutableSet
instanceKlass sun/security/provider/SeedGenerator
instanceKlass kotlin/sequences/SequenceScope
instanceKlass sun/security/provider/AbstractDrbg$SeederHolder
instanceKlass kotlin/sequences/SequencesKt__SequenceBuilderKt
instanceKlass java/security/DrbgParameters$NextBytes
instanceKlass sun/nio/ch/PipeImpl$Initializer$LoopbackConnector
instanceKlass sun/nio/ch/PipeImpl$Initializer
instanceKlass java/nio/channels/Pipe
instanceKlass sun/nio/ch/WEPoll
instanceKlass sun/nio/ch/Util$2
instanceKlass java/nio/channels/spi/AbstractSelector$1
instanceKlass com/jetbrains/rhizomedb/impl/MapWithEditor$Companion
instanceKlass com/jetbrains/rhizomedb/impl/MapWithEditor
instanceKlass com/jetbrains/rhizomedb/Versioned
instanceKlass java/nio/channels/Selector
instanceKlass com/jetbrains/rhizomedb/impl/IndexKt
instanceKlass fleet/util/MutableMapExtensionsKt
instanceKlass com/jetbrains/rhizomedb/NoveltyKt$WhenMappings
instanceKlass com/jetbrains/rhizomedb/EAT
instanceKlass com/jetbrains/rhizomedb/NoveltyKt
instanceKlass com/jetbrains/rhizomedb/Datom
instanceKlass com/jetbrains/rhizomedb/impl/AEVT$AdditionResult
instanceKlass com/jetbrains/rhizomedb/VersionedEID
instanceKlass  @bci java/util/regex/Pattern negate (Ljava/util/regex/Pattern$CharPredicate;)Ljava/util/regex/Pattern$CharPredicate; 1 <appendix> member <vmtarget> ; # java/util/regex/Pattern$$Lambda+0x800000046
instanceKlass fleet/util/radixTrie/RadixTrieKt
instanceKlass com/intellij/openapi/util/text/StringUtil$Splitters
instanceKlass fleet/fastutil/ints/Int2ObjectOpenHashMap$MapIterator
instanceKlass java/util/Collections$UnmodifiableCollection$1
instanceKlass kotlin/jvm/internal/Ref$BooleanRef
instanceKlass java/lang/StackTraceElement$HashedModules
instanceKlass com/jetbrains/rhizomedb/impl/AEVT$WhenMappings
instanceKlass java/lang/Throwable$PrintStreamOrWriter
instanceKlass com/jetbrains/rhizomedb/Expansion
instanceKlass com/jetbrains/rhizomedb/InstructionExpansion
instanceKlass kotlin/collections/builders/ListBuilder$Itr
instanceKlass kotlin/jvm/internal/markers/KMutableListIterator
instanceKlass kotlin/jvm/internal/markers/KMutableIterator
instanceKlass com/jetbrains/rhizomedb/Op
instanceKlass kotlin/random/XorWowRandom$Companion
instanceKlass kotlin/random/RandomKt
instanceKlass com/intellij/platform/core/nio/fs/CorePath
instanceKlass com/jetbrains/rhizomedb/impl/SeedKt
instanceKlass kotlin/TuplesKt
# instanceKlass java/lang/invoke/LambdaForm$MH+0x00000000330fc800
instanceKlass kotlin/collections/builders/ListBuilder$Companion
# instanceKlass java/lang/invoke/LambdaForm$MH+0x00000000330fc400
instanceKlass kotlin/jvm/internal/markers/KMutableList
instanceKlass kotlin/jvm/internal/markers/KMutableCollection
instanceKlass kotlin/jvm/internal/markers/KMutableIterable
# instanceKlass java/lang/invoke/LambdaForm$DMH+0x00000000330fc000
instanceKlass com/jetbrains/rhizomedb/IndexQuery
instanceKlass com/jetbrains/rhizomedb/impl/EntitiesImplKt
instanceKlass com/jetbrains/rhizomedb/EntityKt
instanceKlass java/lang/ProcessHandleImpl$Info
instanceKlass java/lang/ProcessHandle$Info
instanceKlass com/jetbrains/rhizomedb/Attribute$Companion
instanceKlass com/jetbrains/rhizomedb/Attribute
instanceKlass com/jetbrains/rhizomedb/Schema$WhenMappings
instanceKlass com/jetbrains/rhizomedb/Schema$Companion
instanceKlass com/jetbrains/rhizomedb/Schema
instanceKlass kotlin/InitializedLazyImpl
instanceKlass kotlinx/serialization/descriptors/SerialKind
instanceKlass  @bci java/time/format/DateTimeFormatter <clinit> ()V 1075 <appendix> argL0 ; # java/time/format/DateTimeFormatter$$Lambda+0x800000029
instanceKlass  @bci java/time/format/DateTimeFormatter <clinit> ()V 1067 <appendix> argL0 ; # java/time/format/DateTimeFormatter$$Lambda+0x800000028
instanceKlass kotlinx/serialization/internal/PrimitiveSerialDescriptor
instanceKlass java/time/Period
instanceKlass java/time/chrono/ChronoPeriod
instanceKlass kotlinx/serialization/internal/StringSerializer
instanceKlass java/time/format/DateTimeFormatterBuilder$TextPrinterParser
instanceKlass java/time/format/DateTimeTextProvider$1
instanceKlass java/time/format/DateTimeTextProvider
instanceKlass java/time/format/DateTimeTextProvider$LocaleStore
instanceKlass kotlinx/serialization/builtins/BuiltinSerializersKt
instanceKlass java/time/format/DateTimeFormatterBuilder$InstantPrinterParser
instanceKlass java/time/format/DateTimeFormatterBuilder$StringLiteralPrinterParser
instanceKlass java/time/format/DateTimeFormatterBuilder$ZoneIdPrinterParser
instanceKlass java/time/format/DateTimeFormatterBuilder$OffsetIdPrinterParser
instanceKlass java/time/format/DecimalStyle
instanceKlass java/time/format/DateTimeFormatterBuilder$CharLiteralPrinterParser
instanceKlass java/time/format/DateTimeFormatter
instanceKlass java/time/format/DateTimeFormatterBuilder$CompositePrinterParser
instanceKlass kotlin/jvm/internal/StringCompanionObject
instanceKlass java/time/format/DateTimeFormatterBuilder$NumberPrinterParser
instanceKlass java/time/format/DateTimeFormatterBuilder$DateTimePrinterParser
instanceKlass fleet/fastutil/ints/IntArrayList$Companion
instanceKlass java/time/temporal/JulianFields
instanceKlass java/time/temporal/IsoFields
instanceKlass  @bci java/time/format/DateTimeFormatterBuilder <clinit> ()V 0 <appendix> argL0 ; # java/time/format/DateTimeFormatterBuilder$$Lambda+0x80000002a
instanceKlass fleet/fastutil/ints/IntArrayList
instanceKlass fleet/fastutil/ints/MutableIntList
instanceKlass java/time/temporal/TemporalQuery
instanceKlass java/time/format/DateTimeFormatterBuilder
instanceKlass java/time/Year
instanceKlass java/time/chrono/AbstractChronology
instanceKlass java/time/chrono/Chronology
instanceKlass java/time/zone/ZoneOffsetTransition
instanceKlass kotlin/collections/IntIterator
instanceKlass java/time/zone/ZoneOffsetTransitionRule
instanceKlass java/time/zone/ZoneRules
instanceKlass java/time/zone/Ser
instanceKlass java/io/Externalizable
instanceKlass kotlin/internal/ProgressionUtilKt
instanceKlass kotlin/ranges/IntRange$Companion
instanceKlass kotlin/ranges/IntProgression$Companion
instanceKlass kotlin/ranges/IntProgression
instanceKlass kotlin/ranges/OpenEndRange
instanceKlass kotlin/ranges/ClosedRange
instanceKlass fleet/fastutil/ints/IntList$Companion
instanceKlass fleet/fastutil/ints/IntList
instanceKlass com/jetbrains/rhizomedb/APIKt
instanceKlass kotlin/concurrent/atomics/AtomicsKt__Atomics_commonKt
instanceKlass  @bci fleet/multiplatform/shims/MultiplatformMultiplatformConcurrentHashMapJvmImpl computeIfAbsent (Ljava/lang/Object;Lkotlin/jvm/functions/Function1;)Ljava/lang/Object; 12 <appendix> member <vmtarget> ; # fleet/multiplatform/shims/MultiplatformMultiplatformConcurrentHashMapJvmImpl$$Lambda+0x00000000330f1c28
instanceKlass fleet/multiplatform/shims/MultiplatformMultiplatformConcurrentHashMapJvmImpl
instanceKlass java/time/zone/ZoneRulesProvider
instanceKlass fleet/multiplatform/shims/MultiplatformConcurrentHashMap
instanceKlass fleet/multiplatform/shims/MultiplatformConcurrentHashMap_jvmKt
instanceKlass sun/util/calendar/ZoneInfoFile$ZoneOffsetTransitionRule
instanceKlass fleet/multiplatform/shims/MultiplatformConcurrentHashMapKt
instanceKlass com/jetbrains/rhizomedb/impl/EidGen$Companion
instanceKlass com/jetbrains/rhizomedb/impl/EidGen
instanceKlass com/jetbrains/rhizomedb/EntityAttribute
instanceKlass com/jetbrains/rhizomedb/Presentable
instanceKlass kotlin/collections/EmptyIterator
instanceKlass com/jetbrains/rhizomedb/AttributesKt
instanceKlass kotlin/collections/EmptyList
instanceKlass com/jetbrains/rhizomedb/Attributes
instanceKlass com/jetbrains/rhizomedb/Entity
instanceKlass kotlinx/collections/immutable/implementations/immutableMap/TrieNode$ModificationResult
instanceKlass kotlinx/collections/immutable/implementations/immutableMap/TrieNodeKt
instanceKlass com/jetbrains/rhizomedb/MutableNoveltyKey
instanceKlass com/jetbrains/rhizomedb/ChangeScopeKey
instanceKlass fleet/util/openmap/Key
instanceKlass com/jetbrains/rhizomedb/ChangeScope$Companion$fromContext$1
instanceKlass com/jetbrains/rhizomedb/ChangeScope$Companion
instanceKlass com/jetbrains/rhizomedb/ChangeScope
instanceKlass com/jetbrains/rhizomedb/ChangeScopeKt
instanceKlass com/jetbrains/rhizomedb/DbContext$Companion
instanceKlass jdk/internal/util/ByteArray
instanceKlass com/jetbrains/rhizomedb/DBUtilKt$processingNovelty$1$1
instanceKlass sun/util/calendar/ZoneInfoFile
instanceKlass java/util/TimeZone
instanceKlass com/jetbrains/rhizomedb/DBUtilKt
instanceKlass java/time/Clock
instanceKlass java/time/InstantSource
instanceKlass java/util/logging/LogRecord
instanceKlass  @bci com/intellij/platform/ide/bootstrap/DirectoryLock <init> (Ljava/nio/file/Path;Ljava/nio/file/Path;Ljava/util/function/Function;)V 113 <adapter> ; # java/lang/invoke/LambdaForm$MH+0x00000000330e9000
instanceKlass kotlin/jvm/internal/CallableReference$NoReceiver
instanceKlass  @bci com/intellij/platform/ide/bootstrap/DirectoryLock <init> (Ljava/nio/file/Path;Ljava/nio/file/Path;Ljava/util/function/Function;)V 113 <appendix> form vmentry <vmtarget> ; # java/lang/invoke/LambdaForm$MH+0x00000000330e8c00
# instanceKlass java/lang/invoke/LambdaForm$BMH+0x00000000330e8800
instanceKlass kotlinx/collections/immutable/internal/MutabilityOwnership
instanceKlass  @bci com/intellij/platform/ide/bootstrap/DirectoryLock <init> (Ljava/nio/file/Path;Ljava/nio/file/Path;Ljava/util/function/Function;)V 113 <appendix> form names 7 function resolvedHandle form vmentry <vmtarget> ; # java/lang/invoke/LambdaForm$DMH+0x00000000330e8400
instanceKlass kotlinx/collections/immutable/PersistentMap$Builder
instanceKlass  @bci com/intellij/platform/ide/bootstrap/DirectoryLock <init> (Ljava/nio/file/Path;Ljava/nio/file/Path;Ljava/util/function/Function;)V 113 <appendix> argL0 form vmentry <vmtarget> ; # java/lang/invoke/LambdaForm$DMH+0x00000000330e8000
instanceKlass com/jetbrains/rhizomedb/Novelty$Companion
instanceKlass com/jetbrains/rhizomedb/Novelty
instanceKlass kotlinx/collections/immutable/ImmutableCollection
instanceKlass com/jetbrains/rhizomedb/MutableNovelty
instanceKlass fleet/util/openmap/MutableBoundedOpenMapImpl
instanceKlass fleet/util/openmap/MutableBoundedOpenMap$Companion
instanceKlass fleet/util/openmap/MutableBoundedOpenMap
instanceKlass fleet/util/openmap/BoundedOpenMap
instanceKlass fleet/util/openmap/OpenMapView
instanceKlass com/jetbrains/rhizomedb/MutableDb
instanceKlass com/jetbrains/rhizomedb/Mut
instanceKlass com/jetbrains/rhizomedb/ChangeKt
instanceKlass sun/awt/AWTAutoShutdown
instanceKlass kotlinx/collections/immutable/implementations/immutableMap/TrieNode$Companion
instanceKlass java/util/concurrent/ConcurrentLinkedDeque$Node
instanceKlass sun/awt/util/ThreadGroupUtils
instanceKlass kotlinx/collections/immutable/implementations/immutableMap/TrieNode
instanceKlass kotlinx/collections/immutable/implementations/immutableMap/PersistentHashMap$Companion
instanceKlass sun/java2d/Disposer
instanceKlass kotlin/collections/AbstractMap$Companion
instanceKlass sun/awt/windows/WToolkit$ToolkitDisposer
instanceKlass sun/java2d/DisposerRecord
instanceKlass  @bci com/jetbrains/rider/environment/local/NetCoreUtil g ()Z 33 <appendix> form vmentry <vmtarget> ; # java/lang/invoke/LambdaForm$MH+0x00000000330e6000
instanceKlass kotlin/collections/AbstractMap
instanceKlass  @bci sun/security/provider/AbstractDrbg <clinit> ()V 12 <appendix> argL0 ; # sun/security/provider/AbstractDrbg$$Lambda+0x800000091
instanceKlass kotlinx/collections/immutable/PersistentMap
instanceKlass sun/security/provider/EntropySource
instanceKlass kotlinx/collections/immutable/ImmutableMap
instanceKlass sun/security/provider/AbstractDrbg
instanceKlass java/security/DrbgParameters$Instantiation
instanceKlass java/security/DrbgParameters
instanceKlass sun/security/provider/MoreDrbgParameters
instanceKlass sun/awt/util/PerformanceLogger$TimeData
instanceKlass sun/awt/util/PerformanceLogger
instanceKlass sun/awt/SunToolkit$ModalityListenerList
instanceKlass sun/awt/ModalityListener
instanceKlass jdk/internal/event/Event
instanceKlass java/beans/PropertyChangeListener
instanceKlass java/beans/ChangeListenerMap
instanceKlass java/util/AbstractList$Itr
instanceKlass java/beans/PropertyChangeSupport
instanceKlass kotlinx/collections/immutable/ExtensionsKt
instanceKlass javax/swing/event/EventListenerList
instanceKlass sun/awt/windows/WDesktopPeer
instanceKlass java/awt/peer/DesktopPeer
instanceKlass com/jetbrains/rhizomedb/QueryCache$QueryCacheData
instanceKlass java/awt/Component$DummyRequestFocusController
instanceKlass com/jetbrains/rhizomedb/QueryCache$Companion
instanceKlass sun/awt/RequestFocusController
instanceKlass java/awt/Component$1
instanceKlass com/jetbrains/rhizomedb/QueryCache
instanceKlass sun/awt/AWTAccessor$ComponentAccessor
instanceKlass com/jetbrains/rhizomedb/impl/ArrayWithEditor$Companion
instanceKlass com/jetbrains/rhizomedb/impl/ArrayWithEditor
instanceKlass java/awt/font/JavaAWTFontAccessImpl
instanceKlass jdk/internal/access/JavaAWTFontAccess
instanceKlass org/jcp/xml/dsig/internal/dom/XMLDSigRI$2
instanceKlass java/text/AttributedCharacterIterator$Attribute
instanceKlass com/jetbrains/rhizomedb/impl/AEVT$Companion
instanceKlass org/jcp/xml/dsig/internal/dom/XMLDSigRI$1
instanceKlass com/jetbrains/rhizomedb/impl/AEVT
instanceKlass sun/font/AttributeValues
instanceKlass fleet/util/radixTrie/RadixTrieNode$Companion
instanceKlass java/awt/geom/AffineTransform
instanceKlass fleet/util/radixTrie/RadixTrieNode
instanceKlass sun/font/FontAccess
instanceKlass com/jetbrains/rhizomedb/impl/VAET$Companion
instanceKlass com/jetbrains/rhizomedb/impl/VAET
instanceKlass java/awt/Font
instanceKlass fleet/fastutil/HashCommon
instanceKlass sun/security/smartcardio/SunPCSC$1
instanceKlass fleet/fastutil/ints/Int2ObjectOpenHashMap
instanceKlass fleet/fastutil/ints/MutableIntMap
instanceKlass fleet/fastutil/ints/IntMap
instanceKlass fleet/fastutil/Hash
instanceKlass com/jetbrains/rhizomedb/impl/IntMapWithEditor$Companion
instanceKlass com/jetbrains/rhizomedb/impl/IntMapWithEditor
instanceKlass sun/awt/windows/WObjectPeer
instanceKlass com/jetbrains/rhizomedb/impl/Editor
instanceKlass com/jetbrains/rhizomedb/impl/AVET$Companion
instanceKlass java/awt/dnd/peer/DropTargetPeer
instanceKlass java/awt/peer/ComponentPeer
instanceKlass com/jetbrains/rhizomedb/impl/AVET
instanceKlass com/jetbrains/rhizomedb/impl/Index$Partition$Companion
instanceKlass com/jetbrains/rhizomedb/impl/Index$Partition
instanceKlass java/awt/event/InputEvent$1
instanceKlass sun/awt/AWTAccessor$InputEventAccessor
instanceKlass com/jetbrains/rhizomedb/impl/Index$Companion
instanceKlass com/jetbrains/rhizomedb/impl/Index
instanceKlass java/awt/event/NativeLibLoader
instanceKlass java/awt/AWTEvent$1
instanceKlass sun/awt/AWTAccessor$AWTEventAccessor
instanceKlass com/intellij/platform/ide/bootstrap/EndUserAgreementStatus$Accepted
instanceKlass com/intellij/platform/ide/bootstrap/EndUserAgreementStatus
instanceKlass java/util/EventObject
instanceKlass com/jetbrains/rhizomedb/DB$Companion
instanceKlass com/jetbrains/rhizomedb/DB
instanceKlass com/jetbrains/rhizomedb/Q
instanceKlass java/awt/Component$AWTTreeLock
instanceKlass java/util/StringTokenizer
instanceKlass java/awt/Component
instanceKlass java/util/prefs/NodeChangeListener
instanceKlass java/util/prefs/PreferenceChangeListener
instanceKlass kotlin/text/CharsKt__CharJVMKt
instanceKlass java/awt/MenuContainer
instanceKlass java/awt/image/ImageObserver
instanceKlass fleet/util/RandomKt
instanceKlass sun/awt/DisplayChangedListener
instanceKlass java/util/EventListener
instanceKlass kotlin/internal/jdk8/JDK8PlatformImplementations$ReflectSdkVersion
instanceKlass sun/awt/image/SurfaceManager
instanceKlass kotlin/internal/PlatformImplementations
instanceKlass sun/awt/image/SurfaceManager$ImageAccessor
instanceKlass java/awt/ImageCapabilities
instanceKlass kotlin/internal/PlatformImplementationsKt
instanceKlass java/util/prefs/WindowsPreferencesFactory
instanceKlass java/awt/Image
instanceKlass java/util/prefs/Preferences$1
instanceKlass  @bci sun/security/pkcs11/SunPKCS11 register (Lsun/security/pkcs11/SunPKCS11$Descriptor;)V 27 <appendix> argL0 ; # sun/security/pkcs11/SunPKCS11$$Lambda+0x00000000330d54c0
instanceKlass kotlin/random/Random
instanceKlass sun/java2d/DestSurfaceProvider
instanceKlass fleet/multiplatform/shims/SynchronizedObject
instanceKlass sun/java2d/loops/RenderCache
instanceKlass fleet/multiplatform/shims/Synchronized_jvmKt
instanceKlass fleet/multiplatform/shims/SynchronizedKt
instanceKlass java/util/prefs/PreferencesFactory
instanceKlass java/util/prefs/Preferences
instanceKlass sun/security/pkcs11/SunPKCS11$Descriptor
instanceKlass sun/java2d/pipe/DrawImage
instanceKlass fleet/util/Random
instanceKlass com/intellij/ide/Prefs
instanceKlass  @bci java/util/regex/Pattern union (Ljava/util/regex/Pattern$CharPredicate;Ljava/util/regex/Pattern$CharPredicate;Z)Ljava/util/regex/Pattern$CharPredicate; 6 <appendix> member <vmtarget> ; # java/util/regex/Pattern$$Lambda+0x800000047
instanceKlass javax/security/auth/callback/CallbackHandler
instanceKlass javax/security/auth/Subject
instanceKlass sun/java2d/pipe/GeneralCompositePipe
instanceKlass  @bci java/util/regex/Pattern Range (II)Ljava/util/regex/Pattern$CharPredicate; 23 <appendix> member <vmtarget> ; # java/util/regex/Pattern$$Lambda+0x800000043
instanceKlass sun/java2d/pipe/SpanShapeRenderer
instanceKlass sun/java2d/pipe/AlphaPaintPipe
instanceKlass java/util/regex/Pattern$BitClass
instanceKlass fleet/util/UID$Companion
instanceKlass fleet/util/UID
instanceKlass sun/java2d/pipe/AAShapePipe
instanceKlass fleet/multiplatform/shims/ThreadLocalKey
instanceKlass fleet/multiplatform/shims/ThreadLocalElement
instanceKlass sun/java2d/pipe/RegionIterator
instanceKlass sun/java2d/pipe/Region
instanceKlass fleet/multiplatform/shims/ThreadLocalElementKt
instanceKlass sun/java2d/pipe/SpanClipRenderer
instanceKlass fleet/tracing/runtime/SpanInfo
instanceKlass com/intellij/openapi/util/io/FileUtil$2
instanceKlass gnu/trove/TObjectCanonicalHashingStrategy
instanceKlass fleet/tracing/SpanInfoBuilder
instanceKlass gnu/trove/TObjectHashingStrategy
instanceKlass gnu/trove/Equality
instanceKlass fleet/tracing/runtime/Span$Noop
instanceKlass fleet/tracing/runtime/CompletableSpan
instanceKlass fleet/tracing/runtime/Span
instanceKlass com/intellij/ide/g/d/qq
instanceKlass sun/java2d/pipe/PixelToShapeConverter
instanceKlass com/intellij/openapi/util/io/FileUtil$1
instanceKlass sun/java2d/pipe/AlphaColorPipe
instanceKlass sun/java2d/pipe/CompositePipe
instanceKlass  @bci fleet/multiplatform/shims/ThreadLocal_jvmKt$threadLocal$1 <init> (Lkotlin/jvm/functions/Function0;)V 6 <appendix> member <vmtarget> ; # fleet/multiplatform/shims/ThreadLocal_jvmKt$threadLocal$1$$Lambda+0x00000000330d3158
instanceKlass java/util/Formatter$Flags
instanceKlass java/util/Formattable
instanceKlass java/util/Formatter$FormatSpecifier
instanceKlass java/util/Formatter$Conversion
instanceKlass java/util/Formatter$FormatString
instanceKlass java/util/zip/Inflater$InflaterZStreamRef
instanceKlass java/util/concurrent/Future
instanceKlass java/util/Formatter
instanceKlass fleet/multiplatform/shims/ThreadLocal_jvmKt$threadLocal$1
instanceKlass fleet/multiplatform/shims/ThreadLocal
instanceKlass fleet/multiplatform/shims/ThreadLocal_jvmKt
instanceKlass java/awt/geom/Dimension2D
instanceKlass fleet/multiplatform/shims/ThreadLocalKt
instanceKlass fleet/reporting/shared/runtime/TlKt
instanceKlass com/intellij/openapi/util/io/FileUtilRt$SymlinkResolver
instanceKlass  @bci sun/awt/OSInfo$WindowsVersion toString ()Ljava/lang/String; 8 <appendix> form vmentry <vmtarget> ; # java/lang/invoke/LambdaForm$MH+0x00000000330d4400
instanceKlass com/intellij/openapi/util/io/FileUtil
instanceKlass fleet/reporting/shared/tracing/TracingKt
instanceKlass java/util/zip/Inflater
instanceKlass jdk/internal/jimage/decompressor/ZipDecompressor
instanceKlass jdk/internal/jimage/decompressor/ResourceDecompressor
instanceKlass jdk/internal/jimage/decompressor/ResourceDecompressorFactory
instanceKlass jdk/internal/jimage/decompressor/ResourceDecompressorRepository
instanceKlass jdk/internal/jimage/decompressor/CompressedResourceHeader
instanceKlass  @bci jdk/internal/jimage/BasicImageReader getResourceBuffer (Ljdk/internal/jimage/ImageLocation;)Ljava/nio/ByteBuffer; 168 <appendix> member <vmtarget> ; # jdk/internal/jimage/BasicImageReader$$Lambda+0x000000003301e530
instanceKlass jdk/internal/jimage/decompressor/ResourceDecompressor$StringsProvider
instanceKlass fleet/kernel/TransactorKt
instanceKlass java/util/TimSort
instanceKlass java/util/AbstractMap$SimpleEntry
instanceKlass jdk/internal/jimage/ImageBufferCache$2
instanceKlass jdk/internal/jimage/ImageBufferCache
instanceKlass jdk/internal/module/ModulePatcher$PatchedModuleReader
instanceKlass kotlin/jvm/functions/Function3
instanceKlass sun/awt/OSInfo$1
instanceKlass sun/security/jca/ProviderConfig$ProviderLoader
instanceKlass com/intellij/openapi/util/io/FileUtilRt$RepeatableIOOperation
instanceKlass sun/awt/OSInfo$WindowsVersion
instanceKlass sun/awt/OSInfo
instanceKlass com/intellij/openapi/util/io/FileUtilRt
instanceKlass sun/font/FontUtilities
instanceKlass  @bci fleet/kernel/rebase/InstructionSet encoder ()Lfleet/kernel/rebase/InstructionEncoder; 1 <appendix> member <vmtarget> ; # fleet/kernel/rebase/InstructionSet$$Lambda+0x00000000330d0000
instanceKlass sun/java2d/pipe/GlyphListPipe
instanceKlass sun/java2d/pipe/OutlineTextRenderer
instanceKlass fleet/kernel/rebase/SharedInstructionData
instanceKlass fleet/kernel/rebase/InstructionEncodingContext
instanceKlass sun/java2d/ReentrantContextProvider
instanceKlass com/jetbrains/rhizomedb/DbContext
instanceKlass com/intellij/openapi/util/SystemInfoRt
instanceKlass fleet/kernel/rebase/InstructionEncoder
instanceKlass sun/java2d/marlin/FloatMath
instanceKlass com/intellij/util/PathUtilRt
instanceKlass fleet/kernel/rebase/LeaderTransactorMiddleware
instanceKlass sun/java2d/marlin/MarlinProperties
instanceKlass fleet/kernel/TransactorMiddleware
instanceKlass com/intellij/util/singleProduct/MigrationToSingleProductKt
instanceKlass com/intellij/l10n/LocalizationUtil
instanceKlass sun/java2d/marlin/MarlinConst
instanceKlass com/intellij/platform/pasta/common/ChangeDocument$Companion
instanceKlass kotlin/jdk7/AutoCloseableKt
instanceKlass java/lang/StringUTF16$LinesSpliterator
instanceKlass com/intellij/platform/pasta/common/ChangeDocument
instanceKlass sun/java2d/pipe/RenderingEngine
instanceKlass sun/java2d/pipe/LoopPipe
instanceKlass com/jetbrains/rhizomedb/CreateEntity
instanceKlass sun/java2d/pipe/LoopBasedPipe
instanceKlass sun/java2d/pipe/ParallelogramPipe
instanceKlass fleet/kernel/rebase/Validate
instanceKlass java/nio/file/FileChannelLinesSpliterator$1
instanceKlass java/util/stream/Streams$1
instanceKlass  @bci java/nio/file/Files createFileChannelLinesStream (Ljava/nio/channels/FileChannel;Ljava/nio/charset/Charset;)Ljava/util/stream/Stream; 53 <appendix> member <vmtarget> ; # java/nio/file/Files$$Lambda+0x800000025
instanceKlass com/jetbrains/rhizomedb/RetractEntityInPartition
instanceKlass  @bci java/nio/file/Files asUncheckedRunnable (Ljava/io/Closeable;)Ljava/lang/Runnable; 1 <appendix> member <vmtarget> ; # java/nio/file/Files$$Lambda+0x800000024
instanceKlass com/jetbrains/rhizomedb/RetractAttribute
instanceKlass com/jetbrains/rhizomedb/AtomicComposite
instanceKlass sun/java2d/pipe/NullPipe
instanceKlass sun/java2d/pipe/DrawImagePipe
instanceKlass sun/java2d/pipe/TextPipe
instanceKlass sun/java2d/pipe/ShapeDrawPipe
instanceKlass sun/java2d/pipe/PixelFillPipe
instanceKlass sun/java2d/pipe/PixelDrawPipe
instanceKlass kotlin/jvm/JvmClassMappingKt
instanceKlass sun/java2d/StateTrackableDelegate$2
instanceKlass sun/java2d/StateTrackableDelegate
instanceKlass com/jetbrains/rhizomedb/Add
instanceKlass java/nio/file/FileChannelLinesSpliterator
instanceKlass com/intellij/util/ResourceUtil
instanceKlass sun/java2d/cmm/ProfileDeferralInfo
instanceKlass  @bci com/intellij/util/concurrency/SynchronizedClearableLazy getValue ()Ljava/lang/Object; 30 <appendix> member <vmtarget> ; # com/intellij/util/concurrency/SynchronizedClearableLazy$$Lambda+0x00000000330cc540
instanceKlass java/awt/color/ICC_Profile$BuiltInProfile
instanceKlass  @bci java/awt/color/ICC_Profile <clinit> ()V 0 <appendix> argL0 ; # java/awt/color/ICC_Profile$$Lambda+0x0000000033018420
instanceKlass java/util/function/UnaryOperator
instanceKlass kotlin/collections/builders/ListBuilderKt
instanceKlass java/util/Collections$UnmodifiableCollection
instanceKlass com/intellij/ide/gdpr/EndUserAgreement$Document
instanceKlass  @bci com/intellij/openapi/util/registry/EarlyAccessRegistryManagerKt <clinit> ()V 15 <appendix> argL0 ; # com/intellij/openapi/util/registry/EarlyAccessRegistryManagerKt$$Lambda+0x00000000330cbbc8
instanceKlass kotlin/collections/builders/MapBuilder$Companion
instanceKlass sun/java2d/cmm/Profile
instanceKlass sun/awt/AWTAccessor$ICC_ProfileAccessor
instanceKlass java/awt/color/ICC_Profile
instanceKlass kotlin/collections/builders/MapBuilder
instanceKlass com/intellij/util/ObjectUtils$Sentinel
instanceKlass kotlin/jvm/internal/markers/KMutableMap
instanceKlass com/intellij/util/ObjectUtils
instanceKlass java/awt/color/ColorSpace$BuiltInSpace
instanceKlass java/awt/color/ColorSpace
instanceKlass com/intellij/util/concurrency/SynchronizedClearableLazy$Companion
instanceKlass com/intellij/util/concurrency/SynchronizedClearableLazy
instanceKlass  @bci com/intellij/openapi/util/registry/EarlyAccessRegistryManagerKt <clinit> ()V 0 <appendix> argL0 ; # com/intellij/openapi/util/registry/EarlyAccessRegistryManagerKt$$Lambda+0x00000000330ca588
instanceKlass fleet/kernel/rebase/CreateEntityCoder
instanceKlass java/awt/image/ColorModel$1RGBdefault
instanceKlass fleet/kernel/rebase/ValidateCoder
instanceKlass com/jetbrains/rhizomedb/ReifyEntities
instanceKlass com/intellij/openapi/util/registry/EarlyAccessRegistryManagerKt
instanceKlass com/jetbrains/rhizomedb/MapAttribute
instanceKlass com/intellij/openapi/util/registry/EarlyAccessRegistryManager
instanceKlass java/util/ComparableTimSort
instanceKlass java/util/Arrays$LegacyMergeSort
instanceKlass java/awt/image/ColorModel
instanceKlass  @bci com/intellij/ui/NewUiValue <clinit> ()V 8 <appendix> argL0 ; # com/intellij/ui/NewUiValue$$Lambda+0x00000000330c91b8
instanceKlass com/intellij/util/ObjectUtilsRt
instanceKlass com/jetbrains/rhizomedb/EffectInstruction
instanceKlass fleet/kernel/rebase/LocalInstructionCoder
instanceKlass com/intellij/ui/NewUiValue
instanceKlass fleet/kernel/rebase/RetractEntityCoder
instanceKlass  @bci com/intellij/ui/ExperimentalUI <clinit> ()V 24 <appendix> argL0 ; # com/intellij/ui/ExperimentalUI$$Lambda+0x00000000330c7cf8
instanceKlass java/security/spec/ECFieldF2m
instanceKlass com/intellij/util/containers/CanonicalHashingStrategy
instanceKlass fleet/kernel/rebase/RetractAttributeCoder
instanceKlass  @bci com/intellij/util/containers/ConcurrentWeakKeySoftValueHashMap <clinit> ()V 0 <appendix> argL0 ; # com/intellij/util/containers/ConcurrentWeakKeySoftValueHashMap$$Lambda+0x00000000330c75b0
instanceKlass com/intellij/openapi/extensions/ExtensionPointName$Companion
instanceKlass  @bci kotlinx/serialization/internal/PluginGeneratedSerialDescriptor <init> (Ljava/lang/String;Lkotlinx/serialization/internal/GeneratedSerializer;I)V 145 <appendix> member <vmtarget> ; # kotlinx/serialization/internal/PluginGeneratedSerialDescriptor$$Lambda+0x00000000330c7100
instanceKlass com/intellij/openapi/diagnostic/ControlFlowException
instanceKlass com/intellij/openapi/extensions/BaseExtensionPointName
instanceKlass  @bci kotlinx/serialization/internal/PluginGeneratedSerialDescriptor <init> (Ljava/lang/String;Lkotlinx/serialization/internal/GeneratedSerializer;I)V 129 <appendix> member <vmtarget> ; # kotlinx/serialization/internal/PluginGeneratedSerialDescriptor$$Lambda+0x00000000330c6220
instanceKlass sun/awt/image/PixelConverter
instanceKlass sun/java2d/loops/SurfaceType
instanceKlass com/intellij/util/containers/ConcurrentWeakKeySoftValueHashMap$ValueReference
instanceKlass com/intellij/ui/ExperimentalUI$Companion
instanceKlass com/intellij/util/containers/ConcurrentWeakKeySoftValueHashMap$KeyReference
instanceKlass com/intellij/ui/ExperimentalUI
instanceKlass  @bci kotlinx/serialization/internal/PluginGeneratedSerialDescriptor <init> (Ljava/lang/String;Lkotlinx/serialization/internal/GeneratedSerializer;I)V 113 <appendix> member <vmtarget> ; # kotlinx/serialization/internal/PluginGeneratedSerialDescriptor$$Lambda+0x00000000330c4f70
instanceKlass com/intellij/util/containers/ConcurrentWeakKeySoftValueHashMap
instanceKlass sun/java2d/SurfaceData
instanceKlass sun/java2d/Surface
instanceKlass sun/java2d/StateTrackable
instanceKlass sun/java2d/DisposerTarget
instanceKlass com/intellij/util/ArrayUtilRt
instanceKlass java/awt/Transparency
instanceKlass com/intellij/util/containers/Interner
instanceKlass kotlin/collections/EmptyMap
instanceKlass com/intellij/openapi/extensions/PluginId$Companion
instanceKlass com/intellij/util/containers/LockFreeCopyOnWriteArrayList
instanceKlass com/intellij/openapi/extensions/PluginId
instanceKlass sun/security/util/ObjectIdentifier
instanceKlass sun/util/calendar/CalendarSystem$GregorianHolder
instanceKlass sun/util/calendar/CalendarSystem
instanceKlass java/util/Date
instanceKlass sun/security/util/ByteArrayTagOrder
instanceKlass sun/security/util/ByteArrayLexOrder
instanceKlass sun/security/util/DerEncoder
instanceKlass java/time/LocalTime
instanceKlass java/security/spec/ECParameterSpec
instanceKlass java/security/spec/ECPoint
instanceKlass java/time/Instant
instanceKlass java/time/temporal/ValueRange
instanceKlass java/security/spec/EllipticCurve
instanceKlass java/security/spec/ECFieldFp
instanceKlass java/security/spec/ECField
instanceKlass com/intellij/util/containers/IntObjectMap
instanceKlass kotlinx/serialization/internal/PluginGeneratedSerialDescriptor
instanceKlass com/intellij/util/containers/ObjectIntMap
instanceKlass kotlinx/serialization/internal/CachedNames
instanceKlass java/time/Duration
instanceKlass java/time/temporal/TemporalAmount
instanceKlass com/intellij/util/containers/ConcurrentList
instanceKlass java/time/temporal/TemporalUnit
instanceKlass kotlinx/serialization/descriptors/SerialDescriptor
instanceKlass java/time/temporal/TemporalField
instanceKlass java/time/LocalDate
instanceKlass sun/security/util/CurveDB
instanceKlass java/time/LocalDateTime
instanceKlass java/time/chrono/ChronoLocalDateTime
instanceKlass java/time/ZonedDateTime
instanceKlass java/time/chrono/ChronoZonedDateTime
instanceKlass fleet/kernel/rebase/SharedRemove$$serializer
instanceKlass kotlinx/serialization/internal/GeneratedSerializer
instanceKlass com/intellij/openapi/util/Condition
instanceKlass jdk/internal/logger/LoggerFinderLoader
instanceKlass jdk/internal/logger/LazyLoggers$LazyLoggerFactories
instanceKlass kotlin/jvm/internal/Lambda
instanceKlass jdk/internal/logger/LazyLoggers$1
instanceKlass jdk/internal/logger/LazyLoggers
instanceKlass com/intellij/util/containers/MultiMap
instanceKlass sun/security/rsa/SunRsaSignEntries
instanceKlass sun/awt/WeakIdentityHashMap
instanceKlass fleet/kernel/rebase/SharedRemove$Companion
instanceKlass fleet/kernel/rebase/SharedRemove
instanceKlass kotlin/reflect/jvm/internal/KClassImpl$$Lambda$0
instanceKlass  @bci com/intellij/util/xml/dom/XmlElement <clinit> ()V 39 <appendix> argL0 ; # com/intellij/util/xml/dom/XmlElement$$Lambda+0x00000000330bf008
instanceKlass sun/awt/KeyboardFocusManagerPeerProvider
instanceKlass sun/awt/InputMethodSupport
instanceKlass com/intellij/util/containers/ContainerUtil
instanceKlass sun/awt/ComponentFactory
instanceKlass kotlin/_Assertions
instanceKlass  @bci com/intellij/util/xml/dom/XmlElement <clinit> ()V 25 <appendix> argL0 ; # com/intellij/util/xml/dom/XmlElement$$Lambda+0x00000000330be918
instanceKlass java/util/LinkedHashMap$LinkedHashIterator
instanceKlass kotlin/reflect/jvm/internal/impl/name/ClassId$Companion
instanceKlass kotlinx/serialization/KSerializer
instanceKlass kotlinx/serialization/DeserializationStrategy
instanceKlass kotlin/reflect/jvm/internal/impl/name/ClassId
instanceKlass kotlinx/serialization/SerializationStrategy
instanceKlass com/intellij/util/xml/dom/XmlElement$Companion
instanceKlass com/intellij/openapi/application/ApplicationManager
instanceKlass sun/awt/PlatformGraphicsInfo
instanceKlass java/lang/Override
instanceKlass java/lang/annotation/Documented
instanceKlass java/lang/Deprecated
instanceKlass com/intellij/util/xml/dom/XmlElement
instanceKlass java/awt/GraphicsEnvironment
instanceKlass java/lang/annotation/Retention
instanceKlass java/lang/annotation/Target
instanceKlass java/awt/Insets
instanceKlass kotlin/reflect/jvm/internal/impl/resolve/jvm/JvmClassName
instanceKlass kotlin/SynchronizedLazyImpl
instanceKlass com/fasterxml/aalto/util/DataUtil
instanceKlass  @bci com/intellij/platform/ide/bootstrap/ClassicUiToIslandsMigration <clinit> ()V 10 <appendix> argL0 ; # com/intellij/platform/ide/bootstrap/ClassicUiToIslandsMigration$$Lambda+0x00000000330ba808
instanceKlass kotlin/reflect/jvm/internal/impl/name/Name
instanceKlass com/fasterxml/aalto/in/ByteBasedPNameTable$Bucket
instanceKlass kotlin/reflect/jvm/internal/impl/name/FqNameUnsafe$Companion
instanceKlass  @cpi com/intellij/ide/plugins/ClassLoaderConfiguratorKt 443 form vmentry <vmtarget> ; # java/lang/invoke/LambdaForm$DMH+0x00000000330bcc00
instanceKlass com/intellij/util/xml/dom/XmlElementBuilder
instanceKlass kotlin/reflect/jvm/internal/impl/name/FqNameUnsafe
instanceKlass com/intellij/util/xml/dom/NoOpXmlInterner
instanceKlass com/intellij/util/xml/dom/XmlInterner
instanceKlass  @bci sun/awt/FontConfiguration findFontConfigFile ()V 45 <appendix> form vmentry <vmtarget> ; # java/lang/invoke/LambdaForm$MH+0x00000000330bc800
instanceKlass  @cpi com/intellij/ide/gdpr/ConsentOptions 894 form vmentry <vmtarget> ; # java/lang/invoke/LambdaForm$DMH+0x00000000330bc400
instanceKlass kotlin/reflect/jvm/internal/impl/name/FqName$Companion
instanceKlass kotlin/reflect/jvm/internal/impl/load/java/JvmAnnotationNames
instanceKlass com/fasterxml/aalto/in/NsDeclaration
instanceKlass kotlin/reflect/jvm/internal/impl/name/FqName
instanceKlass kotlin/reflect/jvm/internal/impl/SpecialJvmAnnotations
instanceKlass com/intellij/platform/ide/bootstrap/ClassicUiToIslandsMigration
instanceKlass com/fasterxml/aalto/util/UriCanonicalizer$CanonicalKey
instanceKlass kotlin/reflect/jvm/internal/KClassImpl$Companion
instanceKlass com/intellij/openapi/util/ObjectNode$1
instanceKlass com/fasterxml/aalto/in/ElementScope
instanceKlass com/intellij/openapi/util/Disposer$2
instanceKlass kotlin/text/Regex$Companion
instanceKlass com/intellij/openapi/util/ObjectNode$NodeChildren
instanceKlass com/intellij/openapi/util/ObjectNode
instanceKlass kotlin/text/Regex
instanceKlass sun/security/util/SecurityProviderConstants
instanceKlass com/fasterxml/aalto/in/ByteBasedPNameFactory
instanceKlass java/security/Provider$UString
instanceKlass java/security/Provider$Service
instanceKlass sun/security/provider/NativePRNG$NonBlocking
instanceKlass sun/security/provider/NativePRNG$Blocking
instanceKlass sun/security/provider/NativePRNG
instanceKlass sun/security/provider/SunEntries
instanceKlass kotlin/jvm/internal/DefaultConstructorMarker
instanceKlass java/security/Permission
instanceKlass java/security/Guard
instanceKlass it/unimi/dsi/fastutil/objects/Object2ObjectMap$FastEntrySet
instanceKlass sun/security/util/SecurityConstants
instanceKlass com/fasterxml/aalto/util/BufferRecycler
instanceKlass kotlin/reflect/jvm/internal/KDeclarationContainerImpl$Companion
instanceKlass java/security/Security$2
instanceKlass jdk/internal/access/JavaSecurityPropertiesAccess
instanceKlass  @bci sun/awt/FontConfiguration findFontConfigFile ()V 30 <appendix> form vmentry <vmtarget> ; # java/lang/invoke/LambdaForm$MH+0x00000000330b4400
instanceKlass com/fasterxml/aalto/util/NameTable
instanceKlass it/unimi/dsi/fastutil/objects/Object2ObjectMap$Entry
instanceKlass it/unimi/dsi/fastutil/objects/AbstractObject2ObjectFunction
instanceKlass kotlin/reflect/jvm/internal/impl/types/model/TypeConstructorMarker
instanceKlass kotlin/reflect/jvm/internal/KTypeParameterOwnerImpl
instanceKlass java/lang/StringConcatHelper$StringConcatBase
instanceKlass it/unimi/dsi/fastutil/objects/Object2ObjectMap
instanceKlass com/fasterxml/aalto/util/XmlCharTypes
instanceKlass it/unimi/dsi/fastutil/objects/Object2ObjectFunction
instanceKlass kotlin/io/path/PathsKt__PathReadWriteKt
instanceKlass com/fasterxml/aalto/in/AttributeCollector
instanceKlass java/lang/invoke/StringConcatFactory$InlineHiddenClassStrategy$6
instanceKlass java/lang/invoke/StringConcatFactory$InlineHiddenClassStrategy$3$4
instanceKlass kotlin/reflect/jvm/internal/CachesKt$$Lambda$4
instanceKlass kotlin/reflect/jvm/internal/CachesKt$$Lambda$3
instanceKlass java/lang/invoke/StringConcatFactory$InlineHiddenClassStrategy$4
instanceKlass java/lang/invoke/StringConcatFactory$InlineHiddenClassStrategy$3$1
instanceKlass java/lang/invoke/StringConcatFactory$InlineHiddenClassStrategy$7
instanceKlass kotlin/reflect/jvm/internal/CachesKt$$Lambda$2
instanceKlass java/lang/invoke/StringConcatFactory$InlineHiddenClassStrategy$3$2
instanceKlass kotlin/reflect/jvm/internal/CachesKt$$Lambda$1
instanceKlass java/lang/invoke/StringConcatFactory$InlineHiddenClassStrategy$5
instanceKlass java/lang/invoke/StringConcatFactory$InlineHiddenClassStrategy$3$3
instanceKlass com/intellij/util/containers/RefHashMap$Key
instanceKlass com/fasterxml/aalto/util/TextBuilder
instanceKlass java/lang/invoke/StringConcatFactory$InlineHiddenClassStrategy$3
instanceKlass kotlin/reflect/jvm/internal/CacheByClass
instanceKlass java/lang/invoke/StringConcatFactory$InlineHiddenClassStrategy$2
instanceKlass java/lang/invoke/StringConcatFactory$InlineHiddenClassStrategy$1
instanceKlass com/intellij/util/containers/ReferenceQueueable
instanceKlass java/lang/invoke/StringConcatFactory$InlineHiddenClassStrategy
instanceKlass com/fasterxml/aalto/in/FixedNsContext
instanceKlass kotlin/reflect/jvm/internal/CacheByClassKt
instanceKlass com/intellij/util/containers/IdentityHashingStrategy
instanceKlass kotlin/reflect/jvm/internal/CachesKt$$Lambda$0
instanceKlass com/intellij/util/containers/HashingStrategy
instanceKlass  @bci com/intellij/platform/ide/bootstrap/ConfigKt importConfigIfNeeded (Lkotlinx/coroutines/CoroutineScope;ZLkotlinx/coroutines/Deferred;Lkotlinx/coroutines/Job;Lkotlinx/coroutines/Deferred;Ljava/util/List;Ljava/nio/file/Path;Lkotlinx/coroutines/Deferred;Lkotlinx/coroutines/Deferred;Lkotlinx/coroutines/Job;Lkotlin/coroutines/Continuation;)Ljava/lang/Object; 379 <appendix> argL0 ; # com/intellij/platform/ide/bootstrap/ConfigKt$$Lambda+0x00000000330acd48
instanceKlass kotlin/reflect/jvm/internal/CachesKt
instanceKlass com/fasterxml/aalto/in/NsBinding
instanceKlass it/unimi/dsi/fastutil/Hash$Strategy
instanceKlass java/security/Security$SecPropLoader
instanceKlass java/security/Security
instanceKlass javax/security/auth/login/Configuration$Parameters
instanceKlass java/security/Policy$Parameters
instanceKlass javax/crypto/KDFParameters
instanceKlass java/security/cert/CertStoreParameters
instanceKlass java/security/SecureRandomParameters
instanceKlass java/security/Provider$EngineDescription
instanceKlass kotlin/reflect/jvm/internal/KDeclarationContainerImpl
instanceKlass  @bci java/security/Provider <clinit> ()V 28 <appendix> argL0 ; # java/security/Provider$$Lambda+0x800000026
instanceKlass it/unimi/dsi/fastutil/objects/ObjectSortedSet
instanceKlass com/fasterxml/aalto/in/PName
instanceKlass kotlin/jvm/internal/ClassBasedDeclarationContainer
instanceKlass java/security/Provider$ServiceKey
instanceKlass java/util/SortedSet
instanceKlass it/unimi/dsi/fastutil/objects/ObjectBidirectionalIterable
instanceKlass kotlinx/coroutines/CompletedContinuation
instanceKlass kotlin/jvm/internal/CallableReference
instanceKlass sun/security/jca/ProviderConfig
instanceKlass sun/security/jca/ProviderList
instanceKlass sun/security/jca/Providers
instanceKlass sun/security/jca/GetInstance
instanceKlass java/security/SecureRandomSpi
instanceKlass com/intellij/util/containers/CollectionFactory
instanceKlass org/codehaus/stax2/XMLStreamLocation2
instanceKlass kotlin/jvm/internal/KotlinGenericDeclaration
instanceKlass java/util/logging/LogManager$CloseOnReset
instanceKlass kotlin/reflect/KTypeParameter
instanceKlass kotlin/reflect/KMutableProperty1
instanceKlass kotlin/reflect/KProperty1
instanceKlass kotlin/reflect/KType
instanceKlass kotlin/reflect/KMutableProperty2
instanceKlass it/unimi/dsi/fastutil/HashCommon
instanceKlass kotlin/reflect/KProperty2
instanceKlass kotlin/reflect/KMutableProperty0
instanceKlass kotlin/reflect/KMutableProperty
instanceKlass it/unimi/dsi/fastutil/objects/Reference2ObjectMap$FastEntrySet
instanceKlass kotlin/reflect/KProperty0
instanceKlass kotlin/reflect/KProperty
instanceKlass it/unimi/dsi/fastutil/objects/ObjectSet
instanceKlass sun/security/util/Debug
instanceKlass java/util/logging/ErrorManager
instanceKlass sun/nio/fs/WindowsDirectoryStream$WindowsDirectoryIterator
instanceKlass jdk/internal/logger/SimpleConsoleLogger$Formatting
instanceKlass kotlin/reflect/KFunction
instanceKlass kotlin/reflect/KCallable
instanceKlass com/intellij/platform/core/nio/fs/DelegatingFileSystemProvider$WrappingDirectoryStream$1
instanceKlass kotlin/jvm/internal/ReflectionFactory
instanceKlass sun/util/logging/PlatformLogger
instanceKlass sun/nio/fs/WindowsDirectoryStream
instanceKlass it/unimi/dsi/fastutil/objects/ReferenceSet
instanceKlass  @bci com/intellij/platform/core/nio/fs/DelegatingFileSystemProvider craftFilter (Ljava/nio/file/DirectoryStream$Filter;)Ljava/nio/file/DirectoryStream$Filter; 23 <appendix> member <vmtarget> ; # com/intellij/platform/core/nio/fs/DelegatingFileSystemProvider$$Lambda+0x000000003300c7c0
instanceKlass it/unimi/dsi/fastutil/objects/ReferenceCollection
instanceKlass it/unimi/dsi/fastutil/objects/ObjectCollection
instanceKlass sun/util/logging/PlatformLogger$ConfigurableBridge$LoggerConfiguration
instanceKlass it/unimi/dsi/fastutil/objects/ObjectIterable
instanceKlass kotlin/jvm/internal/Reflection
instanceKlass  @bci java/util/logging/SimpleFormatter <init> ()V 5 <appendix> argL0 ; # java/util/logging/SimpleFormatter$$Lambda+0x000000003300c308
instanceKlass org/codehaus/stax2/typed/TypedValueDecoder
instanceKlass  @bci com/intellij/platform/core/nio/fs/BasicFileAttributesHolder2$FetchAttributesFilter <clinit> ()V 0 <appendix> argL0 ; # com/intellij/platform/core/nio/fs/BasicFileAttributesHolder2$FetchAttributesFilter$$Lambda+0x000000003300c098
instanceKlass com/intellij/platform/core/nio/fs/BasicFileAttributesHolder2
instanceKlass com/jetbrains/rhizomedb/Remove
instanceKlass org/codehaus/stax2/typed/TypedArrayDecoder
instanceKlass com/jetbrains/rhizomedb/Instruction
instanceKlass it/unimi/dsi/fastutil/objects/AbstractReference2ObjectFunction
instanceKlass java/util/logging/Logger$SystemLoggerHelper
instanceKlass fleet/kernel/rebase/RemoveCoder
instanceKlass it/unimi/dsi/fastutil/objects/Reference2ObjectMap
instanceKlass it/unimi/dsi/fastutil/objects/Reference2ObjectFunction
instanceKlass com/intellij/platform/core/nio/fs/BasicFileAttributesHolder2$FetchAttributesFilter
instanceKlass fleet/kernel/rebase/CompositeCoder
instanceKlass jdk/internal/logger/BootstrapLogger$BootstrapExecutors
instanceKlass jdk/internal/logger/BootstrapLogger$RedirectedLoggers
instanceKlass com/intellij/platform/core/nio/fs/DelegatingFileSystemProvider$WrappingDirectoryStream
instanceKlass com/fasterxml/aalto/stax/StreamReaderImpl
instanceKlass java/util/ServiceLoader$ProviderImpl
instanceKlass java/util/ServiceLoader$Provider
instanceKlass java/nio/file/Files$AcceptAllFilter
instanceKlass it/unimi/dsi/fastutil/Function
instanceKlass com/intellij/openapi/util/io/NioFiles$1
instanceKlass org/codehaus/stax2/LocationInfo
instanceKlass org/codehaus/stax2/DTDInfo
instanceKlass fleet/kernel/rebase/AddCoder
instanceKlass java/nio/file/FileVisitor
instanceKlass org/codehaus/stax2/AttributeInfo
instanceKlass org/codehaus/stax2/XMLStreamReader2
instanceKlass com/intellij/openapi/util/io/NioFiles
instanceKlass org/codehaus/stax2/validation/Validatable
instanceKlass sun/net/NetProperties
instanceKlass fleet/kernel/rebase/InstructionCoder
instanceKlass sun/nio/ch/UnixDomainSocketsUtil
instanceKlass sun/nio/ch/UnixDomainSockets
instanceKlass org/codehaus/stax2/typed/TypedXMLStreamReader
instanceKlass it/unimi/dsi/fastutil/Hash
instanceKlass sun/nio/ch/DefaultSelectorProvider
instanceKlass javax/xml/stream/XMLStreamReader
instanceKlass fleet/kernel/rebase/InstructionSet
instanceKlass com/intellij/util/lang/ClassPath$ResourceEnumeration
instanceKlass fleet/kernel/rebase/InstructionCodingKt
instanceKlass com/intellij/platform/ide/bootstrap/kernel/KernelKt
instanceKlass com/intellij/openapi/util/ObjectTree
instanceKlass java/lang/CompoundEnumeration
instanceKlass java/util/Collections$EmptyEnumeration
instanceKlass java/nio/channels/spi/SelectorProvider$Holder
instanceKlass java/nio/channels/spi/SelectorProvider
instanceKlass com/intellij/util/PlatformUtils
instanceKlass jdk/internal/loader/BuiltinClassLoader$1
instanceKlass com/intellij/openapi/util/CheckedDisposable
instanceKlass jdk/internal/loader/URLClassPath$1
instanceKlass java/nio/channels/AsynchronousFileChannel
instanceKlass java/nio/channels/AsynchronousChannel
instanceKlass com/intellij/openapi/Disposable
instanceKlass java/nio/file/FileStore
instanceKlass com/intellij/openapi/util/Disposer
instanceKlass java/nio/file/DirectoryStream
instanceKlass java/nio/file/DirectoryStream$Filter
instanceKlass com/intellij/ide/gdpr/Version
instanceKlass java/util/ServiceLoader$2
instanceKlass java/util/ServiceLoader$1
instanceKlass java/util/ServiceLoader$LazyClassPathLookupIterator
instanceKlass java/util/Spliterators$1Adapter
instanceKlass java/util/Spliterators$EmptySpliterator
instanceKlass java/util/Spliterators
instanceKlass jdk/internal/vm/ThreadContainers
instanceKlass com/intellij/ide/gdpr/EndUserAgreement
instanceKlass jdk/internal/vm/StackableScope
instanceKlass java/util/concurrent/locks/AbstractQueuedSynchronizer$ConditionObject
instanceKlass java/util/concurrent/locks/Condition
instanceKlass java/util/concurrent/LinkedTransferQueue$DualNode
instanceKlass java/util/concurrent/ForkJoinPool$ManagedBlocker
instanceKlass java/util/concurrent/TransferQueue
instanceKlass com/fasterxml/aalto/in/XmlScanner
instanceKlass java/util/concurrent/BlockingQueue
instanceKlass java/util/ServiceLoader$ModuleServicesLookupIterator
instanceKlass java/util/concurrent/ThreadPoolExecutor$AbortPolicy
instanceKlass java/util/concurrent/RejectedExecutionHandler
instanceKlass javax/xml/namespace/NamespaceContext
instanceKlass javax/xml/stream/XMLStreamConstants
instanceKlass java/util/ServiceLoader
instanceKlass jdk/internal/logger/BootstrapLogger$DetectBackend
instanceKlass java/util/concurrent/AbstractExecutorService
instanceKlass java/util/concurrent/ExecutorService
instanceKlass java/util/concurrent/Executors
instanceKlass com/intellij/platform/ide/bootstrap/ConfigKt
instanceKlass jdk/internal/logger/BootstrapLogger
instanceKlass sun/util/logging/PlatformLogger$ConfigurableBridge
instanceKlass sun/util/logging/PlatformLogger$Bridge
instanceKlass java/lang/System$Logger
instanceKlass java/io/FileInputStream$1
instanceKlass com/intellij/platform/ide/bootstrap/EuaKt
instanceKlass  @bci java/lang/ProcessHandleImpl initReaper ()Ljava/util/concurrent/Executor; 45 <appendix> member <vmtarget> ; # java/lang/ProcessHandleImpl$$Lambda+0x80000000e
instanceKlass javax/xml/stream/Location
instanceKlass  @bci com/intellij/platform/ide/bootstrap/StartupUtil startApplication (Lkotlinx/coroutines/CoroutineScope;Ljava/util/List;Lkotlinx/coroutines/Deferred;Ljava/nio/file/Path;Lkotlinx/coroutines/Deferred;Lkotlinx/coroutines/Deferred;Lkotlinx/coroutines/CoroutineScope;Ljava/lang/Thread;)V 464 <appendix> member <vmtarget> ; # com/intellij/platform/ide/bootstrap/StartupUtil$$Lambda+0x00000000330948b8
instanceKlass  @bci java/util/stream/MatchOps makeRef (Ljava/util/function/Predicate;Ljava/util/stream/MatchOps$MatchKind;)Ljava/util/stream/TerminalOp; 20 <appendix> member <vmtarget> ; # java/util/stream/MatchOps$$Lambda+0x800000004
instanceKlass com/fasterxml/aalto/in/InputBootstrapper
instanceKlass java/util/stream/MatchOps$BooleanTerminalSink
instanceKlass com/fasterxml/aalto/util/XmlConsts
instanceKlass java/util/stream/MatchOps$MatchOp
instanceKlass java/util/stream/MatchOps
instanceKlass java/util/stream/Streams
instanceKlass java/util/stream/Stream$Builder
instanceKlass java/util/stream/Streams$AbstractStreamBuilderImpl
instanceKlass com/intellij/util/BitUtil
instanceKlass java/util/stream/Sink$ChainedReference
instanceKlass jdk/internal/util/random/RandomSupport
instanceKlass com/intellij/ui/icons/IconLayer
instanceKlass java/util/Random
instanceKlass java/util/random/RandomGenerator
instanceKlass java/util/concurrent/CopyOnWriteArrayList$COWIterator
instanceKlass com/fasterxml/aalto/util/UriCanonicalizer
instanceKlass java/lang/ProcessHandleImpl
instanceKlass java/lang/ProcessHandle
instanceKlass com/intellij/ui/icons/CoreIconManager$Companion
instanceKlass  @bci com/intellij/platform/ide/bootstrap/StartupUtil lockSystemDirs (Ljava/util/List;)V 10 <appendix> argL0 ; # com/intellij/platform/ide/bootstrap/StartupUtil$$Lambda+0x0000000033092888
instanceKlass com/fasterxml/aalto/in/ReaderConfig$EncodingContext
instanceKlass java/util/stream/ReferencePipeline$7$1FlatMap
instanceKlass java/util/concurrent/locks/StampedLock
instanceKlass com/intellij/util/lang/ZipEntryResolverPool
instanceKlass java/util/stream/FindOps$FindOp
instanceKlass java/util/stream/TerminalOp
instanceKlass  @bci java/util/stream/FindOps$FindSink$OfRef <clinit> ()V 6 <appendix> argL0 ; # java/util/stream/FindOps$FindSink$OfRef$$Lambda+0x80000005c
instanceKlass  @bci jdk/internal/module/SystemModuleFinders$SystemModuleReader open (Ljava/lang/String;)Ljava/util/Optional; 6 <appendix> member <vmtarget> ; # jdk/internal/module/SystemModuleFinders$SystemModuleReader$$Lambda+0x800000075
instanceKlass jdk/internal/module/SystemModuleFinders
instanceKlass  @bci java/util/stream/FindOps$FindSink$OfRef <clinit> ()V 0 <appendix> argL0 ; # java/util/stream/FindOps$FindSink$OfRef$$Lambda+0x80000005d
instanceKlass com/fasterxml/aalto/impl/CommonConfig
instanceKlass jdk/internal/module/Checks
instanceKlass java/util/stream/FindOps$FindSink
instanceKlass java/util/stream/TerminalSink
instanceKlass java/util/stream/Sink
instanceKlass kotlin/reflect/KClass
instanceKlass kotlinx/coroutines/DisposeOnCancel
instanceKlass kotlin/reflect/KClassifier
instanceKlass kotlinx/coroutines/CancelHandler
instanceKlass java/util/logging/Formatter
instanceKlass kotlin/reflect/KAnnotatedElement
instanceKlass com/intellij/util/xml/dom/StaxFactory
instanceKlass kotlin/reflect/KDeclarationContainer
instanceKlass kotlinx/coroutines/CancellableContinuationKt
instanceKlass java/util/stream/FindOps
instanceKlass java/util/ResourceBundle$ResourceBundleProviderHelper
instanceKlass  @bci java/util/logging/Level$KnownLevel findByName (Ljava/lang/String;Ljava/util/function/Function;)Ljava/util/Optional; 29 <appendix> argL0 ; # java/util/logging/Level$KnownLevel$$Lambda+0x800000035
instanceKlass java/util/Locale$LocaleCache
instanceKlass kotlinx/coroutines/Active
instanceKlass kotlinx/coroutines/NotCompleted
instanceKlass jdk/internal/util/ReferencedKeyMap$1
instanceKlass sun/util/locale/BaseLocale$1InterningCache
instanceKlass  @bci java/util/ResourceBundle$Control getCandidateLocales (Ljava/lang/String;Ljava/util/Locale;)Ljava/util/List; 23 <appendix> argL0 ; # java/util/ResourceBundle$Control$$Lambda+0x80000002f
instanceKlass com/intellij/util/xml/dom/XmlDomReader
instanceKlass java/util/ResourceBundle$CacheKeyReference
instanceKlass java/util/EnumMap$1
instanceKlass java/util/ResourceBundle$CacheKey
instanceKlass java/util/stream/StreamOpFlag$MaskBuilder
instanceKlass  @bci java/util/ResourceBundle$Control <clinit> ()V 39 <appendix> argL0 ; # java/util/ResourceBundle$Control$$Lambda+0x800000030
instanceKlass java/util/stream/Stream
instanceKlass java/util/stream/BaseStream
instanceKlass java/util/stream/PipelineHelper
instanceKlass java/util/stream/StreamSupport
instanceKlass java/util/ArrayList$ArrayListSpliterator
instanceKlass java/util/Spliterator
instanceKlass  @bci java/util/logging/Level findLevel (Ljava/lang/String;)Ljava/util/logging/Level; 13 <appendix> argL0 ; # java/util/logging/Level$$Lambda+0x800000032
instanceKlass java/util/ResourceBundle$Control
instanceKlass java/util/ResourceBundle$1
instanceKlass jdk/internal/access/JavaUtilResourceBundleAccess
instanceKlass kotlinx/coroutines/Waiter
instanceKlass java/util/ResourceBundle
instanceKlass java/util/Hashtable$Enumerator
instanceKlass sun/awt/AWTAccessor
instanceKlass java/util/concurrent/ConcurrentHashMap$MapEntry
instanceKlass kotlinx/coroutines/CancellableContinuation
instanceKlass  @bci com/intellij/openapi/diagnostic/Logger <clinit> ()V 11 <appendix> argL0 ; # com/intellij/openapi/diagnostic/Logger$$Lambda+0x000000003308c7a0
instanceKlass java/util/Collections$SynchronizedCollection
instanceKlass java/util/Properties$EntrySet
instanceKlass com/intellij/openapi/application/ApplicationNamesInfo
instanceKlass kotlinx/coroutines/CompletableDeferred
instanceKlass java/awt/Toolkit$1
instanceKlass sun/awt/AWTAccessor$ToolkitAccessor
instanceKlass com/intellij/ui/icons/CoreIconManager
instanceKlass com/intellij/openapi/diagnostic/Attachment
instanceKlass com/intellij/ui/CoreAwareIconManager
instanceKlass kotlinx/coroutines/CompletableDeferredKt
instanceKlass java/util/Collections$3
instanceKlass  @bci com/intellij/platform/ide/bootstrap/StartupUtil$startApplication$2 invokeSuspend (Ljava/lang/Object;)Ljava/lang/Object; 35 <appendix> argL0 ; # com/intellij/platform/ide/bootstrap/StartupUtil$startApplication$2$$Lambda+0x0000000033089668
instanceKlass java/awt/Toolkit
instanceKlass com/intellij/openapi/diagnostic/Logger$DefaultFactory
instanceKlass com/intellij/openapi/diagnostic/Logger$Factory
instanceKlass com/intellij/platform/ide/bootstrap/SplashManagerKt
instanceKlass com/intellij/openapi/diagnostic/Logger
instanceKlass java/util/concurrent/atomic/AtomicBoolean
instanceKlass com/intellij/ui/IconManager$Companion
instanceKlass java/util/logging/LogManager$VisitedLoggers
instanceKlass java/util/function/Predicate
instanceKlass com/intellij/ui/IconManager
instanceKlass java/time/chrono/ChronoLocalDate
instanceKlass java/time/temporal/Temporal
instanceKlass java/util/Calendar
instanceKlass java/time/temporal/TemporalAdjuster
instanceKlass java/time/temporal/TemporalAccessor
instanceKlass java/time/ZoneId
instanceKlass kotlinx/coroutines/JobSupport$Finishing
instanceKlass java/io/ExternalChannelHolder
instanceKlass java/util/function/BiConsumer
instanceKlass java/util/Collections$1
instanceKlass  @bci com/intellij/diagnostic/LoadingState <clinit> ()V 141 <appendix> argL0 ; # com/intellij/diagnostic/LoadingState$$Lambda+0x0000000033087938
instanceKlass com/intellij/openapi/application/ApplicationInfo
instanceKlass kotlin/collections/SetsKt__SetsJVMKt
instanceKlass java/lang/System$LoggerFinder
instanceKlass java/util/logging/LogManager$LoggingProviderAccess
instanceKlass sun/util/logging/internal/LoggingProviderImpl$LogManagerAccess
instanceKlass java/lang/Shutdown$Lock
instanceKlass java/lang/Shutdown
instanceKlass java/lang/ApplicationShutdownHooks$1
instanceKlass java/lang/ApplicationShutdownHooks
instanceKlass java/util/Collections$SynchronizedMap
instanceKlass java/util/logging/LogManager$LogNode
instanceKlass java/util/logging/LogManager$LoggerContext
instanceKlass java/util/logging/LogManager
instanceKlass java/util/logging/Logger$ConfigurationData
instanceKlass java/util/logging/Logger$LoggerBundle
instanceKlass java/net/SocketAddress
instanceKlass java/net/ProtocolFamily
instanceKlass  @bci java/util/logging/Level$KnownLevel add (Ljava/util/logging/Level;)V 49 <appendix> argL0 ; # java/util/logging/Level$KnownLevel$$Lambda+0x800000034
instanceKlass com/intellij/util/containers/VarHandleWrapper
instanceKlass com/intellij/platform/ide/bootstrap/UiKt
instanceKlass com/intellij/platform/ide/bootstrap/DirectoryLock
instanceKlass com/intellij/util/containers/VarHandleWrapper$VarHandleWrapperFactory
instanceKlass  @bci java/util/logging/Level$KnownLevel add (Ljava/util/logging/Level;)V 19 <appendix> argL0 ; # java/util/logging/Level$KnownLevel$$Lambda+0x800000033
instanceKlass java/util/logging/Level
instanceKlass java/util/logging/Handler
instanceKlass java/util/logging/Logger
instanceKlass kotlinx/coroutines/CoroutineScopeKt
instanceKlass com/intellij/util/containers/Java11Shim$Companion
instanceKlass com/intellij/util/containers/Java11Shim
instanceKlass  @bci com/intellij/platform/ide/bootstrap/StartupUtil <clinit> ()V 4 <appendix> argL0 ; # com/intellij/platform/ide/bootstrap/StartupUtil$$Lambda+0x0000000033082358
instanceKlass com/intellij/ide/g/d/ql
instanceKlass com/intellij/ide/g/d/qv
instanceKlass com/intellij/openapi/diagnostic/ExceptionWithAttachments
instanceKlass java/security/Key
instanceKlass java/security/spec/AlgorithmParameterSpec
instanceKlass java/security/spec/KeySpec
instanceKlass com/intellij/idea/MainImpl
instanceKlass com/intellij/platform/ide/bootstrap/StartupUtil
instanceKlass com/intellij/platform/ide/bootstrap/AppStarter
instanceKlass com/intellij/platform/bootstrap/MarketplaceKt
instanceKlass kotlinx/coroutines/IncompleteStateBox
instanceKlass kotlin/coroutines/jvm/internal/Boxing
instanceKlass kotlinx/coroutines/internal/SoftLimitedDispatcher$Worker
instanceKlass kotlinx/coroutines/Deferred
instanceKlass kotlinx/coroutines/DefaultExecutorKt
instanceKlass kotlin/coroutines/jvm/internal/CompletedContinuation
instanceKlass com/intellij/openapi/project/impl/DisabledP3Support
instanceKlass com/intellij/concurrency/IdeaForkJoinWorkerThreadFactory
instanceKlass com/intellij/openapi/project/impl/P3Support
instanceKlass java/util/concurrent/ForkJoinPool$ForkJoinWorkerThreadFactory
instanceKlass com/intellij/idea/Main$startApp$2$1$1
instanceKlass kotlinx/coroutines/internal/LimitedDispatcherKt
instanceKlass jdk/internal/invoke/MhUtil
instanceKlass java/util/concurrent/atomic/AtomicReference
instanceKlass com/intellij/openapi/project/impl/P3SupportInstaller
instanceKlass com/intellij/diagnostic/CoroutineTracerShim$Companion$coroutineTracer$1
instanceKlass com/intellij/diagnostic/CoroutineTracerShim$Companion
instanceKlass com/intellij/diagnostic/CoroutineTracerShim
instanceKlass kotlinx/coroutines/internal/Removed
instanceKlass kotlinx/coroutines/InactiveNodeList
instanceKlass kotlin/jvm/internal/TypeIntrinsics
instanceKlass kotlinx/coroutines/intrinsics/UndispatchedKt
instanceKlass  @bci com/intellij/platform/diagnostic/telemetry/impl/CoroutineTimeMeasurer updateThreadContext (Lkotlin/coroutines/CoroutineContext;)V 135 <appendix> member <vmtarget> ; # com/intellij/platform/diagnostic/telemetry/impl/CoroutineTimeMeasurer$$Lambda+0x000000003307d180
instanceKlass  @bci sun/awt/FontConfiguration findImpl (Ljava/lang/String;)Ljava/io/File; 5 <appendix> form vmentry <vmtarget> ; # java/lang/invoke/LambdaForm$MH+0x0000000033078800
instanceKlass java/lang/invoke/StringConcatFactory
instanceKlass com/intellij/diagnostic/ActivityImpl
instanceKlass java/util/concurrent/ConcurrentLinkedQueue$Node
instanceKlass com/intellij/diagnostic/StartUpMeasurer
instanceKlass kotlinx/coroutines/UndispatchedMarker
instanceKlass kotlinx/coroutines/CoroutineName$Key
instanceKlass kotlinx/coroutines/internal/LockFreeTaskQueueCore$Placeholder
instanceKlass java/lang/Thread$ThreadNumbering
instanceKlass kotlinx/coroutines/scheduling/WorkQueue
instanceKlass kotlinx/coroutines/scheduling/ParallelismCompensation
instanceKlass kotlinx/coroutines/internal/LockFreeLinkedListNode
instanceKlass kotlinx/coroutines/JobKt__JobKt
instanceKlass kotlinx/coroutines/JobKt
instanceKlass com/intellij/platform/diagnostic/telemetry/impl/CoroutineTimeMeasurer$Companion
instanceKlass com/intellij/platform/diagnostic/telemetry/impl/CoroutineTimeMeasurer
instanceKlass  @bci kotlinx/coroutines/CoroutineContextKt foldCopies (Lkotlin/coroutines/CoroutineContext;Lkotlin/coroutines/CoroutineContext;Z)Lkotlin/coroutines/CoroutineContext; 83 <appendix> argL0 ; # kotlinx/coroutines/CoroutineContextKt$$Lambda+0x0000000033074e50
instanceKlass  @bci kotlinx/coroutines/CoroutineContextKt foldCopies (Lkotlin/coroutines/CoroutineContext;Lkotlin/coroutines/CoroutineContext;Z)Lkotlin/coroutines/CoroutineContext; 50 <appendix> form vmentry <vmtarget> ; # java/lang/invoke/LambdaForm$DMH+0x0000000033078400
instanceKlass  @bci kotlinx/coroutines/CoroutineContextKt foldCopies (Lkotlin/coroutines/CoroutineContext;Lkotlin/coroutines/CoroutineContext;Z)Lkotlin/coroutines/CoroutineContext; 50 <appendix> member <vmtarget> ; # kotlinx/coroutines/CoroutineContextKt$$Lambda+0x0000000033074be8
instanceKlass  @cpi kotlinx/coroutines/CoroutineContextKt 131 form vmentry <vmtarget> ; # java/lang/invoke/LambdaForm$DMH+0x0000000033078000
instanceKlass kotlin/jvm/internal/Ref$ObjectRef
instanceKlass kotlinx/coroutines/BuildersKt__Builders_commonKt
instanceKlass kotlin/coroutines/jvm/internal/SpillingKt
instanceKlass com/intellij/platform/diagnostic/telemetry/impl/CoroutineTimeMeasurerKey
instanceKlass kotlinx/coroutines/ThreadContextElement$DefaultImpls
instanceKlass kotlinx/coroutines/CopyableThreadContextElement$DefaultImpls
instanceKlass com/intellij/platform/diagnostic/telemetry/impl/TracerKt$noActivity$1
instanceKlass com/intellij/diagnostic/Activity
instanceKlass com/intellij/platform/diagnostic/telemetry/impl/DefaultTraceReporter
instanceKlass com/intellij/platform/diagnostic/telemetry/impl/TraceReporter
instanceKlass com/intellij/platform/diagnostic/telemetry/impl/MeasureCoroutineTime
instanceKlass com/intellij/platform/diagnostic/telemetry/impl/TracerKt
instanceKlass kotlinx/coroutines/CoroutineExceptionHandler$Key
instanceKlass kotlinx/coroutines/CoroutineExceptionHandler
instanceKlass kotlin/ResultKt
instanceKlass kotlinx/coroutines/DispatchedTaskKt
instanceKlass kotlinx/coroutines/CompletedExceptionally
instanceKlass  @bci kotlinx/coroutines/internal/intellij/IntellijKt <clinit> ()V 0 <appendix> argL0 ; # kotlinx/coroutines/internal/intellij/IntellijKt$$Lambda+0x00000000330716f8
instanceKlass kotlinx/coroutines/internal/intellij/IntellijKt
instanceKlass kotlinx/coroutines/internal/ThreadContextKt
instanceKlass kotlinx/coroutines/EventLoop_commonKt
instanceKlass kotlinx/coroutines/AbstractTimeSourceKt
instanceKlass kotlin/Result$Failure
instanceKlass kotlinx/coroutines/CompletionStateKt
instanceKlass kotlin/Unit
instanceKlass kotlin/Result$Companion
instanceKlass kotlin/Result
instanceKlass  @bci kotlinx/coroutines/internal/ThreadContext_commonKt <clinit> ()V 28 <appendix> argL0 ; # kotlinx/coroutines/internal/ThreadContext_commonKt$$Lambda+0x0000000033070000
instanceKlass kotlinx/coroutines/internal/ThreadState
instanceKlass  @bci kotlinx/coroutines/internal/ThreadContext_commonKt <clinit> ()V 20 <appendix> argL0 ; # kotlinx/coroutines/internal/ThreadContext_commonKt$$Lambda+0x0000000033068ca8
instanceKlass  @bci kotlinx/coroutines/internal/ThreadContext_commonKt <clinit> ()V 12 <appendix> argL0 ; # kotlinx/coroutines/internal/ThreadContext_commonKt$$Lambda+0x0000000033068a48
instanceKlass kotlinx/coroutines/internal/ThreadContext_commonKt
instanceKlass kotlinx/coroutines/internal/DispatchedContinuationKt
instanceKlass kotlinx/coroutines/scheduling/Task
instanceKlass kotlin/coroutines/jvm/internal/CoroutineDumpState
instanceKlass kotlin/coroutines/jvm/internal/DebugProbesKt
instanceKlass kotlin/coroutines/intrinsics/IntrinsicsKt__IntrinsicsJvmKt
instanceKlass kotlinx/coroutines/intrinsics/CancellableKt
instanceKlass kotlinx/coroutines/CoroutineStart$WhenMappings
instanceKlass kotlin/coroutines/CombinedContext
instanceKlass kotlinx/coroutines/Job$DefaultImpls
instanceKlass  @bci kotlin/coroutines/CoroutineContext$DefaultImpls plus (Lkotlin/coroutines/CoroutineContext;Lkotlin/coroutines/CoroutineContext;)Lkotlin/coroutines/CoroutineContext; 19 <appendix> argL0 ; # kotlin/coroutines/CoroutineContext$DefaultImpls$$Lambda+0x000000003306a4c8
instanceKlass kotlin/coroutines/CoroutineContext$DefaultImpls
instanceKlass kotlinx/coroutines/NonDisposableHandle
instanceKlass kotlinx/coroutines/ChildHandle
instanceKlass kotlinx/coroutines/DisposableHandle
instanceKlass kotlinx/coroutines/Job$Key
instanceKlass kotlinx/coroutines/Empty
instanceKlass kotlinx/coroutines/Incomplete
instanceKlass kotlinx/coroutines/JobSupportKt
instanceKlass kotlinx/coroutines/internal/intellij/JobProbesKt
instanceKlass kotlinx/coroutines/JobSupport
instanceKlass kotlinx/coroutines/ParentJob
instanceKlass kotlinx/coroutines/ChildJob
instanceKlass kotlinx/coroutines/Job
instanceKlass kotlin/coroutines/ContinuationInterceptor$DefaultImpls
instanceKlass java/util/concurrent/atomic/AtomicReferenceArray
instanceKlass kotlinx/coroutines/internal/LockFreeTaskQueueCore$Companion
instanceKlass kotlinx/coroutines/internal/LockFreeTaskQueueCore
instanceKlass kotlinx/coroutines/internal/ResizableAtomicArray
instanceKlass kotlinx/coroutines/internal/LockFreeTaskQueue
instanceKlass java/util/concurrent/atomic/AtomicLongFieldUpdater
instanceKlass kotlinx/coroutines/scheduling/CoroutineScheduler$Companion
instanceKlass kotlinx/coroutines/scheduling/CoroutineScheduler
instanceKlass java/util/concurrent/Executor
instanceKlass kotlinx/coroutines/scheduling/SchedulerTimeSource
instanceKlass kotlinx/coroutines/internal/SystemPropsKt__SystemProps_commonKt
instanceKlass kotlinx/coroutines/scheduling/TasksKt
instanceKlass  @bci kotlinx/coroutines/ExecutorCoroutineDispatcher$Key <init> ()V 7 <appendix> argL0 ; # kotlinx/coroutines/ExecutorCoroutineDispatcher$Key$$Lambda+0x00000000330676d8
instanceKlass kotlinx/coroutines/internal/SoftLimitedParallelism
instanceKlass kotlinx/coroutines/Dispatchers
instanceKlass kotlinx/coroutines/internal/SystemPropsKt__SystemPropsKt
instanceKlass kotlinx/coroutines/internal/SystemPropsKt
instanceKlass kotlinx/coroutines/DebugKt
instanceKlass kotlinx/coroutines/CopyableThreadContextElement
instanceKlass kotlinx/coroutines/ThreadContextElement
instanceKlass kotlin/coroutines/CoroutineContext$Element$DefaultImpls
instanceKlass  @bci kotlinx/coroutines/CoroutineContextKt hasCopyableElements (Lkotlin/coroutines/CoroutineContext;)Z 5 <appendix> argL0 ; # kotlinx/coroutines/CoroutineContextKt$$Lambda+0x0000000033065278
instanceKlass java/lang/invoke/TypeConvertingMethodAdapter$BoxHolder
instanceKlass java/lang/invoke/TypeConvertingMethodAdapter$1
instanceKlass  @cpi kotlinx/coroutines/CoroutineContextKt 90 form vmentry <vmtarget> ; # java/lang/invoke/LambdaForm$DMH+0x0000000033068000
instanceKlass kotlinx/coroutines/CoroutineContextKt
instanceKlass kotlinx/coroutines/GlobalScope
instanceKlass kotlinx/coroutines/CoroutineScope
instanceKlass java/util/concurrent/atomic/AtomicIntegerFieldUpdater
instanceKlass  @bci kotlinx/coroutines/CoroutineDispatcher$Key <init> ()V 7 <appendix> argL0 ; # kotlinx/coroutines/CoroutineDispatcher$Key$$Lambda+0x0000000033064930
instanceKlass kotlin/jvm/functions/Function1
instanceKlass kotlin/coroutines/AbstractCoroutineContextKey
instanceKlass kotlin/coroutines/AbstractCoroutineContextElement
instanceKlass kotlinx/coroutines/Delay
instanceKlass kotlinx/coroutines/EventLoopKt
instanceKlass kotlinx/coroutines/internal/ThreadLocalKt
instanceKlass kotlinx/coroutines/internal/Symbol
instanceKlass kotlinx/coroutines/ThreadLocalEventLoop
instanceKlass kotlin/coroutines/ContinuationInterceptor$Key
instanceKlass kotlin/coroutines/CoroutineContext$Key
instanceKlass kotlin/coroutines/ContinuationInterceptor
instanceKlass kotlin/coroutines/CoroutineContext$Element
instanceKlass kotlin/coroutines/EmptyCoroutineContext
instanceKlass kotlin/coroutines/CoroutineContext
instanceKlass kotlinx/coroutines/BuildersKt__BuildersKt
instanceKlass kotlinx/coroutines/BuildersKt
instanceKlass kotlin/coroutines/jvm/internal/BaseContinuationImpl
instanceKlass kotlin/coroutines/jvm/internal/CoroutineStackFrame
instanceKlass kotlin/coroutines/Continuation
instanceKlass kotlin/coroutines/jvm/internal/SuspendFunction
instanceKlass kotlin/jvm/internal/FunctionBase
instanceKlass kotlin/jvm/functions/Function2
instanceKlass  @bci java/util/regex/Pattern Single (I)Ljava/util/regex/Pattern$BmpCharPredicate; 1 <appendix> member <vmtarget> ; # java/util/regex/Pattern$$Lambda+0x800000042
instanceKlass com/intellij/openapi/application/PathManager$Lazy
instanceKlass java/util/Properties$LineReader
instanceKlass sun/nio/ch/SelChImpl
instanceKlass java/nio/channels/NetworkChannel
instanceKlass sun/nio/ch/Streams
instanceKlass java/nio/channels/Channels
instanceKlass java/util/Collections$EmptyIterator
instanceKlass com/jetbrains/internal/IoToNioErrorMessageHolder
instanceKlass sun/nio/fs/WindowsPath$1
instanceKlass  @bci com/intellij/openapi/application/ArchivedCompilationContextUtil <clinit> ()V 27 <appendix> argL0 ; # com/intellij/openapi/application/ArchivedCompilationContextUtil$$Lambda+0x000000003305ac30
instanceKlass kotlin/UNINITIALIZED_VALUE
instanceKlass sun/reflect/misc/ReflectUtil
instanceKlass java/util/concurrent/atomic/AtomicReferenceFieldUpdater
instanceKlass kotlin/SafePublicationLazyImpl$Companion
instanceKlass kotlin/SafePublicationLazyImpl
instanceKlass kotlin/Lazy
instanceKlass kotlin/LazyKt__LazyJVMKt$WhenMappings
instanceKlass kotlin/LazyKt__LazyJVMKt
instanceKlass  @bci com/intellij/openapi/application/ArchivedCompilationContextUtil <clinit> ()V 13 <appendix> argL0 ; # com/intellij/openapi/application/ArchivedCompilationContextUtil$$Lambda+0x00000000330594d0
instanceKlass kotlin/jvm/functions/Function0
instanceKlass kotlin/Function
instanceKlass com/intellij/openapi/application/ArchivedCompilationContextUtil
instanceKlass sun/nio/fs/WindowsUriSupport
instanceKlass java/net/URLConnection
instanceKlass com/intellij/util/lang/ZipResourceFile$ZipFileResource
instanceKlass com/intellij/util/lang/ImmutableZipFile$MyZipResource
instanceKlass sun/nio/ch/Util$BufferCache
instanceKlass jdk/internal/misc/Blocker
instanceKlass java/util/zip/ZipFile$Source$ChannelFileAccessor
instanceKlass jdk/internal/jimage/ImageLocation
instanceKlass jdk/internal/jimage/decompressor/Decompressor
instanceKlass jdk/internal/jimage/ImageStringsReader
instanceKlass jdk/internal/jimage/ImageStrings
instanceKlass jdk/internal/jimage/ImageHeader
instanceKlass sun/nio/fs/WindowsLinkSupport
instanceKlass java/nio/file/attribute/PosixFileAttributes
instanceKlass java/nio/file/attribute/DosFileAttributeView
instanceKlass jdk/internal/reflect/Reflection$1Holder
instanceKlass jdk/internal/jimage/NativeImageBuffer$1
instanceKlass jdk/internal/jimage/NativeImageBuffer
instanceKlass java/security/AccessControlContext
instanceKlass java/security/AccessController
instanceKlass jdk/internal/jimage/BasicImageReader$1
instanceKlass java/security/PrivilegedAction
instanceKlass jdk/internal/jimage/BasicImageReader
instanceKlass jdk/internal/jimage/ImageReader
instanceKlass jdk/internal/jimage/ImageReaderFactory$1
instanceKlass jdk/internal/jimage/ImageReaderFactory
instanceKlass jdk/internal/module/SystemModuleFinders$SystemImage
instanceKlass jdk/internal/module/SystemModuleFinders$SystemModuleReader
instanceKlass java/lang/module/ModuleReader
instanceKlass jdk/internal/loader/BuiltinClassLoader$2
instanceKlass jdk/internal/module/Resources
instanceKlass com/intellij/openapi/application/PathManager$2
instanceKlass java/util/TreeMap$Entry
instanceKlass java/lang/ProcessEnvironment$CheckedEntry
instanceKlass java/lang/ProcessEnvironment$CheckedEntrySet$1
instanceKlass java/util/NavigableMap
instanceKlass java/util/SortedMap
instanceKlass java/lang/ProcessEnvironment$EntryComparator
instanceKlass java/lang/ProcessEnvironment$NameComparator
instanceKlass com/intellij/openapi/util/text/StringUtilRt
instanceKlass  @bci com/intellij/openapi/util/text/StringUtil <clinit> ()V 24 <appendix> argL0 ; # com/intellij/openapi/util/text/StringUtil$$Lambda+0x0000000033058000
instanceKlass  @bci com/intellij/openapi/util/text/StringUtil <clinit> ()V 16 <appendix> argL0 ; # com/intellij/openapi/util/text/StringUtil$$Lambda+0x0000000033052400
instanceKlass com/intellij/openapi/util/text/StringUtil
instanceKlass java/util/regex/Pattern$TreeInfo
instanceKlass  @bci java/util/regex/Pattern DOT ()Ljava/util/regex/Pattern$CharPredicate; 0 <appendix> argL0 ; # java/util/regex/Pattern$$Lambda+0x800000041
instanceKlass com/intellij/openapi/util/Version
instanceKlass jdk/internal/math/FloatingDecimal$ASCIIToBinaryBuffer
instanceKlass jdk/internal/math/MathUtils
instanceKlass jdk/internal/math/FloatingDecimal$PreparedASCIIToBinaryBuffer
instanceKlass jdk/internal/math/FloatingDecimal$ASCIIToBinaryConverter
instanceKlass jdk/internal/math/FloatingDecimal$BinaryToASCIIBuffer
instanceKlass jdk/internal/math/FloatingDecimal$ExceptionalBinaryToASCIIBuffer
instanceKlass jdk/internal/math/FloatingDecimal$BinaryToASCIIConverter
instanceKlass jdk/internal/math/FloatingDecimal
instanceKlass java/util/regex/ASCII
instanceKlass java/util/regex/IntHashSet
instanceKlass java/util/regex/Matcher
instanceKlass java/util/regex/MatchResult
instanceKlass  @bci java/util/regex/CharPredicates ASCII_DIGIT ()Ljava/util/regex/Pattern$BmpCharPredicate; 0 <appendix> argL0 ; # java/util/regex/CharPredicates$$Lambda+0x800000037
instanceKlass java/util/regex/Pattern$BmpCharPredicate
instanceKlass java/util/regex/Pattern$CharPredicate
instanceKlass java/util/regex/CharPredicates
instanceKlass java/util/regex/Pattern$Node
instanceKlass java/util/regex/Pattern
instanceKlass com/intellij/util/system/OS$VersionHolder
instanceKlass com/intellij/util/system/OS$OsInfo
instanceKlass java/io/Reader
instanceKlass com/intellij/openapi/application/PathManager
instanceKlass com/intellij/idea/WellKnownArgument
instanceKlass com/intellij/idea/ApplicationStartArguments
instanceKlass com/intellij/platform/core/nio/fs/MultiRoutingFsPath
instanceKlass sun/nio/fs/BasicFileAttributesHolder
instanceKlass java/nio/file/Paths
instanceKlass java/util/Arrays$ArrayItr
instanceKlass kotlin/ranges/RangesKt__RangesKt
instanceKlass kotlin/collections/MapsKt__MapWithDefaultKt
instanceKlass kotlin/collections/ArraysUtilJVM
instanceKlass kotlin/collections/CollectionsKt__CollectionsJVMKt
instanceKlass kotlin/collections/AbstractList$Companion
instanceKlass kotlin/collections/AbstractCollection
instanceKlass kotlin/enums/EnumEntries
instanceKlass kotlin/jvm/internal/markers/KMappedMarker
instanceKlass kotlin/enums/EnumEntriesKt
instanceKlass com/intellij/idea/WellKnownCommand
instanceKlass com/intellij/idea/WellKnownCommands
instanceKlass com/intellij/idea/AppMode
# instanceKlass java/lang/invoke/LambdaForm$MH+0x0000000033052000
instanceKlass java/lang/classfile/constantpool/InterfaceMethodRefEntry
instanceKlass java/lang/invoke/MethodHandle$1
instanceKlass kotlin/Pair
instanceKlass kotlin/text/StringsKt__AppendableKt
instanceKlass kotlin/collections/ArraysKt__ArraysJVMKt
instanceKlass kotlin/jvm/internal/Intrinsics
instanceKlass com/intellij/idea/Main
instanceKlass java/lang/invoke/VarHandle$AccessDescriptor
instanceKlass java/lang/invoke/VarForm
instanceKlass java/lang/invoke/VarHandleGuards
instanceKlass java/lang/invoke/VarHandles
instanceKlass com/intellij/util/lang/ByteArrayAccess
instanceKlass com/intellij/util/lang/Xxh3
instanceKlass java/nio/charset/StandardCharsets
instanceKlass com/intellij/util/lang/StrippedLongToObjectMap
instanceKlass com/intellij/util/lang/ZipResourceFile$1
instanceKlass java/util/AbstractMap$SimpleImmutableEntry
instanceKlass com/intellij/util/lang/JarLoader
instanceKlass com/intellij/util/lang/Hash
instanceKlass com/intellij/util/lang/StrippedLongToLongMap
instanceKlass com/intellij/util/lang/Ikv
# instanceKlass java/lang/invoke/LambdaForm$MH+0x000000003304c800
instanceKlass jdk/internal/classfile/impl/BytecodeHelpers$1
instanceKlass java/lang/ClassValue$RemovalToken
instanceKlass java/lang/ClassValue$Identity
instanceKlass java/lang/ClassValue$Entry
instanceKlass java/lang/ClassValue
instanceKlass java/lang/invoke/MethodHandleImpl$ArrayAccessor
instanceKlass java/lang/invoke/MethodHandleImpl$CasesHolder
instanceKlass java/lang/invoke/MethodHandleImpl$LoopClauses
# instanceKlass java/lang/invoke/LambdaForm$MH+0x000000003304c400
# instanceKlass java/lang/invoke/LambdaForm$DMH+0x000000003304c000
# instanceKlass java/lang/invoke/LambdaForm$MH+0x000000003304bc00
# instanceKlass java/lang/invoke/LambdaForm$DMH+0x000000003304b800
# instanceKlass java/lang/invoke/LambdaForm$MH+0x000000003304b400
# instanceKlass java/lang/invoke/LambdaForm$MH+0x000000003304b000
# instanceKlass java/lang/invoke/LambdaForm$DMH+0x000000003304ac00
# instanceKlass java/lang/invoke/LambdaForm$MH+0x000000003304a800
# instanceKlass java/lang/invoke/LambdaForm$MH+0x000000003304a400
# instanceKlass java/lang/invoke/LambdaForm$BMH+0x000000003304a000
# instanceKlass java/lang/invoke/LambdaForm$DMH+0x0000000033049c00
# instanceKlass java/lang/invoke/LambdaForm$MH+0x0000000033049800
# instanceKlass java/lang/invoke/LambdaForm$BMH+0x0000000033049400
# instanceKlass java/lang/invoke/LambdaForm$DMH+0x0000000033049000
# instanceKlass java/lang/invoke/LambdaForm$DMH+0x0000000033048c00
# instanceKlass java/lang/invoke/LambdaForm$MH+0x0000000033048800
# instanceKlass java/lang/invoke/LambdaForm$DMH+0x0000000033048400
instanceKlass java/lang/invoke/ClassSpecializer$Factory$1$5$1
instanceKlass java/lang/classfile/attribute/ExceptionsAttribute
instanceKlass java/lang/invoke/ClassSpecializer$Factory$1$5
instanceKlass java/lang/invoke/ClassSpecializer$Factory$1$4
instanceKlass java/lang/invoke/ClassSpecializer$Factory$1$3
instanceKlass java/lang/invoke/ClassSpecializer$Factory$1$2
instanceKlass java/lang/invoke/ClassSpecializer$Factory$1$1Var
instanceKlass java/lang/invoke/ClassSpecializer$Factory$1$1
instanceKlass java/lang/invoke/ClassSpecializer$Factory$1
instanceKlass java/lang/invoke/MethodHandles$1
instanceKlass sun/invoke/util/ValueConversions$1
instanceKlass sun/invoke/util/ValueConversions$WrapperCache
# instanceKlass java/lang/invoke/LambdaForm$DMH+0x0000000033048000
instanceKlass java/lang/foreign/MemorySegment
instanceKlass sun/nio/ch/Util
instanceKlass sun/nio/ch/FileChannelImpl$Unmapper
instanceKlass jdk/internal/access/foreign/UnmapperProxy
instanceKlass jdk/internal/misc/ExtendedMapMode
instanceKlass java/nio/channels/FileChannel$MapMode
instanceKlass sun/nio/ch/IOStatus
instanceKlass sun/nio/ch/NativeThread
instanceKlass sun/nio/ch/FileChannelImpl$Closer
instanceKlass com/jetbrains/internal/IoOverNio$ParentForFileChannelImplHolder
instanceKlass sun/nio/ch/NativeThreadSet
instanceKlass java/nio/channels/spi/AbstractInterruptibleChannel$1
instanceKlass sun/nio/ch/Interruptible
instanceKlass sun/nio/ch/IOUtil
instanceKlass sun/nio/ch/NativeDispatcher
instanceKlass sun/nio/fs/WindowsChannelFactory$2
instanceKlass java/util/RegularEnumSet$EnumSetIterator
instanceKlass sun/nio/fs/WindowsChannelFactory$Flags
instanceKlass sun/nio/fs/WindowsChannelFactory$1
instanceKlass sun/nio/fs/WindowsChannelFactory
instanceKlass sun/nio/fs/WindowsSecurityDescriptor
instanceKlass java/nio/channels/ScatteringByteChannel
instanceKlass java/nio/channels/GatheringByteChannel
instanceKlass java/nio/channels/SeekableByteChannel
instanceKlass java/nio/channels/ByteChannel
instanceKlass java/nio/channels/WritableByteChannel
instanceKlass java/nio/channels/ReadableByteChannel
instanceKlass java/nio/channels/spi/AbstractInterruptibleChannel
instanceKlass java/nio/channels/InterruptibleChannel
instanceKlass java/nio/channels/Channel
instanceKlass java/nio/file/attribute/FileAttribute
instanceKlass java/lang/PublicMethods$Key
instanceKlass java/lang/PublicMethods$MethodList
instanceKlass com/intellij/util/lang/ZipFile$ZipResource
instanceKlass com/intellij/util/lang/ImmutableZipFile
instanceKlass com/intellij/util/lang/ZipFile
instanceKlass com/intellij/util/lang/ZipFilePool
instanceKlass com/intellij/util/lang/ClasspathCache$IndexRegistrar
instanceKlass com/intellij/util/lang/Resource
instanceKlass com/intellij/util/lang/ZipResourceFile
instanceKlass com/intellij/util/lang/Xxh3Impl
instanceKlass com/intellij/util/lang/CharSequenceAccess$BaseCharSequenceAccess
instanceKlass com/intellij/util/lang/Access
instanceKlass com/intellij/util/lang/CharSequenceAccess
instanceKlass  @bci com/intellij/util/lang/ClassLoadingLocks getOrCreateLock (Ljava/lang/String;)Ljava/lang/Object; 14 <appendix> member <vmtarget> ; # com/intellij/util/lang/ClassLoadingLocks$$Lambda+0x0000000033044000
instanceKlass jdk/internal/vm/ContinuationSupport
instanceKlass java/net/URI$Parser
instanceKlass  @bci com/intellij/platform/core/nio/fs/MultiRoutingFileSystem <clinit> ()V 16 <appendix> argL0 ; # com/intellij/platform/core/nio/fs/MultiRoutingFileSystem$$Lambda+0x00000000330036d0
instanceKlass  @bci com/intellij/platform/core/nio/fs/MultiRoutingFileSystem <clinit> ()V 8 <appendix> argL0 ; # com/intellij/platform/core/nio/fs/MultiRoutingFileSystem$$Lambda+0x0000000033003450
instanceKlass  @bci com/intellij/platform/core/nio/fs/MultiRoutingFileSystem <clinit> ()V 0 <appendix> argL0 ; # com/intellij/platform/core/nio/fs/MultiRoutingFileSystem$$Lambda+0x00000000330031e0
instanceKlass com/intellij/platform/core/nio/fs/FileSystemTracingListener$NoopFileSystemTracingListener
instanceKlass com/intellij/platform/core/nio/fs/FileSystemTracingListener
instanceKlass com/intellij/platform/core/nio/fs/RoutingAwareFileSystemProvider
instanceKlass java/nio/file/FileSystems$DefaultFileSystemHolder
instanceKlass java/nio/file/FileSystems
instanceKlass com/intellij/util/lang/ClassLoadingLocks
instanceKlass  @bci com/intellij/util/lang/ClasspathCache <clinit> ()V 8 <appendix> argL0 ; # com/intellij/util/lang/ClasspathCache$$Lambda+0x0000000033042800
instanceKlass  @bci com/intellij/util/lang/ClasspathCache <clinit> ()V 0 <appendix> argL0 ; # com/intellij/util/lang/ClasspathCache$$Lambda+0x0000000033043b50
instanceKlass  @cpi com/intellij/util/ArrayUtil 614 form vmentry <vmtarget> ; # java/lang/invoke/LambdaForm$DMH+0x0000000033042400
instanceKlass java/util/function/IntFunction
instanceKlass java/util/function/LongFunction
instanceKlass com/intellij/util/lang/ClasspathCache
instanceKlass com/intellij/util/lang/ClassPath$Measurer
instanceKlass com/intellij/util/lang/Loader
instanceKlass com/intellij/util/lang/ClassPath
instanceKlass java/util/SequencedMap
instanceKlass java/util/SequencedSet
# instanceKlass java/lang/invoke/LambdaForm$MH+0x0000000033042000
instanceKlass sun/reflect/annotation/AnnotationParser
# instanceKlass java/lang/invoke/LambdaForm$MH+0x0000000033041c00
instanceKlass  @bci com/intellij/platform/instanceContainer/internal/InstanceRegistrarImpl logIncorrectOverride (Lcom/intellij/platform/instanceContainer/InstanceNotOverridableException;)V 14 <appendix> form vmentry <vmtarget> ; # java/lang/invoke/LambdaForm$MH+0x0000000033041800
instanceKlass jdk/internal/classfile/impl/AnnotationReader
instanceKlass java/lang/invoke/InvokerBytecodeGenerator$2
instanceKlass java/lang/invoke/InvokerBytecodeGenerator$4$1
instanceKlass java/lang/invoke/InvokerBytecodeGenerator$4
instanceKlass java/lang/classfile/attribute/SourceFileAttribute
instanceKlass java/lang/classfile/Superclass
instanceKlass java/lang/invoke/InvokerBytecodeGenerator$1
instanceKlass java/lang/invoke/InvokerBytecodeGenerator$3
instanceKlass java/lang/invoke/LambdaFormBuffer
instanceKlass java/lang/invoke/LambdaFormEditor$TransformKey
instanceKlass java/lang/invoke/LambdaFormEditor
instanceKlass java/lang/invoke/DelegatingMethodHandle$Holder
instanceKlass jdk/internal/reflect/MethodHandleAccessorFactory$LazyStaticHolder
instanceKlass  @bci com/intellij/util/lang/PathClassLoader <clinit> ()V 50 <appendix> argL0 ; # com/intellij/util/lang/PathClassLoader$$Lambda+0x0000000033041250
instanceKlass jdk/internal/reflect/MethodHandleAccessorFactory
instanceKlass com/intellij/util/lang/UrlClassLoader$Builder
instanceKlass com/intellij/util/lang/ResourceFile
instanceKlass com/intellij/util/lang/UrlClassLoader$CachePool
instanceKlass java/lang/Class$Atomic
instanceKlass java/lang/Class$ReflectionData
instanceKlass com/intellij/util/lang/ClassPath$ClassDataConsumer
instanceKlass java/security/PermissionCollection
instanceKlass java/security/SecureClassLoader$1
instanceKlass java/util/zip/Checksum$1
instanceKlass java/util/zip/CRC32
instanceKlass java/util/zip/Checksum
instanceKlass sun/nio/ByteBuffered
instanceKlass java/lang/Package$VersionInfo
instanceKlass java/lang/NamedPackage
instanceKlass jdk/internal/loader/Resource
instanceKlass java/util/zip/ZipEntry
instanceKlass java/nio/Bits$1
instanceKlass jdk/internal/misc/VM$BufferPool
instanceKlass java/nio/Bits
instanceKlass sun/nio/ch/DirectBuffer
instanceKlass jdk/internal/perf/PerfCounter$CoreCounters
instanceKlass jdk/internal/perf/Perf
instanceKlass jdk/internal/perf/PerfCounter
instanceKlass sun/util/locale/LocaleUtils
instanceKlass java/util/Locale
instanceKlass java/nio/file/attribute/FileTime
instanceKlass java/util/zip/ZipUtils
instanceKlass java/util/zip/ZipFile$Source$End
instanceKlass java/util/zip/ZipFile$Source$RandomAccessFileAccessor
instanceKlass java/util/zip/ZipFile$Source$FileAccessor
instanceKlass com/jetbrains/internal/IoOverNio$RecursionGuard
instanceKlass java/io/RandomAccessFile$2
instanceKlass jdk/internal/access/JavaIORandomAccessFileAccess
instanceKlass java/io/RandomAccessFile
instanceKlass java/io/DataInput
instanceKlass java/io/DataOutput
instanceKlass sun/nio/fs/WindowsNativeDispatcher$CompletionStatus
instanceKlass sun/nio/fs/WindowsNativeDispatcher$AclInformation
instanceKlass sun/nio/fs/WindowsNativeDispatcher$Account
instanceKlass sun/nio/fs/WindowsNativeDispatcher$DiskFreeSpace
instanceKlass sun/nio/fs/WindowsNativeDispatcher$VolumeInformation
instanceKlass sun/nio/fs/WindowsNativeDispatcher$FirstStream
instanceKlass sun/nio/fs/WindowsNativeDispatcher$FirstFile
instanceKlass java/util/Enumeration
instanceKlass java/util/concurrent/ConcurrentHashMap$Traverser
instanceKlass jdk/internal/loader/NativeLibraries$2
instanceKlass jdk/internal/loader/NativeLibrary
instanceKlass java/util/ArrayDeque$DeqIterator
instanceKlass jdk/internal/loader/NativeLibraries$NativeLibraryContext$1
instanceKlass jdk/internal/loader/NativeLibraries$NativeLibraryContext
instanceKlass jdk/internal/loader/NativeLibraries$1
instanceKlass jdk/internal/loader/NativeLibraries$LibraryPaths
instanceKlass sun/nio/fs/WindowsNativeDispatcher
instanceKlass sun/nio/fs/NativeBuffer$Deallocator
instanceKlass sun/nio/fs/NativeBuffer
instanceKlass sun/nio/fs/NativeBuffers
instanceKlass sun/nio/fs/WindowsFileAttributes
instanceKlass java/nio/file/attribute/DosFileAttributes
instanceKlass sun/nio/fs/AbstractBasicFileAttributeView
instanceKlass sun/nio/fs/DynamicFileAttributeView
instanceKlass sun/nio/fs/WindowsFileAttributeViews
instanceKlass sun/nio/fs/Util
instanceKlass java/nio/file/attribute/BasicFileAttributeView
instanceKlass java/nio/file/attribute/FileAttributeView
instanceKlass java/nio/file/attribute/AttributeView
instanceKlass java/nio/file/Files
instanceKlass java/nio/file/CopyOption
instanceKlass java/nio/file/attribute/BasicFileAttributes
instanceKlass sun/nio/fs/WindowsPath
instanceKlass java/nio/file/Path
instanceKlass java/nio/file/Watchable
instanceKlass java/util/zip/ZipFile$Source$Key
instanceKlass sun/nio/fs/WindowsPathParser
instanceKlass java/nio/file/FileSystem
instanceKlass java/nio/file/OpenOption
instanceKlass java/nio/file/spi/FileSystemProvider
instanceKlass sun/nio/fs/DefaultFileSystemProvider
instanceKlass java/util/zip/ZipFile$Source
instanceKlass java/util/zip/ZipFile$CleanableResource
instanceKlass java/util/zip/ZipCoder
instanceKlass java/lang/Runtime$Version
instanceKlass java/util/jar/JavaUtilJarAccessImpl
instanceKlass jdk/internal/access/JavaUtilJarAccess
instanceKlass java/nio/charset/CoderResult
instanceKlass java/nio/charset/CharsetDecoder
instanceKlass java/lang/Readable
instanceKlass jdk/internal/loader/FileURLMapper
instanceKlass java/util/zip/ZipFile$1
instanceKlass jdk/internal/access/JavaUtilZipFileAccess
instanceKlass java/util/BitSet
instanceKlass java/util/zip/ZipFile
instanceKlass java/util/zip/ZipConstants
instanceKlass jdk/internal/loader/URLClassPath$Loader
instanceKlass sun/net/util/URLUtil
instanceKlass com/jetbrains/internal/IoOverNio$ThreadLocalCloseable
instanceKlass java/lang/ThreadLocal$ThreadLocalMap
instanceKlass sun/invoke/empty/Empty
instanceKlass sun/invoke/util/VerifyType
instanceKlass  @bci java/lang/Module implAddExportsOrOpens (Ljava/lang/String;Ljava/lang/Module;ZZ)V 235 <appendix> member <vmtarget> ; # java/lang/Module$$Lambda+0x0000000033000b60
instanceKlass java/lang/classfile/constantpool/FieldRefEntry
instanceKlass jdk/internal/classfile/impl/TerminalFieldBuilder
instanceKlass java/lang/classfile/FieldBuilder
instanceKlass java/lang/WeakPairMap$Pair$Lookup
instanceKlass java/lang/WeakPairMap$Pair
instanceKlass java/lang/WeakPairMap
instanceKlass java/lang/Module$ReflectionData
instanceKlass java/util/ArrayList$Itr
instanceKlass java/lang/invoke/Invokers$Holder
instanceKlass java/lang/invoke/DirectMethodHandle$2
instanceKlass java/lang/invoke/ClassSpecializer$Factory
instanceKlass java/lang/invoke/ClassSpecializer$SpeciesData
instanceKlass java/lang/invoke/ClassSpecializer$1
instanceKlass jdk/internal/vm/annotation/Stable
instanceKlass java/lang/invoke/ClassSpecializer
instanceKlass java/lang/invoke/MethodHandleImpl$1
instanceKlass jdk/internal/access/JavaLangInvokeAccess
instanceKlass  @bci jdk/internal/module/ModuleBootstrap decode (Ljava/lang/String;Ljava/lang/String;Z)Ljava/util/Map; 193 <appendix> argL0 ; # jdk/internal/module/ModuleBootstrap$$Lambda+0x00000000330008e0
instanceKlass jdk/internal/util/ModifiedUtf
instanceKlass jdk/internal/classfile/impl/ClassReaderImpl
instanceKlass java/lang/classfile/ClassReader
instanceKlass jdk/internal/classfile/impl/ClassHierarchyImpl$CachedClassHierarchyResolver$1
instanceKlass java/lang/classfile/ClassHierarchyResolver$ClassHierarchyInfo
instanceKlass jdk/internal/classfile/impl/ClassHierarchyImpl$CachedClassHierarchyResolver
instanceKlass jdk/internal/classfile/impl/ClassHierarchyImpl$ClassLoadingClassHierarchyResolver$1
instanceKlass jdk/internal/classfile/impl/ClassHierarchyImpl$ClassLoadingClassHierarchyResolver
instanceKlass java/lang/classfile/ClassHierarchyResolver
instanceKlass jdk/internal/classfile/impl/ClassHierarchyImpl
instanceKlass jdk/internal/classfile/impl/RawBytecodeHelper$1
instanceKlass jdk/internal/classfile/impl/RawBytecodeHelper
instanceKlass jdk/internal/classfile/impl/StackMapGenerator$Frame
instanceKlass jdk/internal/classfile/impl/StackMapGenerator
instanceKlass java/lang/classfile/CustomAttribute
instanceKlass jdk/internal/classfile/impl/BytecodeHelpers
instanceKlass java/lang/invoke/TypeConvertingMethodAdapter
instanceKlass jdk/internal/classfile/impl/DirectCodeBuilder$8
instanceKlass java/lang/invoke/InnerClassLambdaMetafactory$6
instanceKlass java/lang/classfile/constantpool/MethodRefEntry
instanceKlass java/lang/classfile/constantpool/MemberRefEntry
instanceKlass java/lang/classfile/constantpool/NameAndTypeEntry
instanceKlass java/lang/classfile/instruction/LabelTarget
instanceKlass java/lang/classfile/Label
instanceKlass jdk/internal/classfile/impl/BufWriterImpl
instanceKlass java/lang/classfile/BufWriter
instanceKlass java/lang/classfile/instruction/LocalVariableType
instanceKlass java/lang/classfile/instruction/LocalVariable
instanceKlass java/lang/classfile/instruction/CharacterRange
instanceKlass java/lang/classfile/PseudoInstruction
instanceKlass java/lang/classfile/CodeElement
instanceKlass jdk/internal/classfile/impl/TerminalCodeBuilder
instanceKlass jdk/internal/classfile/impl/LabelContext
instanceKlass java/lang/classfile/CodeBuilder
instanceKlass jdk/internal/classfile/impl/TerminalMethodBuilder
instanceKlass jdk/internal/classfile/impl/MethodInfo
instanceKlass java/lang/classfile/MethodBuilder
instanceKlass java/lang/invoke/InnerClassLambdaMetafactory$3
instanceKlass java/lang/classfile/Interfaces
instanceKlass java/util/ImmutableCollections$Access$1
instanceKlass jdk/internal/access/JavaUtilCollectionAccess
instanceKlass java/util/ImmutableCollections$Access
instanceKlass jdk/internal/classfile/impl/AttributeHolder
instanceKlass java/lang/classfile/ClassBuilder
instanceKlass java/lang/classfile/ClassFileBuilder
instanceKlass jdk/internal/classfile/impl/AbstractDirectBuilder
instanceKlass java/lang/invoke/InnerClassLambdaMetafactory$1
instanceKlass java/util/function/Consumer
instanceKlass jdk/internal/classfile/impl/ClassFileImpl
instanceKlass java/lang/classfile/ClassFile
instanceKlass java/lang/invoke/LambdaProxyClassArchive
instanceKlass java/lang/classfile/constantpool/ClassEntry
instanceKlass java/lang/classfile/constantpool/LoadableConstantEntry
instanceKlass jdk/internal/classfile/impl/Util
instanceKlass jdk/internal/classfile/impl/EntryMap
instanceKlass jdk/internal/classfile/impl/BootstrapMethodEntryImpl
instanceKlass java/lang/classfile/BootstrapMethodEntry
instanceKlass jdk/internal/classfile/impl/SplitConstantPool
instanceKlass java/lang/invoke/InfoFromMemberName
instanceKlass java/lang/invoke/MethodHandleInfo
instanceKlass java/lang/invoke/AbstractValidatingLambdaMetafactory
instanceKlass java/lang/invoke/BootstrapMethodInvoker
instanceKlass java/lang/invoke/InvokerBytecodeGenerator$8
instanceKlass jdk/internal/classfile/impl/AbstractAttributeMapper
instanceKlass java/lang/classfile/AttributeMapper
instanceKlass java/lang/classfile/Attributes
instanceKlass jdk/internal/classfile/impl/Util$Writable
instanceKlass jdk/internal/classfile/impl/AbstractElement
instanceKlass java/lang/classfile/attribute/RuntimeVisibleAnnotationsAttribute
instanceKlass java/lang/classfile/FieldElement
instanceKlass java/lang/classfile/MethodElement
instanceKlass java/lang/classfile/ClassElement
instanceKlass java/lang/classfile/Attribute
instanceKlass java/lang/classfile/ClassFileElement
instanceKlass java/lang/classfile/constantpool/Utf8Entry
instanceKlass java/lang/classfile/constantpool/AnnotationConstantValueEntry
instanceKlass java/lang/classfile/constantpool/PoolEntry
instanceKlass jdk/internal/classfile/impl/AbstractPoolEntry
instanceKlass jdk/internal/classfile/impl/TemporaryConstantPool
instanceKlass java/lang/classfile/constantpool/ConstantPoolBuilder
instanceKlass java/lang/classfile/constantpool/ConstantPool
instanceKlass java/lang/classfile/Annotation
instanceKlass java/lang/classfile/AnnotationElement
instanceKlass java/lang/invoke/InvokerBytecodeGenerator
instanceKlass java/lang/invoke/LambdaForm$Holder
instanceKlass java/lang/invoke/LambdaForm$Name
instanceKlass java/lang/reflect/Array
instanceKlass java/lang/invoke/Invokers
instanceKlass sun/invoke/util/ValueConversions
instanceKlass java/lang/invoke/DirectMethodHandle$Holder
instanceKlass java/lang/invoke/LambdaForm$NamedFunction
instanceKlass java/lang/constant/DynamicConstantDesc
instanceKlass jdk/internal/constant/DirectMethodHandleDescImpl$1
instanceKlass jdk/internal/constant/DirectMethodHandleDescImpl
instanceKlass java/lang/constant/DirectMethodHandleDesc
instanceKlass java/lang/constant/MethodHandleDesc$1
instanceKlass java/lang/constant/MethodHandleDesc
instanceKlass jdk/internal/constant/MethodTypeDescImpl
instanceKlass java/lang/constant/MethodTypeDesc
instanceKlass jdk/internal/constant/ConstantUtils
instanceKlass jdk/internal/constant/ArrayClassDescImpl
instanceKlass jdk/internal/constant/ClassOrInterfaceDescImpl
instanceKlass java/lang/constant/ClassDesc
instanceKlass java/lang/constant/ConstantDescs
instanceKlass sun/invoke/util/Wrapper$Format
instanceKlass java/lang/invoke/MethodTypeForm
instanceKlass jdk/internal/util/StrongReferenceKey
instanceKlass jdk/internal/util/ReferenceKey
instanceKlass jdk/internal/util/ReferencedKeyMap
instanceKlass java/lang/invoke/MethodType$1
instanceKlass java/lang/invoke/LambdaMetafactory
instanceKlass java/lang/ModuleLayer$Controller
instanceKlass java/util/concurrent/CopyOnWriteArrayList
instanceKlass jdk/internal/module/ServicesCatalog$ServiceProvider
instanceKlass jdk/internal/loader/AbstractClassLoaderValue$Memoizer
instanceKlass java/util/ImmutableCollections$ListItr
instanceKlass java/util/ListIterator
instanceKlass java/util/ImmutableCollections$Set12$1
instanceKlass jdk/internal/loader/BuiltinClassLoader$LoadedModule
instanceKlass java/lang/Module$EnableNativeAccess
instanceKlass jdk/internal/loader/BootLoader
instanceKlass java/util/Optional
instanceKlass java/util/ImmutableCollections$SetN$SetNIterator
instanceKlass jdk/internal/loader/AbstractClassLoaderValue
instanceKlass jdk/internal/module/ServicesCatalog
instanceKlass java/util/concurrent/ConcurrentHashMap$CollectionView
instanceKlass jdk/internal/loader/ClassLoaderHelper
instanceKlass jdk/internal/loader/NativeLibraries
instanceKlass java/security/Principal
instanceKlass java/lang/ClassLoader$ParallelLoaders
instanceKlass java/security/cert/Certificate
instanceKlass java/util/Deque
instanceKlass java/util/Queue
instanceKlass sun/net/util/IPAddressUtil$MASKS
instanceKlass sun/net/util/IPAddressUtil
instanceKlass java/net/URLStreamHandler
instanceKlass sun/net/www/ParseUtil
instanceKlass java/net/URL$1
instanceKlass jdk/internal/access/JavaNetURLAccess
instanceKlass java/net/URL$DefaultFactory
instanceKlass java/net/URLStreamHandlerFactory
instanceKlass jdk/internal/loader/URLClassPath
instanceKlass jdk/internal/loader/ArchivedClassLoaders
instanceKlass java/net/URI$1
instanceKlass jdk/internal/access/JavaNetUriAccess
instanceKlass jdk/internal/module/ArchivedBootLayer
instanceKlass jdk/internal/module/ModuleBootstrap$Counters
instanceKlass jdk/internal/module/ModuleLoaderMap$Modules
instanceKlass jdk/internal/module/ModuleLoaderMap
instanceKlass jdk/internal/module/ModulePatcher
instanceKlass jdk/internal/util/DecimalDigits
instanceKlass java/io/DefaultFileSystem
instanceKlass java/io/FileSystem
instanceKlass java/lang/ThreadLocal
instanceKlass com/jetbrains/internal/IoOverNio
instanceKlass java/io/File
instanceKlass java/lang/module/ModuleDescriptor$1
instanceKlass jdk/internal/access/JavaLangModuleAccess
instanceKlass java/lang/reflect/Modifier
instanceKlass sun/invoke/util/VerifyAccess
instanceKlass java/util/KeyValueHolder
instanceKlass java/util/ImmutableCollections$MapN$MapNIterator
instanceKlass java/lang/invoke/MethodHandles$Lookup
instanceKlass jdk/internal/reflect/Reflection
instanceKlass java/lang/invoke/MemberName$Factory
instanceKlass java/lang/invoke/MethodHandles
instanceKlass jdk/internal/module/ModuleBootstrap
instanceKlass java/util/HexFormat
instanceKlass jdk/internal/util/ClassFileDumper
instanceKlass java/lang/CharacterData
instanceKlass java/lang/invoke/MethodHandleStatics
instanceKlass java/util/Collections
instanceKlass sun/io/Win32ErrorMode
instanceKlass jdk/internal/misc/OSEnvironment
instanceKlass jdk/internal/misc/Signal$NativeHandler
instanceKlass java/util/Hashtable$Entry
instanceKlass jdk/internal/misc/Signal
instanceKlass java/lang/Terminator$1
instanceKlass jdk/internal/misc/Signal$Handler
instanceKlass java/lang/Terminator
instanceKlass java/nio/ByteOrder
instanceKlass java/nio/Buffer$2
instanceKlass jdk/internal/access/JavaNioAccess
instanceKlass java/nio/Buffer$1
instanceKlass jdk/internal/misc/ScopedMemoryAccess
instanceKlass java/nio/charset/CodingErrorAction
instanceKlass java/nio/charset/CharsetEncoder
instanceKlass java/io/Writer
instanceKlass java/io/OutputStream
instanceKlass java/io/Flushable
instanceKlass java/lang/Thread$ThreadIdentifiers
instanceKlass jdk/internal/ref/CleanerImpl$CleanableList$Node
instanceKlass jdk/internal/ref/CleanerImpl$CleanableList
instanceKlass jdk/internal/ref/CleanerImpl
instanceKlass java/lang/ref/Cleaner$1
instanceKlass java/lang/ref/Cleaner
instanceKlass jdk/internal/ref/CleanerFactory$1
instanceKlass java/util/concurrent/ThreadFactory
instanceKlass jdk/internal/ref/CleanerFactory
instanceKlass java/lang/ref/Cleaner$Cleanable
instanceKlass java/io/FileDescriptor$1
instanceKlass jdk/internal/access/JavaIOFileDescriptorAccess
instanceKlass java/io/FileDescriptor
instanceKlass jdk/internal/util/StaticProperty
instanceKlass java/util/HashMap$HashIterator
instanceKlass java/util/concurrent/locks/LockSupport
instanceKlass java/util/concurrent/ConcurrentHashMap$Node
instanceKlass java/util/concurrent/ConcurrentHashMap$CounterCell
instanceKlass java/util/concurrent/locks/ReentrantLock
instanceKlass java/util/concurrent/locks/Lock
instanceKlass java/lang/Runtime
instanceKlass java/lang/VersionProps
instanceKlass java/lang/StringConcatHelper
instanceKlass jdk/internal/util/ArraysSupport
instanceKlass java/lang/StrictMath
instanceKlass jdk/internal/util/Preconditions$3
instanceKlass jdk/internal/util/Preconditions$2
instanceKlass jdk/internal/util/Preconditions$4
instanceKlass java/util/function/BiFunction
instanceKlass jdk/internal/util/Preconditions$1
instanceKlass jdk/internal/util/Preconditions
instanceKlass java/lang/StringUTF16
instanceKlass java/util/Arrays
instanceKlass java/lang/StringCoding
instanceKlass sun/nio/cs/HistoricallyNamedCharset
instanceKlass java/lang/StringLatin1
instanceKlass java/nio/charset/spi/CharsetProvider
instanceKlass java/nio/charset/Charset
instanceKlass jdk/internal/util/SystemProps$Raw
instanceKlass jdk/internal/util/SystemProps
instanceKlass java/lang/System$1
instanceKlass jdk/internal/access/JavaLangAccess
instanceKlass java/lang/ref/ReferenceQueue$Lock
instanceKlass java/lang/ref/ReferenceQueue
instanceKlass java/lang/ref/Reference$1
instanceKlass jdk/internal/access/JavaLangRefAccess
instanceKlass java/lang/Math
instanceKlass java/io/ObjectStreamClass
instanceKlass jdk/internal/reflect/ReflectionFactory
instanceKlass jdk/internal/access/SharedSecrets
instanceKlass java/lang/reflect/ReflectAccess
instanceKlass jdk/internal/access/JavaLangReflectAccess
instanceKlass java/util/Objects
instanceKlass jdk/internal/misc/CDS
instanceKlass java/lang/Module$ArchivedData
instanceKlass jdk/internal/misc/VM
instanceKlass java/lang/String$CaseInsensitiveComparator
instanceKlass java/util/Comparator
instanceKlass java/io/ObjectStreamField
instanceKlass jdk/internal/math/FDBigInteger
instanceKlass java/lang/ModuleLayer
instanceKlass java/util/ImmutableCollections
instanceKlass jdk/internal/module/ModuleLoaderMap$Mapper
instanceKlass java/util/function/Function
instanceKlass java/lang/module/ResolvedModule
instanceKlass java/lang/module/Configuration
instanceKlass java/util/HashMap$Node
instanceKlass java/util/Map$Entry
instanceKlass java/util/Collections$UnmodifiableMap
instanceKlass jdk/internal/module/ModuleHashes
instanceKlass jdk/internal/module/ModuleTarget
instanceKlass java/lang/module/ModuleDescriptor$Opens
instanceKlass java/lang/module/ModuleDescriptor$Provides
instanceKlass jdk/internal/module/SystemModuleFinders$2
instanceKlass jdk/internal/module/ModuleHashes$HashSupplier
instanceKlass jdk/internal/module/SystemModuleFinders$1
instanceKlass java/util/function/Supplier
instanceKlass java/net/URI
instanceKlass java/lang/module/ModuleDescriptor$Exports
instanceKlass java/lang/module/ModuleDescriptor$Requires
instanceKlass java/lang/module/ModuleDescriptor$Version
instanceKlass java/lang/module/ModuleDescriptor
instanceKlass java/lang/module/ModuleReference
instanceKlass java/util/Set
instanceKlass jdk/internal/module/SystemModuleFinders$SystemModuleFinder
instanceKlass java/lang/module/ModuleFinder
instanceKlass jdk/internal/module/ArchivedModuleGraph
instanceKlass sun/util/locale/BaseLocale
instanceKlass java/util/jar/Attributes$Name
instanceKlass java/lang/Character$CharacterCache
instanceKlass java/lang/Short$ShortCache
instanceKlass java/lang/Byte$ByteCache
instanceKlass java/lang/Long$LongCache
instanceKlass java/lang/Integer$IntegerCache
instanceKlass jdk/internal/vm/FillerObject
instanceKlass jdk/internal/vm/vector/VectorSupport$VectorPayload
instanceKlass jdk/internal/vm/vector/VectorSupport
instanceKlass java/lang/reflect/RecordComponent
instanceKlass java/util/Iterator
instanceKlass java/lang/Void
instanceKlass java/lang/Number
instanceKlass java/lang/Character
instanceKlass java/lang/Boolean
instanceKlass java/util/concurrent/locks/AbstractOwnableSynchronizer
instanceKlass java/lang/LiveStackFrame
instanceKlass java/lang/ClassFrameInfo
instanceKlass java/lang/StackWalker$StackFrame
instanceKlass java/lang/StackStreamFactory$AbstractStackWalker
instanceKlass java/lang/StackWalker
instanceKlass java/nio/Buffer
instanceKlass java/lang/StackTraceElement
instanceKlass java/util/RandomAccess
instanceKlass java/util/List
instanceKlass java/util/SequencedCollection
instanceKlass java/util/AbstractCollection
instanceKlass java/util/Collection
instanceKlass java/lang/Iterable
instanceKlass java/util/concurrent/ConcurrentMap
instanceKlass java/util/AbstractMap
instanceKlass java/security/CodeSource
instanceKlass jdk/internal/misc/CDSPreloadHelper
instanceKlass jdk/internal/loader/ClassLoaders
instanceKlass java/util/jar/Manifest
instanceKlass java/lang/Enum
instanceKlass java/net/URL
instanceKlass java/io/InputStream
instanceKlass java/io/Closeable
instanceKlass java/lang/AutoCloseable
instanceKlass jdk/internal/module/Modules
instanceKlass jdk/internal/misc/Unsafe
instanceKlass jdk/internal/misc/UnsafeConstants
instanceKlass java/lang/AbstractStringBuilder
instanceKlass java/lang/Appendable
instanceKlass java/lang/AssertionStatusDirectives
instanceKlass jdk/internal/foreign/abi/ABIDescriptor
instanceKlass jdk/internal/foreign/abi/NativeEntryPoint
instanceKlass java/lang/invoke/CallSite
instanceKlass java/lang/invoke/MethodType
instanceKlass java/lang/invoke/TypeDescriptor$OfMethod
instanceKlass java/lang/invoke/LambdaForm
instanceKlass java/lang/invoke/MethodHandleNatives
instanceKlass java/lang/invoke/MethodHandleImpl
instanceKlass java/lang/invoke/ResolvedMethodName
instanceKlass java/lang/invoke/MemberName
instanceKlass java/lang/invoke/VarHandle
instanceKlass java/lang/invoke/MethodHandle
instanceKlass jdk/internal/reflect/ConstructorAccessorImpl
instanceKlass jdk/internal/reflect/ConstructorAccessor
instanceKlass jdk/internal/reflect/CallerSensitive
instanceKlass java/lang/annotation/Annotation
instanceKlass jdk/internal/reflect/ConstantPool
instanceKlass jdk/internal/reflect/MethodAccessorImpl
instanceKlass jdk/internal/reflect/MethodAccessor
instanceKlass jdk/internal/vm/StackChunk
instanceKlass jdk/internal/vm/Continuation
instanceKlass jdk/internal/vm/ContinuationScope
instanceKlass java/lang/reflect/Parameter
instanceKlass java/lang/reflect/Member
instanceKlass java/lang/reflect/AccessibleObject
instanceKlass java/lang/Module
instanceKlass java/util/Map
instanceKlass java/util/Dictionary
instanceKlass java/lang/ThreadGroup
instanceKlass java/lang/Thread$UncaughtExceptionHandler
instanceKlass java/lang/Thread$Constants
instanceKlass java/lang/Thread$FieldHolder
instanceKlass java/lang/Thread
instanceKlass java/lang/Runnable
instanceKlass java/lang/ref/Reference
instanceKlass java/lang/Record
instanceKlass java/security/ProtectionDomain
instanceKlass java/lang/Throwable
instanceKlass java/lang/System
instanceKlass java/lang/ClassLoader
instanceKlass java/lang/Cloneable
instanceKlass java/lang/Class
instanceKlass java/lang/invoke/TypeDescriptor$OfField
instanceKlass java/lang/invoke/TypeDescriptor
instanceKlass java/lang/reflect/Type
instanceKlass java/lang/reflect/GenericDeclaration
instanceKlass java/lang/reflect/AnnotatedElement
instanceKlass java/lang/String
instanceKlass java/lang/constant/ConstantDesc
instanceKlass java/lang/constant/Constable
instanceKlass java/lang/CharSequence
instanceKlass java/lang/Comparable
instanceKlass java/io/Serializable
ciInstanceKlass java/lang/Object 1 1 115 7 1 10 12 1 1 10 7 12 1 1 1 10 7 12 1 1 1 10 12 1 1 8 1 10 12 1 1 10 7 12 1 1 1 10 12 1 10 12 1 1 100 1 8 1 10 12 1 10 7 12 1 1 1 7 1 10 12 1 7 1 10 12 1 1 8 1 3 8 1 100 1 5 0 1 1 1 1 1 1 1 1 1 1 1 1 1 1 1 1 100 1 1 1 1 1 1 1 1 1 1 1 1 1 100 1 1 1 1 1 1 3 1 1
ciMethod java/lang/Object equals (Ljava/lang/Object;)Z 514 0 16517 0 -1
ciInstanceKlass java/io/Serializable 1 0 7 100 1 100 1 1 1
ciInstanceKlass java/lang/System 1 1 616 10 100 12 1 1 1 10 7 12 1 1 1 10 12 1 1 10 12 1 9 12 1 1 10 7 12 1 1 1 11 100 12 1 1 1 10 100 12 1 1 1 10 12 1 1 100 1 8 1 10 12 1 9 12 1 1 9 12 1 1 10 7 12 1 1 1 10 7 12 1 1 1 10 12 1 1 10 12 1 10 7 12 1 1 1 10 12 1 10 12 1 1 7 1 10 12 1 1 100 1 8 1 10 10 12 1 1 100 1 8 1 10 10 7 12 1 1 10 12 10 7 12 1 1 10 7 12 1 1 1 100 1 8 1 10 10 7 12 1 1 1 10 7 12 1 1 1 100 1 10 100 12 1 1 1 10 12 1 1 10 7 12 1 1 1 10 12 1 1 10 12 1 10 12 1 8 1 10 12 1 1 10 12 1 1 8 1 10 12 1 7 1 7 1 10 12 1 9 7 12 1 1 1 10 7 12 1 1 1 10 12 1 10 12 1 10 7 12 1 1 1 100 1 8 1 10 9 12 1 1 9 12 1 10 12 1 10 100 12 1 1 10 12 1 10 12 1 1 100 1 10 8 1 10 12 1 1 10 12 1 10 12 1 1 10 12 1 1 8 1 11 7 12 1 1 10 12 11 12 1 1 11 7 12 1 1 1 11 7 12 1 1 11 12 1 1 7 1 11 12 1 10 12 1 8 1 10 12 1 1 8 1 8 1 8 1 8 1 11 12 1 10 12 1 1 10 12 1 10 12 1 8 1 10 12 1 1 8 1 9 12 1 8 1 10 7 12 1 1 8 1 7 1 9 7 12 1 1 1 10 12 1 7 1 9 12 10 9 12 7 1 10 12 9 12 1 1 8 1 10 12 1 1 8 1 9 12 1 10 7 12 1 1 10 12 1 10 12 1 1 11 7 12 1 1 10 12 10 7 12 1 1 1 9 12 1 1 100 1 100 1 8 1 10 12 1 1 10 12 1 8 1 8 1 10 8 1 8 1 8 1 8 1 8 1 10 8 1 10 7 12 1 1 1 10 7 12 1 1 1 10 12 1 1 8 1 10 7 12 1 1 8 1 10 7 12 1 1 1 7 1 10 10 12 1 10 12 1 9 12 1 1 1 1 1 1 1 1 1 1 1 1 100 1 1 100 1 1 1 1 1 1 1 1 1 1 3 1 1 1 1 1 1 1 1 1 1 1 1 1 1 1 1 1 1 1 1 1 1 1 1 1 1 1 1 1 1 1 1 1 1 1 1 1 1 1 1 1 1 1 1 1 1 1 1 1 1 1 100 1 1 1 1 1 1 1 1 1 1 1 1 1 1 1 1 1 1 1 1 1 1 1 1 1 1 1 1 1 1 100 1 100 1 1 1 1 1 1 1 100 1 100 1 1 1
staticfield java/lang/System in Ljava/io/InputStream; java/io/BufferedInputStream
staticfield java/lang/System out Ljava/io/PrintStream; com/intellij/platform/ide/bootstrap/PrintStreamLogger
staticfield java/lang/System err Ljava/io/PrintStream; com/intellij/platform/ide/bootstrap/PrintStreamLogger
instanceKlass java/security/Security$1
instanceKlass java/security/Provider
instanceKlass com/intellij/openapi/application/PathManager$1
ciInstanceKlass java/util/Properties 1 1 690 10 7 12 1 1 1 100 1 10 7 12 1 1 7 1 10 12 1 9 12 1 1 9 12 1 1 9 12 1 1 10 7 12 1 1 1 10 12 1 1 8 1 10 7 12 1 1 1 7 1 10 12 1 10 12 1 1 8 1 10 12 1 7 1 10 12 10 12 1 1 9 12 1 1 10 12 1 1 7 1 10 12 1 10 12 1 10 12 1 1 100 1 8 1 10 12 1 10 12 1 10 12 1 1 10 12 1 100 1 3 10 10 100 12 1 1 1 10 12 1 10 12 1 1 8 1 10 12 1 10 12 1 1 8 1 10 100 12 1 1 10 12 1 1 10 12 1 10 12 1 1 100 1 10 12 1 10 12 1 1 100 1 9 100 12 1 1 1 10 12 1 10 12 1 1 10 12 1 1 10 12 1 1 100 1 9 12 1 1 7 1 100 1 10 12 1 100 1 11 7 12 1 1 1 11 12 1 1 11 100 12 1 1 1 11 7 12 1 1 1 11 12 1 1 11 12 1 11 12 1 10 12 1 1 8 1 10 12 1 10 100 12 1 1 10 12 1 100 1 10 10 12 1 10 12 1 100 1 10 10 12 1 1 10 100 12 1 1 9 100 12 1 1 10 12 1 1 10 100 12 1 1 1 100 1 100 1 100 1 10 8 1 8 1 10 12 1 10 12 1 10 12 1 1 10 10 12 1 1 10 12 1 1 7 1 10 10 12 1 11 7 12 1 1 10 7 12 1 1 1 8 1 10 100 12 1 1 11 11 7 1 8 1 10 100 1 11 10 12 1 10 10 12 1 10 12 1 1 10 12 1 1 10 12 1 1 10 12 1 10 12 1 10 10 12 1 10 12 1 10 12 1 10 10 12 1 1 10 12 1 1 10 10 12 1 10 12 1 10 12 1 10 12 1 10 12 1 1 10 12 1 1 10 12 1 10 12 1 10 12 1 1 10 12 10 12 1 1 10 12 1 1 10 12 1 10 12 1 1 10 12 1 1 10 12 10 11 12 1 4 11 10 12 1 1 10 100 12 1 1 11 12 1 10 12 1 1 10 100 12 1 1 10 12 1 100 1 8 1 10 12 1 10 10 100 12 1 1 1 100 1 6 0 10 12 1 1 11 100 12 1 1 1 10 12 1 10 12 1 1 1 1 1 5 0 1 1 1 1 1 1 1 1 1 1 1 1 1 1 1 1 1 1 1 1 1 1 1 1 1 1 1 1 1 1 1 1 1 1 1 1 1 1 1 100 1 1 1 1 1 1 1 1 1 1 1 1 1 1 1 1 1 1 1 1 100 1 1 1 1 1 1 1 1 1 1 1 1 100 1 100 1 1 1 1 1 100 1 1 1 1 1 1 1 1 1 1 1 1 1 1 1 1 1 1 1 1 1 1 1 1 1 1 1 1 1 1 1 1 1 1 1 1 1 1 1 1 1 1 1 1 1 1 1 1 1 1 1 1 1 1 1 1 1 1 1 1 1 1 1 1 1 1 1 1 1 1 1 1 1 1 1 1 1 100 1 1 1 1 1 1 1 1 1 1 1 100 1 1
staticfield java/util/Properties UNSAFE Ljdk/internal/misc/Unsafe; jdk/internal/misc/Unsafe
instanceKlass java/util/Hashtable
ciInstanceKlass java/util/Dictionary 1 1 36 10 7 12 1 1 1 100 1 1 1 1 1 1 1 1 1 1 1 1 1 1 1 1 1 1 1 1 1 1 1 1 1 1 1 1
instanceKlass javax/swing/UIDefaults
instanceKlass java/util/Properties
ciInstanceKlass java/util/Hashtable 1 1 516 100 1 10 7 12 1 1 1 9 7 12 1 1 1 100 1 100 1 10 8 1 10 12 1 1 10 12 1 10 12 1 1 10 12 1 10 7 12 1 1 1 8 1 10 12 1 9 12 1 1 7 1 9 12 1 1 4 10 7 12 1 1 1 9 12 1 4 10 12 1 11 100 12 1 1 1 10 12 1 1 10 12 1 1 9 12 1 10 12 1 1 100 1 10 9 12 1 1 10 7 12 1 1 1 9 12 1 1 10 12 1 10 12 1 3 9 12 1 9 12 1 3 10 12 1 10 12 1 10 12 1 1 11 12 1 1 11 100 12 1 1 1 11 100 12 1 1 1 11 12 1 100 1 11 12 1 11 12 1 10 12 1 1 10 12 1 1 10 12 1 9 12 1 1 9 12 9 12 1 1 10 100 1 100 1 10 12 1 10 8 1 10 10 12 1 8 1 10 8 1 10 100 12 1 1 1 7 1 10 12 1 10 12 1 100 1 10 12 1 10 12 1 1 100 1 10 100 1 10 10 12 1 1 11 12 1 1 11 12 1 100 1 10 10 10 100 12 1 1 11 100 12 1 1 1 100 1 10 11 100 12 1 1 11 100 12 1 10 12 1 10 12 1 1 10 100 12 1 1 10 12 1 1 10 12 1 1 10 12 1 1 10 100 12 1 1 1 8 10 100 12 1 1 100 1 8 1 10 4 4 10 12 1 1 10 12 1 8 1 4 10 12 10 100 12 1 1 1 100 1 11 100 12 1 1 1 10 100 12 1 1 1 10 12 1 10 12 1 1 10 100 1 100 1 1 1 1 1 1 5 0 1 1 1 1 1 3 1 3 1 3 1 1 1 1 1 1 1 1 1 1 1 1 1 1 1 1 1 1 1 1 1 1 1 1 1 100 1 1 1 1 1 1 1 1 1 1 1 1 1 1 1 1 1 1 1 1 1 1 1 1 1 1 1 1 1 100 1 1 1 1 1 1 1 1 1 1 1 1 1 1 100 1 1 1 1 1 1 1 1 1 1 1 1 1 1 1 1 1 1 1 1 1 1 1 1 1 1 1 1 1 1 1 1 1 1 1 1 1 1 1 1 1 1 1 1 100 1 1 1 100 1 1 1 1 1 100 1 1 1 1 1 1 1 1 1 1 1 1 1 1 1 1 1 1
ciInstanceKlass java/util/Map 1 1 263 11 7 12 1 1 1 11 12 1 1 10 7 12 1 1 11 12 1 1 11 7 12 1 1 1 11 100 12 1 1 1 11 12 1 1 7 1 11 12 1 11 12 1 100 1 100 1 10 12 1 1 11 100 12 1 1 1 11 100 12 1 1 1 11 12 1 11 12 1 10 12 1 1 11 12 1 11 7 12 1 9 7 12 1 1 1 7 1 10 12 7 1 7 1 10 12 1 7 1 10 7 1 11 12 1 11 12 1 1 11 12 1 1 7 1 11 12 1 1 1 1 1 1 1 1 1 1 1 1 1 1 1 1 1 1 1 1 1 1 1 1 1 1 1 1 1 1 1 1 1 1 1 1 1 1 1 1 1 1 1 1 1 1 1 1 1 1 1 1 1 1 1 1 1 1 1 1 1 1 1 1 1 1 1 1 1 1 1 1 1 1 1 1 1 1 1 1 1 1 1 1 1 1 1 1 1 1 1 1 1 1 1 1 1 1 1 1 1 1 1 1 1 1 1 1 1 1 1 1 1 1 1 1 1 1 1 1 1 1 1 1 1 1 100 1 1 1 1 1 1 1 1 1 1 1 1 1 1 1 1 1 1
ciInstanceKlass java/lang/String 1 1 1471 10 7 12 1 1 1 8 1 9 7 12 1 1 1 9 12 1 1 9 12 1 1 9 12 1 1 10 12 1 10 12 1 1 10 12 1 1 9 12 1 10 7 12 1 1 1 10 12 1 1 10 12 1 10 7 12 1 1 1 10 12 1 1 10 12 1 1 10 12 1 10 12 1 1 10 12 1 10 7 12 1 1 1 7 1 9 7 12 1 1 1 10 7 12 1 1 1 10 12 1 1 10 12 1 1 10 7 12 1 1 1 10 12 1 1 9 7 12 1 1 10 12 9 7 12 1 1 10 12 1 1 3 10 12 1 1 7 1 11 12 1 1 11 12 1 11 12 1 1 10 7 12 1 1 1 10 12 1 1 9 7 12 1 1 1 10 12 1 1 10 12 1 11 12 1 1 10 12 1 10 12 10 12 1 1 100 1 100 1 10 12 1 10 12 1 10 7 12 1 1 1 10 12 1 1 100 1 10 12 1 1 100 1 10 12 1 1 10 12 1 1 10 12 1 10 10 12 1 100 1 100 1 100 1 10 12 1 10 12 1 1 10 12 1 1 10 12 1 10 12 1 1 10 12 1 1 10 100 12 1 1 100 1 11 10 7 12 1 1 11 12 1 11 12 1 10 12 1 10 12 1 10 12 10 12 1 1 10 10 7 12 1 1 1 10 7 12 1 1 10 12 1 1 10 7 12 1 1 10 12 1 10 12 1 1 10 12 1 1 10 12 1 10 12 1 10 12 1 1 100 1 10 12 1 1 10 12 10 12 1 10 12 1 1 10 12 1 1 10 7 12 1 1 1 10 12 1 10 12 1 1 10 12 1 10 12 1 3 3 10 12 1 1 10 12 1 10 12 1 1 10 12 1 1 10 12 1 1 10 12 1 10 12 1 1 10 12 1 1 10 12 1 10 12 1 10 12 1 10 12 1 1 10 12 1 10 12 1 10 12 1 10 12 1 10 12 1 10 12 1 10 100 1 10 8 1 10 12 1 1 10 12 1 8 1 10 12 1 1 10 12 10 12 1 8 1 10 10 12 1 1 10 12 1 1 7 1 5 0 100 1 8 1 10 10 12 1 1 5 0 5 0 5 0 10 12 1 1 10 100 1 10 10 12 1 10 12 1 10 12 1 10 10 12 1 10 12 1 10 12 1 10 12 1 10 12 1 10 12 1 10 12 1 1 10 12 1 1 10 12 1 1 10 10 12 1 1 10 10 12 1 100 1 10 9 100 12 1 1 1 11 100 12 1 1 1 10 12 1 1 10 12 1 1 10 7 1 10 12 1 10 12 1 10 7 12 1 1 1 10 12 1 10 12 1 1 10 12 1 11 7 1 11 12 10 12 1 10 12 1 1 10 12 1 1 10 10 12 1 10 12 1 9 12 1 1 11 7 12 1 1 1 10 12 10 10 12 1 10 12 1 1 10 10 12 1 10 12 1 10 12 1 1 10 12 1 1 10 10 12 1 1 10 10 7 12 1 1 1 10 12 1 10 12 1 10 12 10 10 12 10 10 12 1 10 12 1 10 10 12 10 12 1 1 10 12 10 10 12 10 12 1 10 12 10 12 10 10 12 1 10 12 1 1 10 12 1 1 10 10 12 1 10 7 12 1 1 1 10 12 1 1 10 10 7 12 1 1 1 11 10 12 1 10 12 1 1 10 12 1 1 10 7 12 1 1 1 10 12 1 10 12 1 10 12 1 10 12 1 10 12 1 10 12 1 100 1 10 10 12 1 10 12 1 1 8 1 10 12 1 3 3 10 12 1 10 12 1 1 10 12 7 1 10 10 12 1 1 10 12 10 12 1 10 12 1 10 12 1 1 10 12 1 1 11 7 12 1 1 1 7 1 10 12 1 10 12 1 1 8 1 10 12 1 1 10 12 1 11 100 12 1 1 1 11 100 12 1 1 11 12 1 10 12 1 10 12 1 1 10 10 7 12 1 1 1 10 12 1 10 12 1 10 10 12 10 12 1 1 10 10 12 1 10 10 12 1 10 10 12 1 10 10 12 1 10 12 1 1 10 10 12 1 8 1 10 12 1 1 18 12 1 1 11 100 12 1 1 1 3 18 12 1 18 12 1 8 1 10 100 12 1 1 1 11 12 1 1 10 12 10 10 12 1 10 11 12 1 1 10 12 1 1 11 12 1 18 3 11 10 11 11 10 12 1 10 12 1 1 8 1 10 12 1 10 12 1 10 12 1 1 10 10 12 1 11 100 12 1 100 1 100 1 10 12 100 1 10 10 100 12 1 1 1 100 1 10 7 1 10 10 12 1 10 10 12 1 8 1 10 10 12 1 8 1 8 1 10 12 1 10 12 1 10 10 12 10 7 12 1 1 10 100 12 1 1 10 100 12 1 1 8 1 10 12 1 10 12 1 10 9 12 1 10 12 9 7 12 1 1 1 10 12 1 10 12 1 10 12 1 10 12 10 12 1 10 12 1 8 1 10 100 12 1 1 1 10 12 10 12 1 1 10 12 10 12 10 12 7 1 9 12 1 1 7 1 10 100 1 100 1 100 1 100 1 1 1 1 1 1 5 0 1 1 1 1 1 3 1 3 1 1 1 1 1 1 1 1 1 1 1 1 1 1 1 100 1 1 1 1 1 1 1 1 1 1 1 1 1 1 1 1 1 1 1 1 1 1 1 1 1 1 1 1 1 1 1 100 1 1 1 1 1 1 1 1 1 1 1 1 100 1 1 1 1 1 1 1 1 1 1 1 1 1 1 1 1 1 1 1 1 1 1 1 1 1 1 1 1 1 1 1 1 1 1 1 1 1 1 1 1 1 1 1 1 1 1 1 1 1 1 1 1 1 1 1 1 1 1 1 1 1 1 1 1 1 1 1 1 1 1 1 1 1 1 1 1 1 1 1 1 1 1 1 1 1 1 1 1 1 1 1 1 1 1 1 1 1 1 1 1 1 1 1 1 1 1 1 1 1 1 1 1 1 1 1 1 1 1 1 1 1 1 1 1 1 1 1 1 1 1 1 1 1 1 1 1 1 1 1 1 1 1 1 1 1 1 1 1 1 1 1 1 1 1 1 1 1 1 1 1 1 1 1 1 1 1 1 1 1 1 1 1 1 1 1 1 1 1 1 100 1 1 1 1 1 1 1 1 1 1 1 1 1 1 1 1 1 1 1 1 1 1 1 100 1 1 1 1 1 1 1 1 1 1 1 1 1 1 1 100 1 1 1 1 1 1 1 1 1 1 1 1 1 1 1 16 15 10 12 16 15 10 12 15 10 12 15 10 12 15 10 100 12 1 1 1 1 100 1 1 1 1 1 100 1 100 1 1 1
staticfield java/lang/String COMPACT_STRINGS Z 1
staticfield java/lang/String serialPersistentFields [Ljava/io/ObjectStreamField; 0 [Ljava/io/ObjectStreamField;
staticfield java/lang/String CASE_INSENSITIVE_ORDER Ljava/util/Comparator; java/lang/String$CaseInsensitiveComparator
ciMethod java/lang/String equals (Ljava/lang/Object;)Z 476 0 18949 0 464
ciInstanceKlass java/lang/Comparable 1 0 12 100 1 100 1 1 1 1 1 1 1 1
ciInstanceKlass java/lang/CharSequence 1 1 145 11 7 12 1 1 1 18 12 1 1 100 1 10 100 12 1 1 1 18 10 100 12 1 1 1 11 12 1 1 11 100 1 11 12 1 1 10 100 12 1 1 1 11 12 1 1 10 12 1 1 10 12 1 100 1 10 12 1 1 10 100 12 1 1 1 100 1 10 10 12 1 1 100 1 1 1 1 1 1 1 1 1 1 1 1 1 1 1 1 1 1 1 1 1 1 1 1 1 1 1 1 1 1 1 1 1 1 1 1 1 1 1 1 16 1 15 11 12 16 15 11 12 15 10 100 12 1 1 1 1 1 100 1 100 1 1 100 1 1 100 1 100 1 1
ciInstanceKlass java/lang/constant/Constable 1 0 11 100 1 100 1 1 1 1 1 1 1
ciInstanceKlass java/lang/constant/ConstantDesc 1 0 37 100 1 100 1 1 1 1 100 1 1 1 1 100 1 100 1 100 1 100 1 100 1 100 1 100 1 100 1 100 1 1 100 1 100 1 1
ciInstanceKlass java/lang/AutoCloseable 1 0 12 100 1 100 1 1 1 1 100 1 1 1
ciInstanceKlass java/io/Closeable 1 0 14 100 1 100 1 100 1 1 1 1 100 1 1 1
ciInstanceKlass java/lang/Appendable 1 0 14 100 1 100 1 1 1 1 100 1 1 1 1 1
ciInstanceKlass java/util/Iterator 1 1 53 100 1 8 1 10 12 1 1 10 7 12 1 1 1 11 7 12 1 1 1 11 12 1 1 11 7 12 1 1 1 100 1 1 1 1 1 1 1 1 1 1 1 1 1 1 1 1 1 1 1 1 1
instanceKlass java/io/ObjectInputStream
instanceKlass com/fasterxml/aalto/in/MergedStream
instanceKlass sun/nio/ch/ChannelInputStream
instanceKlass com/intellij/util/lang/DirectByteBufferBackedInputStream
instanceKlass java/util/zip/ZipFile$ZipFileInputStream
instanceKlass java/io/FilterInputStream
instanceKlass java/io/FileInputStream
instanceKlass java/io/ByteArrayInputStream
ciInstanceKlass java/io/InputStream 1 1 197 100 1 10 7 12 1 1 1 100 1 10 10 7 12 1 1 1 10 100 12 1 1 1 10 12 1 100 1 100 1 3 10 12 1 1 100 1 8 1 10 12 1 10 7 12 1 1 1 3 100 1 8 1 10 10 7 12 1 1 1 100 1 10 11 100 12 1 1 1 10 12 1 1 11 12 1 1 11 100 12 1 1 1 11 12 1 1 100 1 10 100 12 1 1 1 5 0 10 12 1 10 12 1 1 100 1 10 8 1 10 8 1 8 1 10 12 1 1 10 100 12 1 1 1 100 1 5 0 10 12 1 100 1 100 1 1 1 1 3 1 3 1 1 1 1 1 1 1 1 1 1 1 1 1 1 1 1 1 1 1 1 1 1 1 1 1 1 1 1 1 1 1 1 1 1 1 1 1 1 1 1 1 1 1 1 1 1 1 1 1 1 1 1 1 1 1
instanceKlass com/intellij/util/lang/UrlClassLoader
instanceKlass java/security/SecureClassLoader
ciInstanceKlass java/lang/ClassLoader 1 1 1076 9 7 12 1 1 1 10 7 12 1 1 1 9 12 1 1 10 7 12 1 1 1 7 1 10 12 1 1 10 12 1 1 9 12 1 1 10 12 1 1 100 1 10 12 1 10 12 1 1 10 7 12 1 1 1 100 1 8 1 10 12 1 10 7 1 10 7 1 7 1 7 1 10 12 1 10 12 1 9 12 1 1 10 10 7 12 1 1 1 9 12 1 1 9 12 1 9 12 1 1 9 12 1 9 12 1 1 9 12 1 1 7 1 10 12 1 9 12 1 1 10 12 1 1 10 7 12 1 1 1 9 12 1 9 12 1 1 9 12 1 10 12 1 1 9 12 10 12 1 1 7 1 10 8 1 10 12 1 1 10 12 1 10 7 1 7 1 10 7 12 1 1 1 10 7 12 1 1 1 8 1 10 12 1 10 12 1 10 12 1 1 10 12 1 1 10 12 1 1 10 12 1 1 10 12 1 1 10 12 1 7 1 10 12 1 10 7 12 1 1 1 10 12 1 1 10 12 1 10 12 1 10 12 1 10 12 1 10 12 1 1 10 10 12 1 10 12 1 10 10 12 1 1 10 12 1 1 100 1 8 1 10 8 1 10 12 1 10 12 1 100 1 8 1 10 12 1 1 10 12 1 1 10 10 12 1 1 10 12 1 1 10 12 1 1 10 7 1 10 12 1 10 12 1 1 10 12 1 1 10 12 1 1 10 12 1 1 10 12 1 1 10 12 1 1 10 12 1 1 10 7 12 1 1 1 10 12 1 10 12 1 10 12 1 1 10 12 1 10 12 1 10 12 1 10 12 1 1 10 12 1 10 12 1 1 8 1 9 12 1 10 12 1 1 8 1 8 1 10 7 12 1 1 100 1 10 10 12 10 12 1 10 12 1 10 12 1 10 12 1 1 10 7 12 1 1 10 12 1 10 7 1 7 1 10 12 1 1 10 12 1 10 7 1 10 12 1 100 1 18 12 1 10 100 12 1 1 1 10 100 12 1 1 1 10 7 12 1 1 10 12 1 10 12 1 100 1 10 12 1 8 1 10 10 12 1 1 10 12 1 10 12 1 1 100 1 10 12 1 1 10 100 12 1 1 10 12 1 10 7 12 1 1 10 12 1 8 1 100 1 10 10 12 1 9 12 1 10 7 12 1 1 10 12 1 100 1 8 1 10 12 1 10 8 1 8 1 10 12 1 1 10 12 1 1 10 12 1 1 10 7 12 1 1 100 1 100 1 10 12 1 1 100 1 100 1 10 100 12 1 1 10 12 1 10 12 1 10 12 1 10 12 1 10 12 1 1 10 12 1 8 1 7 1 18 12 1 1 10 12 1 1 10 12 1 10 12 1 10 12 1 8 1 10 12 1 10 12 1 18 12 1 11 100 12 1 1 1 100 1 10 12 1 1 10 12 1 10 11 12 1 1 10 18 10 12 1 1 11 100 12 1 18 12 1 11 12 1 1 10 12 1 10 12 1 1 10 12 1 1 100 1 8 1 10 10 12 1 8 1 8 1 10 100 12 1 1 10 12 1 100 1 10 10 12 1 8 1 8 1 8 1 10 12 1 10 12 1 10 12 1 1 10 12 1 1 10 12 1 10 100 12 1 1 1 11 100 12 1 1 100 1 10 11 10 12 1 10 12 1 10 12 1 1 9 100 12 1 1 9 12 1 1 9 12 9 12 1 9 12 1 9 12 1 8 10 12 1 1 10 7 12 1 1 1 10 12 1 1 10 12 1 1 10 12 1 1 8 1 10 12 1 1 8 10 12 1 1 8 8 10 12 1 10 12 1 10 12 1 11 12 1 1 10 100 12 1 1 1 100 1 10 12 1 10 12 1 10 12 1 1 1 1 1 1 1 1 1 1 1 1 1 1 1 1 1 1 1 1 1 1 1 1 1 1 100 1 1 1 1 1 1 1 1 1 1 1 1 1 1 1 1 1 1 1 1 1 1 1 1 1 100 1 1 1 1 1 1 1 1 1 1 1 1 1 1 1 1 1 1 1 1 1 1 1 1 1 1 1 1 1 1 1 1 1 1 1 1 1 1 1 1 1 1 1 100 1 1 1 1 1 1 1 1 1 1 1 1 1 1 1 1 1 1 1 1 1 100 1 1 1 1 1 1 1 1 1 1 1 1 1 1 1 1 1 1 1 1 1 1 1 1 1 1 1 1 1 1 1 1 1 1 1 1 1 1 1 1 1 1 1 1 100 1 1 1 1 1 1 1 1 1 1 1 1 1 1 1 1 1 1 1 1 1 1 1 1 1 1 1 1 1 1 1 1 1 1 1 1 1 1 1 1 1 1 1 1 1 1 1 1 1 1 1 16 1 15 10 12 16 1 16 15 10 12 16 1 16 1 15 10 12 16 15 10 12 16 15 10 12 16 15 10 100 12 1 1 1 1 1 100 1 100 1 1
staticfield java/lang/ClassLoader nocerts [Ljava/security/cert/Certificate; 0 [Ljava/security/cert/Certificate;
staticfield java/lang/ClassLoader $assertionsDisabled Z 1
instanceKlass kotlin/concurrent/ThreadsKt$thread$thread$1
instanceKlass java/awt/EventDispatchThread
instanceKlass java/util/concurrent/DelayScheduler
instanceKlass java/util/logging/LogManager$Cleaner
instanceKlass java/util/concurrent/ForkJoinWorkerThread
instanceKlass kotlinx/coroutines/scheduling/CoroutineScheduler$Worker
instanceKlass java/lang/ref/Finalizer$FinalizerThread
instanceKlass java/lang/ref/Reference$ReferenceHandler
instanceKlass jdk/internal/misc/InnocuousThread
instanceKlass java/lang/BaseVirtualThread
ciInstanceKlass java/lang/Thread 1 1 761 9 7 12 1 1 1 9 7 12 1 1 1 9 12 1 9 12 1 10 12 1 1 9 12 1 1 10 7 12 1 1 10 12 1 10 100 12 1 1 100 1 8 1 10 12 1 1 9 12 1 1 9 12 1 9 12 1 1 7 1 10 12 1 1 10 12 1 7 1 10 12 10 12 1 1 9 12 1 1 10 12 1 100 1 10 12 1 10 12 1 1 10 12 1 1 10 12 1 10 12 1 1 100 1 8 1 10 9 7 12 1 1 1 10 12 1 1 10 3 8 1 100 1 5 0 10 7 12 1 1 1 9 12 1 10 12 1 1 10 7 1 100 1 8 1 10 10 12 1 10 12 1 1 10 12 1 1 10 7 12 1 1 10 12 1 10 12 1 10 7 12 1 1 5 0 9 12 1 10 7 12 1 1 1 10 12 1 1 9 12 1 1 10 100 12 1 1 10 100 12 1 1 1 10 12 1 10 12 1 1 9 12 1 1 10 7 12 1 1 9 12 1 8 1 9 100 12 1 1 1 5 0 100 1 10 100 1 10 100 1 10 7 1 10 8 1 10 12 1 1 10 7 12 1 10 12 1 10 12 1 100 1 8 1 10 10 12 1 10 12 1 1 10 100 12 1 1 1 10 100 12 1 1 1 10 12 1 7 1 9 12 1 1 100 1 10 10 12 1 9 12 1 1 10 12 1 1 10 12 1 1 10 12 1 10 12 1 9 12 1 1 10 10 12 1 1 10 12 1 1 11 7 12 1 1 10 100 12 1 1 9 12 1 1 9 12 1 1 10 100 12 1 1 10 12 1 1 10 12 1 10 100 12 1 1 10 12 1 100 1 10 9 12 1 1 10 12 1 11 100 12 1 1 11 12 1 10 12 1 10 12 1 10 12 1 9 12 1 10 10 12 1 10 12 1 1 9 12 1 9 12 10 12 1 8 1 10 12 1 10 12 1 10 12 1 10 12 1 10 12 1 1 10 12 1 10 12 1 1 10 100 12 1 1 10 12 1 10 12 1 10 12 1 10 12 1 1 9 7 12 1 1 1 8 1 10 9 12 1 10 12 1 100 1 8 1 10 10 12 1 8 1 10 12 1 1 9 12 8 1 10 10 12 1 10 12 1 8 1 10 12 1 10 8 1 9 12 1 1 10 12 1 1 10 10 12 1 10 12 1 100 10 7 12 1 1 1 10 12 1 1 10 12 1 1 10 100 12 1 1 1 11 100 12 1 1 1 10 12 1 1 9 12 1 10 12 1 10 12 1 1 11 100 12 1 1 1 10 12 1 1 1 1 3 1 3 1 3 1 3 1 1 1 1 1 1 1 1 1 1 1 1 1 1 1 1 1 1 1 1 1 1 1 1 1 1 1 100 1 1 1 1 1 1 1 1 1 1 1 1 1 1 1 1 1 1 100 1 1 1 1 1 1 1 1 1 1 1 1 1 1 1 100 1 1 1 1 1 1 1 1 1 1 1 1 1 1 1 1 1 1 1 1 1 1 1 1 1 1 1 1 1 1 1 1 1 1 1 1 1 1 1 1 1 1 1 1 1 1 1 1 1 1 1 1 1 1 1 1 1 1 1 1 1 1 1 1 1 1 1 1 1 1 100 100 1 1 1 1 1 1 1 1 1 1 1 1 1 1 1 1 1 1 1 1 1 1 1 100 1 100 1 100 1 1 1 1 100 1 1 1 1 1 1 1 1 1 1 1 1
staticfield java/lang/Thread NEW_THREAD_BINDINGS Ljava/lang/Object; java/lang/Class
staticfield java/lang/Thread EMPTY_STACK_TRACE [Ljava/lang/StackTraceElement; 0 [Ljava/lang/StackTraceElement;
ciInstanceKlass java/lang/Runnable 1 0 11 100 1 100 1 1 1 1 1 1 1
ciInstanceKlass java/lang/Boolean 1 1 146 10 7 12 1 1 1 9 7 12 1 1 1 10 12 1 1 10 12 1 8 1 10 7 12 1 1 9 12 1 1 9 12 1 10 12 1 1 10 12 1 1 10 12 1 1 10 12 1 10 7 12 1 1 1 10 12 1 1 9 100 12 1 1 9 12 10 100 12 1 1 1 10 12 1 1 8 1 10 7 12 1 1 1 9 12 1 1 100 1 100 1 100 1 1 1 1 1 1 5 0 1 1 1 1 1 1 1 1 1 1 1 1 1 1 1 1 1 1 1 1 1 1 1 1 1 1 1 1 1 1 1 1 1 1 1 100 1 1 1 1 1 1 1 1 1
staticfield java/lang/Boolean TRUE Ljava/lang/Boolean; java/lang/Boolean
staticfield java/lang/Boolean FALSE Ljava/lang/Boolean; java/lang/Boolean
staticfield java/lang/Boolean TYPE Ljava/lang/Class; java/lang/Class
ciMethod java/lang/System identityHashCode (Ljava/lang/Object;)I 256 0 128 0 -1
ciInstanceKlass java/lang/Class 1 1 1652 10 7 12 1 1 1 10 7 12 1 1 9 12 1 1 9 12 1 1 9 12 1 1 9 12 1 1 9 12 1 1 10 12 1 1 8 1 10 12 1 8 1 8 1 10 12 1 1 10 7 12 1 1 1 10 12 1 100 1 10 10 12 1 10 12 1 1 10 12 1 1 10 12 1 1 10 7 12 1 1 10 12 1 10 12 1 10 12 1 1 10 12 1 8 1 10 12 1 8 1 10 12 1 8 1 8 1 10 12 1 1 10 100 12 1 1 1 18 12 1 1 11 100 12 1 1 1 8 1 8 1 8 1 10 100 12 1 1 1 11 12 1 1 8 1 10 12 1 10 10 12 1 1 10 12 1 8 1 10 12 1 1 8 1 10 12 1 10 12 1 1 11 100 12 1 1 1 11 100 12 1 1 1 11 8 1 18 8 1 10 12 1 10 7 12 1 1 10 12 1 1 10 7 12 1 1 1 10 12 1 1 10 12 1 1 10 7 12 1 1 1 10 7 12 1 10 12 1 1 10 7 1 10 12 1 8 1 10 8 1 8 1 8 1 8 1 8 1 8 1 8 1 8 1 9 100 12 1 1 9 100 1 9 100 1 9 100 1 9 100 1 9 100 1 9 100 1 9 100 1 9 100 1 9 12 1 1 100 1 8 1 10 12 1 10 12 1 1 100 1 10 12 1 1 10 7 12 1 1 1 10 7 12 1 1 1 100 1 100 1 10 10 12 1 1 10 12 1 1 100 1 10 100 12 1 1 1 10 12 1 1 10 12 1 1 10 12 9 12 1 1 10 12 1 9 12 1 1 9 12 1 1 10 12 1 1 10 100 1 10 12 1 10 12 1 1 10 9 12 1 10 12 1 8 1 10 12 1 1 10 12 1 1 10 12 1 10 12 1 10 12 1 1 9 7 12 1 1 1 10 12 1 10 7 12 1 1 10 12 1 10 12 1 10 12 1 10 12 1 9 100 12 1 1 1 9 12 1 10 12 1 10 12 1 1 9 12 1 1 10 7 10 12 1 1 10 100 12 1 1 10 12 1 10 12 1 1 10 100 12 1 1 1 10 12 1 10 12 1 1 10 12 1 10 12 1 10 12 1 1 10 7 1 10 10 12 1 1 10 12 1 1 10 12 10 10 12 1 1 100 1 8 1 10 10 12 1 1 10 12 1 100 1 11 12 1 10 12 1 10 12 1 10 100 12 1 1 10 10 12 1 1 8 1 10 12 1 8 1 9 12 1 10 12 1 10 12 1 10 12 1 10 12 100 1 9 12 1 10 12 1 9 12 1 10 12 1 10 12 1 10 12 1 10 10 12 1 10 12 1 10 12 1 10 12 1 10 12 1 10 12 1 7 1 10 10 12 1 10 12 1 11 100 12 1 1 11 12 1 1 10 12 1 1 10 12 1 1 10 12 1 1 10 12 1 1 10 12 1 1 10 12 1 1 7 1 10 10 12 1 1 10 12 1 1 10 12 1 1 10 10 12 1 10 12 1 1 10 12 1 1 10 12 1 1 10 12 1 1 10 12 10 12 1 1 10 7 12 1 1 1 10 12 1 10 12 1 1 10 12 1 10 100 12 1 1 1 10 12 1 1 10 10 12 1 1 100 1 10 10 12 1 1 10 100 12 1 1 1 100 1 100 1 10 12 1 1 10 12 1 10 10 12 1 1 10 12 1 10 12 1 10 12 1 10 100 12 1 1 1 11 100 12 1 1 10 12 1 10 12 1 9 7 12 1 1 8 1 10 12 1 10 12 1 10 12 1 10 12 1 1 9 12 1 9 12 1 1 10 7 12 1 1 9 12 1 10 12 1 1 10 10 12 1 10 7 12 1 1 1 10 100 12 1 1 10 100 12 1 1 9 12 1 1 10 12 1 9 12 1 10 12 1 10 12 1 1 9 12 1 1 9 12 1 10 12 1 10 12 1 1 9 12 1 100 1 10 10 12 1 1 7 1 10 100 11 100 1 9 12 1 1 9 12 1 10 12 1 9 12 1 1 9 12 1 10 12 1 10 12 1 1 9 12 1 7 1 10 10 12 1 1 10 10 12 1 10 12 10 10 12 1 9 12 1 10 12 1 1 10 12 1 8 10 100 8 1 18 8 1 8 1 10 12 1 9 12 1 9 12 1 1 10 12 1 7 1 100 1 10 12 1 9 12 1 1 10 10 12 1 9 12 1 8 1 10 12 1 10 10 12 1 1 100 1 100 1 9 12 1 100 1 8 1 10 10 7 12 1 1 1 10 12 11 7 12 1 1 1 10 12 1 10 12 1 1 10 8 1 10 12 1 8 1 10 12 1 1 9 100 12 1 1 11 12 100 1 11 100 12 1 1 9 12 1 10 100 12 1 1 1 10 100 12 1 1 10 12 1 1 9 12 1 9 10 12 1 1 10 12 1 1 10 12 1 1 10 12 1 1 10 12 1 1 11 12 1 11 12 1 1 11 100 12 1 1 11 12 1 100 1 11 12 1 10 100 12 1 1 1 10 12 1 11 12 1 10 100 12 1 1 1 10 12 1 10 100 12 1 1 1 11 12 1 11 12 1 1 10 12 1 10 12 1 1 9 12 1 1 10 12 1 10 100 12 1 1 1 10 12 1 1 10 12 1 10 12 1 10 12 1 10 7 12 1 1 1 10 12 1 8 1 10 12 1 10 12 1 10 12 1 8 1 8 1 10 7 12 1 1 10 100 12 1 1 100 1 10 12 10 100 12 1 1 1 10 100 12 1 1 1 10 12 1 1 10 12 1 18 12 1 1 11 12 1 1 18 11 12 1 18 12 1 11 12 1 10 12 1 10 12 1 10 12 1 10 12 10 12 1 8 1 10 12 1 7 1 9 12 1 1 100 1 100 1 100 1 100 1 1 1 3 1 3 1 3 1 1 1 1 1 1 1 1 1 5 0 1 1 1 1 1 1 1 1 1 1 1 1 1 1 1 1 1 1 1 1 1 1 1 1 1 1 1 100 1 1 1 1 1 1 1 1 1 1 1 100 1 1 1 1 1 100 1 1 1 1 1 1 1 1 1 1 1 1 1 1 1 1 1 1 1 1 1 1 1 1 1 1 1 1 1 1 1 1 1 1 100 1 1 1 1 1 1 1 1 1 1 1 1 1 1 1 1 1 1 1 1 1 1 1 1 1 1 1 1 1 1 1 100 1 1 1 1 1 1 1 1 1 1 1 1 1 1 1 1 1 1 1 1 1 1 1 1 1 1 1 1 1 1 1 1 1 1 1 1 1 1 1 1 1 1 1 1 1 1 1 1 1 1 1 1 1 1 1 1 1 1 1 1 1 100 1 100 1 1 1 1 1 1 1 1 1 1 1 1 1 1 1 1 1 1 1 1 1 1 1 1 1 1 1 1 1 1 1 1 1 1 1 1 1 1 1 1 1 1 1 1 1 1 1 1 1 1 1 1 1 1 1 1 1 1 1 1 1 1 1 1 1 1 1 1 1 1 1 1 1 1 1 1 1 1 1 1 1 1 1 1 1 1 1 1 1 1 1 1 1 1 1 1 1 1 1 1 1 1 1 1 1 1 1 1 1 1 1 1 1 1 1 1 1 1 1 1 16 15 10 12 16 15 11 12 16 1 15 10 12 16 16 15 10 12 16 15 16 1 15 10 12 16 15 10 100 12 1 1 1 1 1 100 1 1 1 1 1 1 1 1 100 1 1 100 1 100 1 1 100 1 100 1 1
staticfield java/lang/Class EMPTY_CLASS_ARRAY [Ljava/lang/Class; 0 [Ljava/lang/Class;
staticfield java/lang/Class serialPersistentFields [Ljava/io/ObjectStreamField; 0 [Ljava/io/ObjectStreamField;
ciInstanceKlass java/lang/reflect/AnnotatedElement 1 1 165 11 7 12 1 1 1 11 12 1 1 100 1 10 100 12 1 1 1 10 12 1 1 10 12 1 1 10 12 1 10 100 12 1 1 1 11 12 1 1 11 100 12 1 1 10 100 12 1 1 1 10 12 1 10 100 12 1 1 1 18 12 1 1 11 100 12 1 1 18 12 1 18 12 1 1 10 100 12 1 1 1 11 100 12 1 1 1 100 1 10 100 12 1 1 1 1 1 1 1 1 1 1 1 1 1 1 1 1 1 1 1 1 1 1 1 1 1 1 100 1 1 1 1 1 1 1 1 1 1 1 16 15 16 1 16 1 15 11 12 16 16 1 15 10 100 12 1 1 1 16 1 15 10 100 12 1 1 1 1 100 1 100 1 1
ciInstanceKlass java/lang/reflect/Type 1 1 17 11 100 12 1 1 1 100 1 1 1 1 1 1 1 1 1
ciInstanceKlass java/lang/invoke/TypeDescriptor 1 0 17 100 1 100 1 1 1 1 1 1 100 1 100 1 1 1 1
ciInstanceKlass java/lang/invoke/TypeDescriptor$OfField 1 0 21 100 1 100 1 100 1 1 1 1 1 1 1 1 1 1 1 1 1 1 1
ciInstanceKlass java/lang/reflect/GenericDeclaration 1 0 30 100 1 100 1 100 1 1 1 1 1 1 1 1 100 1 8 1 1 12 10 1 1 1 8 1 1 1 8 1
ciInstanceKlass java/lang/Module 1 1 1076 10 7 12 1 1 1 9 7 12 1 1 1 10 7 12 1 1 1 9 12 1 9 12 1 1 9 12 1 1 10 12 1 1 10 12 1 10 12 1 1 10 7 12 1 1 1 7 1 10 7 12 1 1 1 10 12 1 1 11 7 12 1 1 1 10 12 1 1 10 12 1 8 1 10 7 12 1 1 1 10 7 12 1 1 1 10 7 12 1 1 1 10 12 1 1 10 12 1 9 12 1 1 10 7 12 1 1 1 9 7 12 1 1 1 100 1 10 8 1 10 12 1 1 10 12 1 10 12 8 1 10 7 12 1 1 1 10 100 12 1 1 1 10 100 12 1 1 1 8 1 10 12 1 8 1 9 12 1 100 1 8 1 10 12 1 10 8 1 8 1 8 1 10 7 12 1 1 1 8 1 10 100 12 1 1 1 8 1 10 12 1 9 12 1 1 11 12 1 9 7 12 1 1 10 7 12 1 1 1 10 7 12 1 1 1 10 12 1 1 8 1 10 12 1 1 10 12 1 10 12 1 1 9 7 12 1 1 1 10 12 1 1 10 12 1 1 9 12 1 10 12 1 10 12 1 9 12 1 1 11 7 12 1 1 10 12 1 1 9 12 1 9 12 1 10 12 1 10 12 1 100 1 8 1 10 10 12 1 1 10 12 1 8 1 10 12 1 1 8 1 8 1 10 12 1 1 10 12 1 10 12 1 1 10 12 1 18 12 1 1 10 12 1 1 11 12 1 9 12 1 11 12 7 1 10 12 1 18 12 1 11 12 1 1 11 12 1 1 11 12 1 10 12 1 1 10 12 1 1 9 12 1 10 12 10 7 12 1 1 10 7 1 18 12 1 1 11 100 12 1 1 1 18 12 1 11 12 1 1 10 100 12 1 1 1 11 12 1 1 10 7 12 1 1 11 12 1 1 10 12 1 1 7 1 11 12 1 7 1 7 1 10 12 1 10 7 12 1 1 1 10 7 12 1 1 1 10 11 7 12 1 8 1 10 12 1 10 12 1 1 10 7 12 1 1 10 12 1 10 12 1 7 1 10 12 1 10 11 12 1 10 12 11 12 1 1 11 7 12 1 1 11 12 1 1 10 12 1 1 9 12 1 1 100 1 10 10 12 1 1 11 7 1 10 12 1 1 11 12 1 10 11 10 12 1 11 10 12 1 1 10 12 1 1 10 12 1 1 10 7 12 1 1 10 12 1 10 12 1 1 10 10 12 1 1 10 12 1 18 12 1 11 12 1 18 12 1 10 12 1 10 12 1 10 12 7 1 10 12 1 10 12 1 10 12 1 9 12 1 7 1 10 10 10 10 12 1 10 12 1 10 12 1 10 12 1 1 10 12 1 1 10 12 1 9 12 1 10 12 1 100 1 8 1 10 12 1 1 10 12 1 10 100 12 1 1 100 1 10 12 1 1 100 1 8 1 100 1 9 100 12 1 1 1 11 100 12 1 1 10 12 1 1 11 12 1 1 18 12 1 1 11 12 1 1 100 1 10 12 1 10 12 1 1 100 1 100 1 10 12 8 1 10 12 1 1 10 12 1 1 10 7 12 1 1 10 12 1 1 10 12 1 10 12 10 12 1 1 100 1 10 10 12 1 1 10 100 12 1 1 1 100 1 10 100 12 1 1 1 10 100 12 1 1 8 1 18 12 1 1 100 1 100 1 9 12 1 1 9 12 1 9 12 1 11 100 12 1 1 1 100 1 11 12 1 1 100 1 10 12 1 8 1 10 12 1 10 12 10 12 1 8 1 10 10 100 12 1 1 10 12 1 1 7 1 10 10 12 1 10 7 12 1 1 9 12 1 9 12 1 9 12 1 9 12 1 9 12 1 10 12 10 12 1 100 1 1 1 1 1 1 1 1 1 1 1 1 1 1 1 1 1 1 1 1 1 1 1 1 1 1 1 1 1 1 1 1 1 1 1 1 1 1 1 1 1 1 1 1 1 1 1 1 1 1 1 1 1 1 1 1 1 1 1 1 1 1 1 1 1 1 1 1 1 1 1 1 1 1 1 1 1 1 1 1 1 1 1 1 1 1 1 1 1 1 1 1 1 1 1 1 1 1 1 1 1 1 1 1 1 1 1 1 100 100 1 1 1 1 1 1 1 1 1 1 1 1 1 1 1 1 1 1 1 1 1 1 1 1 1 1 100 1 100 1 1 1 1 1 1 1 1 1 1 1 1 1 1 1 1 1 1 100 1 1 1 1 1 1 1 1 1 1 1 1 1 1 1 1 1 1 1 1 1 1 1 1 1 1 1 16 15 10 12 16 15 10 12 16 1 16 15 10 12 16 16 15 10 16 1 15 10 12 16 1 15 10 12 16 1 16 1 15 10 12 16 15 10 7 12 1 1 1 15 10 100 12 1 1 1 1 1 1 1 1 1 1 1 1 1 100 1 100 1 1
staticfield java/lang/Module ALL_UNNAMED_MODULE Ljava/lang/Module; java/lang/Module
staticfield java/lang/Module ALL_UNNAMED_MODULE_SET Ljava/util/Set; java/util/ImmutableCollections$Set12
staticfield java/lang/Module EVERYONE_MODULE Ljava/lang/Module; java/lang/Module
staticfield java/lang/Module EVERYONE_SET Ljava/util/Set; java/util/ImmutableCollections$Set12
staticfield java/lang/Module $assertionsDisabled Z 1
ciInstanceKlass java/lang/StringLatin1 1 1 400 7 1 10 100 12 1 1 1 10 12 1 1 100 1 10 7 12 1 1 1 10 7 12 1 1 1 10 12 1 10 7 12 1 1 1 10 12 1 1 10 7 12 1 1 1 10 7 12 1 1 1 10 12 1 1 10 12 1 1 10 10 12 1 10 12 1 10 9 7 12 1 1 1 10 12 1 1 10 7 12 1 1 1 10 12 10 12 1 1 10 12 1 1 10 12 1 10 12 1 1 10 12 1 10 7 12 1 1 10 12 1 10 12 1 1 9 12 1 1 100 1 10 10 12 1 1 10 7 12 1 1 1 10 12 1 10 12 1 100 1 100 1 8 1 10 12 1 8 1 10 12 1 1 100 1 10 10 12 1 10 7 12 1 1 1 8 1 8 1 8 1 10 12 1 1 10 12 10 100 12 1 1 10 12 1 10 12 1 1 10 12 1 1 10 12 1 1 10 12 1 10 12 10 12 10 12 1 10 12 10 10 12 1 10 12 1 10 12 1 10 100 12 1 1 1 10 100 12 1 1 1 10 12 1 1 10 10 7 12 1 1 1 1 1 1 1 1 1 1 1 1 1 1 1 1 1 1 1 1 1 1 1 1 1 1 1 1 1 1 1 1 1 1 1 1 1 1 1 1 1 1 1 1 1 1 1 1 1 1 1 1 1 1 100 1 1 1 1 1 1 1 1 1 1 1 1 1 1 1 1 1 1 1 1 1 1 1 1 1 1 1 1 1 1 1 1 1 1 1 1 1 1 1 1 1 1 1 100 1 1 1 1 1 1 1 1 1 1 1 1 1 1 1 1 1 1 1 1 1 1 1 100 1 1 1 1 1 1 1 1 1 1 1 1 1 1 1 1 1 1 1 1 1 1 1 1 1 1 1 1 1 1 1 1 100 1 1 1 1
staticfield java/lang/StringLatin1 $assertionsDisabled Z 1
ciMethod java/lang/StringLatin1 equals ([B[B)Z 378 432 2258 0 -1
ciInstanceKlass jdk/internal/misc/Unsafe 1 1 1248 10 7 12 1 1 1 10 7 12 1 1 9 12 1 1 9 12 1 1 10 12 1 1 10 100 12 1 1 1 10 12 1 1 10 12 1 1 10 12 1 1 10 12 1 1 10 12 1 1 10 12 1 1 10 12 1 1 10 12 1 1 10 12 1 1 10 12 1 1 10 12 1 1 10 12 1 1 10 12 1 1 10 12 1 10 12 1 100 1 10 10 12 1 1 10 12 1 1 5 0 10 12 1 1 10 12 1 1 10 7 12 1 1 1 10 12 1 1 10 12 1 10 12 1 10 12 1 1 10 12 1 1 10 12 1 10 12 1 100 1 100 1 10 8 1 10 12 1 1 10 12 1 8 1 10 12 1 1 10 12 1 10 12 1 10 12 1 1 10 12 1 10 12 1 1 10 12 1 1 10 12 1 10 12 1 10 12 1 10 12 1 1 10 12 1 10 12 1 10 12 1 1 10 12 1 5 0 5 0 5 0 10 12 1 10 12 1 10 12 1 10 12 1 10 12 1 10 12 1 10 12 1 10 12 1 10 12 1 1 10 12 1 10 12 1 100 1 8 1 10 100 1 10 10 12 1 1 10 12 1 1 10 12 1 10 12 1 1 10 12 1 1 10 12 1 10 12 1 1 10 12 1 9 7 12 1 1 9 12 1 100 1 10 10 12 1 1 8 1 10 8 1 8 1 10 12 1 1 9 7 12 1 1 1 9 100 1 9 100 1 9 7 1 9 9 100 1 9 7 1 9 100 1 10 12 1 1 10 12 1 1 10 12 1 1 10 12 1 1 5 0 5 0 9 12 1 1 10 12 1 10 12 1 10 12 1 1 10 12 1 1 10 12 1 8 1 3 10 12 1 1 10 12 1 1 10 12 1 10 12 1 1 10 12 1 1 10 12 1 10 12 1 10 12 1 10 12 1 10 12 1 10 12 1 1 10 12 1 1 10 12 1 10 12 1 10 12 1 10 12 1 10 12 1 10 12 1 1 10 12 1 1 10 12 1 10 12 1 10 12 1 10 12 1 10 12 1 10 12 1 1 10 12 1 1 10 12 1 1 10 12 1 1 10 12 1 10 12 1 10 12 1 10 12 1 10 12 1 10 12 1 10 12 1 1 10 12 1 1 10 12 1 10 12 1 10 12 1 10 12 1 10 12 1 10 12 1 10 12 1 1 10 12 1 1 10 12 1 10 12 1 10 12 1 10 12 1 10 12 1 10 12 1 10 12 1 10 12 1 1 10 12 1 10 12 1 10 12 1 10 12 1 10 12 1 1 10 12 1 10 12 1 10 12 1 10 12 1 10 12 1 10 12 1 10 12 1 10 12 1 1 10 12 1 10 12 1 10 12 1 10 12 1 10 12 1 10 12 1 1 10 12 1 10 12 1 10 12 1 1 10 12 1 10 12 1 10 12 1 10 12 1 10 12 1 10 12 1 10 12 1 10 12 1 10 12 1 10 12 1 10 12 1 10 12 1 10 12 1 10 12 1 10 12 1 10 12 1 10 12 1 10 12 1 10 12 1 10 12 1 10 12 1 10 12 1 10 12 1 100 1 10 100 1 10 9 12 1 5 0 10 12 1 1 5 0 10 12 1 5 0 10 12 1 10 12 1 10 12 1 1 10 12 1 1 10 12 1 10 12 1 10 12 1 10 12 1 1 10 12 1 10 12 1 10 12 1 10 12 1 10 12 1 1 10 12 1 10 12 1 10 12 1 10 12 1 1 10 12 1 10 12 1 10 12 1 1 10 12 1 10 12 1 10 12 1 10 12 1 1 10 12 1 10 10 12 1 1 10 12 1 10 12 1 1 10 12 1 10 12 5 0 5 0 5 0 10 12 1 1 10 12 1 10 12 1 10 12 10 100 12 1 1 8 1 100 1 11 12 1 1 8 1 11 12 1 1 10 100 12 1 1 10 12 1 10 7 1 10 12 1 1 9 12 1 1 7 1 9 12 1 7 1 9 12 1 7 1 9 12 1 7 1 9 12 1 7 1 9 12 1 7 1 9 12 1 7 1 9 12 1 7 1 9 12 1 10 12 1 9 12 1 9 12 1 9 12 1 9 12 1 9 12 1 9 12 1 9 12 1 9 12 1 9 12 1 9 12 1 1 1 5 0 1 1 1 1 1 1 1 1 1 1 1 1 1 1 1 1 1 1 1 1 1 1 1 1 1 1 1 1 1 1 1 1 1 1 1 1 1 1 1 1 1 1 1 1 1 1 1 1 1 1 1 1 1 1 1 1 1 1 1 1 1 1 1 1 1 1 1 1 1 1 1 1 1 1 1 1 1 1 1 1 1 1 1 1 1 1 1 1 1 1 100 1 1 1 1 1 1 1 1 1 1 1 1 1 1 1 1 1 1 1 1 1 1 1 1 1 1 1 1 1 1 1 1 1 1 1 1 1 1 1 1 1 1 1 1 1 1 1 1 1 1 1 1 1 1 1 1 1 1 1 1 1 1 1 1 1 1 1 1 1 1 1 1 1 1 1 1 1 1 1 1 1 1 1 1 1 1 1 1 1 1 1 1 1 1 1 1 1 1 1 1 1 1 1 1 1 1 1 1 1 1 1 1 1 1 1 1 1 1 1 1 1 1 1 1 1 1 1 1 1 1 1 1 1 1 1 1 1 1 1 1 1 1 1 1 1 1 1 1 1 1 1 1 1 1 1 1 1 1 1 1 1 1 1 1 1 1 1 1 1 1 1 1 1 1 1 1 1 1 1 1 1 1 1 1 1 1 1 1 1 1 1 1 1 1 1 1 1 1 1 1 1 1 1 1 1 1 1 1 1 1 1 1 1
staticfield jdk/internal/misc/Unsafe theUnsafe Ljdk/internal/misc/Unsafe; jdk/internal/misc/Unsafe
staticfield jdk/internal/misc/Unsafe ARRAY_BOOLEAN_BASE_OFFSET J 16
staticfield jdk/internal/misc/Unsafe ARRAY_BYTE_BASE_OFFSET J 16
staticfield jdk/internal/misc/Unsafe ARRAY_SHORT_BASE_OFFSET J 16
staticfield jdk/internal/misc/Unsafe ARRAY_CHAR_BASE_OFFSET J 16
staticfield jdk/internal/misc/Unsafe ARRAY_INT_BASE_OFFSET J 16
staticfield jdk/internal/misc/Unsafe ARRAY_LONG_BASE_OFFSET J 16
staticfield jdk/internal/misc/Unsafe ARRAY_FLOAT_BASE_OFFSET J 16
staticfield jdk/internal/misc/Unsafe ARRAY_DOUBLE_BASE_OFFSET J 16
staticfield jdk/internal/misc/Unsafe ARRAY_OBJECT_BASE_OFFSET J 16
staticfield jdk/internal/misc/Unsafe ARRAY_BOOLEAN_INDEX_SCALE I 1
staticfield jdk/internal/misc/Unsafe ARRAY_BYTE_INDEX_SCALE I 1
staticfield jdk/internal/misc/Unsafe ARRAY_SHORT_INDEX_SCALE I 2
staticfield jdk/internal/misc/Unsafe ARRAY_CHAR_INDEX_SCALE I 2
staticfield jdk/internal/misc/Unsafe ARRAY_INT_INDEX_SCALE I 4
staticfield jdk/internal/misc/Unsafe ARRAY_LONG_INDEX_SCALE I 8
staticfield jdk/internal/misc/Unsafe ARRAY_FLOAT_INDEX_SCALE I 4
staticfield jdk/internal/misc/Unsafe ARRAY_DOUBLE_INDEX_SCALE I 8
staticfield jdk/internal/misc/Unsafe ARRAY_OBJECT_INDEX_SCALE I 4
staticfield jdk/internal/misc/Unsafe ADDRESS_SIZE I 8
ciInstanceKlass java/lang/Thread$FieldHolder 1 1 55 10 7 12 1 1 1 9 7 12 1 1 1 9 12 1 1 9 12 1 1 9 12 1 1 9 12 1 1 1 1 1 1 1 1 1 1 1 1 100 1 100 1 1 1 1 100 1 1 1 100 1 100 1 1
ciInstanceKlass java/lang/Thread$Constants 0 0 47 100 1 10 100 12 1 1 1 10 12 1 1 10 12 1 1 10 100 12 1 1 8 1 10 12 1 9 100 12 1 1 1 1 1 1 1 1 1 1 1 1 1 1 1 1 1
ciInstanceKlass java/lang/ThreadGroup 1 1 380 10 7 12 1 1 1 9 7 12 1 1 1 8 1 9 12 1 1 100 1 9 12 1 1 9 12 1 1 10 7 12 1 1 1 10 12 1 1 10 12 1 10 12 1 1 10 12 1 1 10 12 1 10 12 1 10 12 1 10 100 12 1 1 1 10 12 1 1 18 12 1 1 11 100 12 1 1 1 10 12 1 1 10 12 1 1 10 12 1 1 10 100 12 1 1 1 10 12 1 11 12 1 1 11 100 12 1 1 11 12 1 1 10 12 1 1 10 12 1 10 12 1 11 12 1 11 12 1 1 10 12 1 100 1 10 18 12 1 1 11 100 12 1 1 1 11 12 1 1 9 100 12 1 1 1 10 12 1 1 8 1 10 100 12 1 1 1 10 100 12 1 1 1 10 12 1 1 11 12 10 12 1 1 10 12 1 1 11 100 1 9 12 1 100 1 10 8 1 10 12 1 1 10 12 1 1 8 1 10 12 1 10 100 12 1 1 1 10 12 1 1 10 7 1 8 1 10 8 1 10 12 1 10 12 1 8 1 9 12 1 1 9 12 1 10 100 12 1 1 1 100 9 12 1 1 100 1 9 12 1 10 12 10 12 1 1 100 10 12 9 12 1 10 12 1 100 1 10 100 1 10 10 12 1 10 12 1 1 1 1 1 1 1 1 1 1 1 1 1 1 1 1 3 1 1 1 1 1 1 1 1 1 1 1 100 1 1 1 1 1 1 1 1 1 1 1 1 1 1 1 1 1 1 1 1 1 1 1 1 1 1 1 1 1 1 1 1 1 1 1 1 1 1 1 1 16 15 10 12 16 16 15 10 12 16 15 10 100 12 1 1 1 1 1 100 1 100 1 1
staticfield java/lang/ThreadGroup $assertionsDisabled Z 1
ciInstanceKlass java/lang/Thread$UncaughtExceptionHandler 1 0 16 100 1 100 1 1 1 1 1 1 1 1 100 1 1 1
instanceKlass java/lang/ThreadBuilders$BoundVirtualThread
instanceKlass java/lang/VirtualThread
ciInstanceKlass java/lang/BaseVirtualThread 0 0 36 10 100 12 1 1 1 100 1 1 1 1 1 1 1 1 1 1 1 1 1 1 1 1 1 1 1 1 100 1 100 1 1 100 1 1
ciInstanceKlass java/lang/VirtualThread 0 0 928 9 7 12 1 1 1 9 12 1 1 10 100 12 1 1 1 10 100 12 1 1 1 10 100 12 1 1 1 9 12 1 1 100 1 10 12 1 9 12 1 1 18 12 1 1 9 12 1 1 10 12 1 1 100 1 10 12 1 10 12 1 1 10 12 1 1 10 12 1 10 12 1 1 9 12 1 1 10 12 1 10 100 12 1 10 12 1 10 12 1 10 12 1 10 12 1 9 12 1 1 11 100 12 1 1 1 10 10 12 1 11 100 12 1 1 1 10 12 1 100 1 10 12 1 1 100 1 9 12 1 1 5 0 10 100 12 1 1 1 9 12 1 100 1 100 1 10 10 100 12 1 1 1 10 100 12 1 1 1 10 12 1 1 10 12 1 10 12 1 1 10 12 1 10 12 10 12 1 100 1 10 10 12 1 10 12 1 1 9 12 1 1 10 12 1 1 9 12 1 1 10 12 1 9 12 1 10 100 12 1 1 10 9 10 10 12 1 1 10 12 1 1 10 100 12 1 1 10 100 1 10 9 10 100 1 10 12 1 1 10 12 1 10 10 12 1 1 9 12 1 10 12 1 10 12 1 9 12 1 1 10 12 1 10 12 1 10 12 1 1 9 12 1 1 10 12 1 10 12 1 1 10 12 1 10 12 1 1 9 12 1 18 9 100 12 1 1 1 10 12 1 1 9 12 1 10 12 1 10 12 1 1 10 12 1 9 12 1 1 18 12 1 9 12 1 9 12 1 10 12 9 12 1 1 10 100 12 1 1 10 12 1 10 12 1 1 10 100 12 1 1 10 12 1 100 1 8 1 10 12 1 10 12 1 1 10 12 1 10 12 1 10 12 1 10 100 12 1 1 10 12 1 10 12 1 10 12 1 10 12 1 10 100 12 1 1 8 1 10 12 1 10 12 1 10 12 1 10 12 1 1 10 12 1 10 12 10 12 1 100 1 10 10 12 1 10 12 1 1 10 12 1 1 10 12 1 10 12 1 10 12 1 1 10 12 1 1 11 100 12 1 1 11 12 1 10 12 9 100 12 1 1 1 9 12 1 10 12 1 1 9 12 1 9 12 1 9 12 1 9 12 1 100 1 10 10 12 1 1 10 12 1 100 1 100 1 10 8 1 10 12 1 1 10 12 1 10 12 1 10 10 12 1 8 1 10 10 12 1 10 12 1 10 100 12 1 1 8 1 8 1 10 12 1 1 10 10 9 100 12 1 1 1 10 12 1 1 10 12 1 10 10 12 9 12 1 10 12 1 1 10 12 1 9 12 1 10 12 1 1 9 12 1 10 12 1 1 9 12 1 10 12 1 1 18 12 1 1 8 1 10 12 1 1 8 1 8 1 10 100 12 1 1 1 10 100 12 1 1 1 10 12 1 10 12 1 1 10 12 1 18 12 1 1 18 12 1 1 5 0 9 12 1 10 12 1 10 12 1 10 100 1 10 12 1 1 9 12 1 9 12 1 1 10 12 1 1 10 12 1 10 12 10 12 1 1 10 100 12 1 1 10 12 1 1 100 1 8 1 10 10 12 1 8 10 12 1 1 8 8 9 12 1 8 8 10 12 1 10 12 1 1 8 1 18 12 1 10 100 12 1 1 10 12 1 10 12 1 3 1 3 1 3 1 3 1 3 1 3 1 3 1 3 1 3 1 3 1 3 1 3 1 3 3 1 3 3 1 3 3 1 3 3 1 3 1 1 1 1 1 1 1 1 1 1 1 1 1 1 1 1 1 100 1 1 1 1 1 1 1 1 1 1 1 1 1 1 1 1 1 1 1 1 100 1 1 1 1 1 1 1 1 1 1 1 1 1 1 1 1 1 1 1 1 1 1 1 1 1 1 1 1 1 1 1 1 1 100 1 1 1 1 1 1 1 1 1 1 1 1 1 1 1 1 1 1 1 1 1 1 1 1 1 1 1 100 1 1 1 1 1 1 1 1 1 1 1 1 1 1 1 1 1 1 1 1 1 1 100 1 1 16 15 10 12 15 10 12 15 10 12 16 15 10 12 16 15 10 12 16 15 10 12 16 15 10 12 15 10 100 12 1 1 1 1 1 1 1 100 1 1 1 100 1 100 1 1
ciInstanceKlass java/lang/ThreadBuilders$BoundVirtualThread 0 0 132 10 100 12 1 1 1 9 100 12 1 1 1 10 100 12 1 1 1 9 12 1 1 10 12 1 1 10 12 1 1 9 12 1 1 10 100 12 1 1 1 10 12 1 1 100 1 8 1 10 12 1 10 12 1 1 10 12 1 1 10 12 1 1 10 100 12 1 1 1 8 1 10 12 1 8 1 10 12 1 1 10 100 12 1 1 9 100 12 1 1 1 10 12 1 1 10 10 12 1 1 1 1 1 1 1 1 1 1 1 1 1 1 1 1 1 1 1 1 1 1 1 1 1 1 1 1 100 1 1 1 1
instanceKlass java/lang/Exception
instanceKlass java/lang/Error
ciInstanceKlass java/lang/Throwable 1 1 427 10 7 12 1 1 1 9 7 12 1 1 1 9 12 1 1 9 12 1 9 12 1 1 9 12 1 10 12 1 1 9 12 1 1 10 12 1 1 10 100 12 1 1 1 9 12 1 1 10 12 1 1 10 12 1 100 1 7 1 10 8 1 10 12 1 1 8 1 10 100 12 1 1 10 10 12 1 100 1 8 1 10 10 7 12 1 1 10 12 1 8 1 9 100 12 1 1 1 10 12 1 1 100 1 10 12 10 12 1 7 1 10 10 7 12 1 1 1 11 7 12 1 1 1 10 7 12 1 1 1 10 12 1 1 10 12 1 1 8 1 10 12 1 10 12 1 1 8 1 8 1 10 12 1 1 10 12 1 8 1 8 1 9 12 1 10 100 12 1 1 100 1 10 11 12 1 8 1 8 1 10 7 12 1 1 8 1 10 12 1 8 1 7 1 10 12 1 9 12 1 1 10 12 1 10 100 12 1 9 12 1 1 10 12 1 1 100 1 8 1 10 12 1 10 100 12 1 1 10 12 1 1 100 1 10 100 12 1 1 1 10 12 1 11 100 12 1 1 1 11 100 12 1 1 1 11 12 1 8 1 10 12 1 1 8 1 10 10 9 100 12 1 1 1 8 1 10 12 1 1 11 10 100 1 8 1 10 11 12 1 1 8 1 9 12 1 10 100 12 1 1 11 9 12 1 1 11 12 1 1 100 9 12 1 1 11 100 12 1 1 100 1 10 12 1 10 12 1 1 100 1 1 1 1 5 0 1 1 1 1 1 1 1 1 1 1 1 1 1 1 1 1 1 1 1 1 1 1 1 1 1 1 1 1 1 1 1 1 1 1 1 1 1 1 1 1 1 1 1 1 1 1 1 1 1 1 1 1 1 1 1 100 1 100 1 1 1 1 1 1 1 1 1 1 1 1 1 1 1 1 1 1 1 1 1 1 1 1 1 1 1 100 1 100 1 1
staticfield java/lang/Throwable UNASSIGNED_STACK [Ljava/lang/StackTraceElement; 0 [Ljava/lang/StackTraceElement;
staticfield java/lang/Throwable SUPPRESSED_SENTINEL Ljava/util/List; java/util/Collections$EmptyList
staticfield java/lang/Throwable EMPTY_THROWABLE_ARRAY [Ljava/lang/Throwable; 0 [Ljava/lang/Throwable;
staticfield java/lang/Throwable $assertionsDisabled Z 1
ciInstanceKlass jdk/internal/vm/ContinuationScope 0 0 50 10 100 12 1 1 1 10 100 12 1 1 1 100 1 9 100 12 1 1 1 10 12 1 1 10 100 12 1 1 1 10 12 1 1 10 12 1 1 1 1 1 1 1 1 1 1 1 1 1
ciInstanceKlass jdk/internal/vm/StackChunk 1 1 32 10 100 12 1 1 1 9 100 12 1 1 1 9 12 1 1 9 12 1 1 1 1 1 1 1 1 1 1 1 1 1
ciInstanceKlass java/lang/Character 1 1 603 7 1 100 1 100 1 9 12 1 1 8 1 9 12 1 1 100 1 9 12 1 1 10 100 12 1 1 1 10 100 12 1 1 1 10 100 12 1 1 1 10 7 12 1 1 1 9 7 12 1 1 1 10 12 1 10 12 1 1 10 12 1 1 10 100 12 1 1 10 12 1 1 3 3 3 3 3 10 12 1 1 10 12 1 3 11 7 12 1 1 1 11 12 1 1 10 12 1 1 10 12 1 1 100 1 10 10 12 1 3 10 12 1 1 10 12 1 10 12 1 1 100 1 8 1 10 12 1 1 10 12 1 10 12 1 10 12 1 10 100 12 1 1 1 10 12 1 10 12 1 10 12 1 1 10 12 1 10 7 12 1 1 10 10 12 1 10 10 12 1 10 12 1 1 10 12 1 10 10 12 1 10 12 1 10 12 1 10 12 1 10 12 1 10 12 1 10 12 1 10 12 10 10 12 10 10 12 1 10 10 12 1 10 10 12 1 10 10 12 1 10 12 1 10 12 1 10 12 1 10 12 1 10 12 1 10 12 1 10 10 12 1 10 10 12 1 10 10 12 1 1 10 10 12 1 10 5 0 10 12 1 10 12 1 10 10 12 1 10 10 12 1 1 10 10 12 1 10 10 12 1 9 12 1 1 100 1 10 10 12 1 10 12 1 1 3 10 100 12 1 1 1 10 12 1 10 100 12 1 1 100 1 10 10 12 1 1 10 12 1 1 10 12 1 1 8 1 10 12 1 9 100 12 1 1 1 10 12 1 10 10 12 1 10 12 1 1 10 12 1 10 10 12 1 1 10 10 12 1 1 100 1 8 1 10 12 1 1 10 7 12 1 1 1 8 1 10 12 1 1 9 12 1 1 100 1 100 1 100 1 1 1 1 3 1 3 1 3 1 3 1 1 1 1 1 3 1 1 3 1 3 1 3 1 3 1 3 1 3 1 3 1 3 1 3 1 3 1 3 1 3 1 3 1 3 1 3 1 3 1 3 1 3 1 3 1 3 1 3 1 3 1 3 1 3 1 3 1 3 1 3 1 3 1 1 1 1 1 1 1 1 1 1 1 1 1 1 1 1 1 1 1 3 1 1 1 1 1 1 1 3 1 1 3 1 1 1 1 1 3 1 1 5 0 1 1 1 1 1 1 1 1 1 1 1 1 1 1 1 1 1 1 1 1 1 1 1 1 1 1 1 1 1 1 1 1 1 1 1 1 1 1 1 1 1 1 1 1 1 1 1 1 1 1 1 1 1 1 1 1 1 1 1 1 1 1 1 1 1 1 1 1 1 1 1 1 1 1 1 1 1 1 1 1 1 1 1 1 1 1 1 1 1 100 1 100 1 1 1 1 1 1
staticfield java/lang/Character TYPE Ljava/lang/Class; java/lang/Class
staticfield java/lang/Character $assertionsDisabled Z 1
ciInstanceKlass java/lang/Float 1 1 277 7 1 100 1 10 7 12 1 1 1 10 100 12 1 1 1 4 100 1 10 12 1 1 10 12 1 1 8 1 8 1 10 100 12 1 1 1 10 12 1 1 10 12 1 1 10 7 1 4 10 7 12 1 1 9 12 1 1 10 12 1 1 10 12 1 10 10 12 1 1 10 12 1 10 12 1 3 3 100 1 4 4 4 3 10 12 1 1 9 12 1 1 100 1 10 3 3 4 4 10 12 1 3 3 3 10 12 1 1 10 12 1 1 10 12 1 10 100 12 1 1 1 10 12 1 1 10 12 1 1 10 7 12 1 1 1 8 1 10 12 1 1 9 12 1 1 100 1 100 1 100 1 1 1 1 4 1 4 1 1 1 4 1 1 3 1 3 1 3 1 3 1 3 1 1 1 1 5 0 1 1 1 1 1 1 1 1 1 1 100 1 1 1 1 1 1 1 1 1 1 1 1 1 1 1 1 1 1 1 1 1 1 1 1 1 1 1 1 1 1 1 1 1 1 1 1 1 1 1 1 1 1 1 1 1 1 1 1 1 1 1 1 1 1 1 1 1 1 1 1 1 1 1 1 1 1 1 1 1 1 1 1 1 100 1 1 1 1 1 1 1 100 1 100 1 1
staticfield java/lang/Float TYPE Ljava/lang/Class; java/lang/Class
staticfield java/lang/Float $assertionsDisabled Z 1
instanceKlass com/sun/jna/IntegerType
instanceKlass java/util/concurrent/atomic/Striped64
instanceKlass java/math/BigInteger
instanceKlass java/util/concurrent/atomic/AtomicLong
instanceKlass java/util/concurrent/atomic/AtomicInteger
instanceKlass java/lang/Long
instanceKlass java/lang/Integer
instanceKlass java/lang/Short
instanceKlass java/lang/Byte
instanceKlass java/lang/Double
instanceKlass java/lang/Float
ciInstanceKlass java/lang/Number 1 1 37 10 7 12 1 1 1 10 100 12 1 1 1 100 1 1 1 1 5 0 1 1 1 1 1 1 1 1 1 1 1 1 1 1 1 1 1
ciInstanceKlass java/lang/Double 1 1 288 7 1 100 1 10 100 12 1 1 1 10 12 1 1 10 100 1 10 12 1 1 10 100 12 1 1 1 6 0 8 1 10 12 1 1 8 1 10 12 1 1 8 1 6 0 10 12 1 1 100 1 5 0 5 0 8 1 8 1 10 100 12 1 1 1 10 100 12 1 1 1 8 1 10 12 1 1 8 1 8 1 8 1 10 12 1 1 10 12 1 10 12 1 1 10 12 1 10 12 1 10 12 1 1 10 12 1 10 7 1 6 0 10 7 12 1 1 9 12 1 1 10 12 1 10 12 1 10 12 1 10 12 1 10 12 1 5 0 10 12 1 1 10 12 1 10 12 1 10 100 12 1 1 1 10 12 1 1 10 12 1 1 8 1 10 7 12 1 1 1 9 12 1 1 100 1 100 1 100 1 1 1 6 0 1 6 0 1 6 0 1 1 1 6 0 1 1 3 1 3 1 3 1 3 1 3 1 1 1 1 5 0 1 1 1 1 1 1 1 1 1 1 1 1 1 1 1 1 100 1 1 1 1 1 1 1 1 1 1 1 1 1 1 1 1 1 1 1 1 1 1 1 1 1 1 1 1 1 1 1 1 1 1 1 1 1 1 1 1 1 1 1 1 1 100 1 1 1 1 1 1 1 100 1 100 1 1
staticfield java/lang/Double TYPE Ljava/lang/Class; java/lang/Class
ciInstanceKlass java/lang/Byte 1 1 212 7 1 100 1 10 100 12 1 1 1 9 12 1 1 8 1 9 12 1 1 100 1 10 12 1 1 10 12 1 1 10 100 12 1 1 1 10 100 12 1 1 1 9 100 12 1 1 1 10 12 1 1 100 1 100 1 10 12 1 1 8 1 10 12 1 1 8 1 10 12 1 10 12 1 10 12 1 10 12 1 1 10 12 1 10 12 1 10 12 1 1 10 8 1 8 1 10 7 1 9 12 1 1 10 12 1 1 10 12 1 1 10 12 1 1 10 12 1 5 0 10 12 1 1 8 1 10 7 12 1 1 1 9 12 1 1 100 1 100 1 1 1 3 1 3 1 1 1 1 3 1 3 1 1 5 0 1 1 1 1 1 1 1 1 1 1 1 1 1 1 1 1 1 1 1 1 1 1 1 1 1 1 1 1 1 1 1 1 1 1 1 1 1 1 1 1 1 1 1 1 1 1 1 1 1 1 1 1 1 1 1
staticfield java/lang/Byte TYPE Ljava/lang/Class; java/lang/Class
ciInstanceKlass java/lang/Short 1 1 220 7 1 100 1 100 1 10 100 12 1 1 1 10 12 1 1 100 1 100 1 10 12 1 1 8 1 10 12 1 1 8 1 10 12 1 10 12 1 10 12 1 10 12 1 1 10 12 1 1 10 12 1 9 12 1 1 8 1 9 12 1 1 100 1 10 12 1 1 10 12 1 10 100 12 1 1 1 10 100 12 1 1 1 9 7 12 1 1 1 10 12 1 10 12 1 1 10 8 1 8 1 10 7 1 9 12 1 1 10 12 1 1 10 12 1 1 10 12 1 1 10 12 1 3 3 5 0 10 12 1 1 8 1 10 7 12 1 1 1 9 12 1 1 100 1 100 1 1 1 3 1 3 1 1 1 1 3 1 3 1 1 5 0 1 1 1 1 1 1 1 1 1 1 1 1 1 1 1 1 1 1 1 1 1 1 1 1 1 1 1 1 1 1 1 1 1 1 1 1 1 1 1 1 1 1 1 1 1 1 1 1 1 1 1 1 1 1 1 1
staticfield java/lang/Short TYPE Ljava/lang/Class; java/lang/Class
ciInstanceKlass java/lang/Integer 1 1 436 7 1 100 1 7 1 7 1 10 12 1 1 9 12 1 1 9 12 1 1 10 100 12 1 1 1 10 12 1 1 10 100 12 1 1 1 10 10 12 1 1 10 100 12 1 1 1 10 12 1 10 12 1 1 10 7 12 1 1 1 10 12 1 1 10 12 1 1 10 12 1 10 7 12 1 1 10 12 1 1 10 12 1 10 12 1 100 1 8 1 10 12 1 8 1 100 1 10 12 1 1 10 12 1 1 8 1 10 12 1 1 8 1 10 12 1 1 10 12 1 1 10 12 1 1 3 3 10 7 12 1 1 1 11 7 1 10 12 1 1 11 10 12 1 1 10 12 1 1 8 1 10 12 1 10 12 1 8 1 100 1 10 12 1 8 1 10 12 1 1 10 12 1 8 1 10 12 1 10 12 1 7 1 9 12 1 1 9 12 1 1 10 12 1 10 7 1 9 12 1 10 12 1 10 12 1 10 12 1 1 10 12 1 1 10 7 12 1 1 1 10 12 1 1 8 1 8 1 10 12 1 1 8 1 8 1 8 1 8 1 8 1 8 1 10 12 1 10 12 1 10 12 1 5 0 3 3 3 3 10 12 1 10 12 1 3 10 12 1 10 100 12 1 1 1 10 12 1 1 10 12 1 1 8 1 10 7 12 1 1 1 9 12 1 1 100 1 100 1 100 1 1 1 1 3 1 1 1 1 1 3 1 3 1 1 5 0 1 1 1 1 1 1 1 1 1 100 1 1 1 1 1 1 1 1 1 1 1 1 1 1 1 1 1 1 1 1 1 1 1 1 1 1 1 1 1 1 1 1 1 1 1 1 1 1 1 1 1 1 1 1 1 1 1 1 1 1 1 1 1 1 1 1 1 1 1 1 1 1 1 1 1 1 1 1 1 1 1 1 1 1 1 1 1 1 1 1 1 1 1 1 1 1 1 1 1 1 1 1 1 100 1 1 1 1 1 1 1 1 1 100 1 100 1 1
staticfield java/lang/Integer TYPE Ljava/lang/Class; java/lang/Class
staticfield java/lang/Integer digits [B 36
ciMethod java/lang/Integer compare (II)I 1024 0 17120 0 0
ciInstanceKlass java/lang/Long 1 1 498 7 1 100 1 7 1 7 1 10 12 1 1 9 12 1 1 9 7 12 1 1 1 10 7 12 1 1 1 10 12 1 1 10 100 12 1 1 1 10 10 12 10 12 1 10 12 1 10 12 1 5 0 5 0 100 1 10 12 1 1 10 12 1 1 10 12 1 10 12 1 10 12 1 10 12 1 1 10 100 12 1 1 10 12 1 10 12 1 1 10 12 1 1 10 12 1 1 10 12 1 1 10 100 12 1 1 1 10 12 1 1 10 12 1 10 12 1 10 7 12 1 1 10 12 1 1 10 12 1 10 12 1 100 1 8 1 10 12 1 8 1 100 1 10 12 1 10 12 1 1 8 1 10 12 1 1 8 1 10 12 1 1 10 12 1 1 10 12 1 1 5 0 5 0 10 100 12 1 1 1 11 100 1 10 12 1 1 11 10 12 1 1 10 12 1 1 8 1 5 0 10 12 1 1 10 12 1 1 8 1 8 1 10 12 1 8 1 10 12 1 10 12 1 5 0 5 0 9 7 12 1 1 1 10 12 1 10 12 1 1 8 1 8 1 10 12 1 1 8 1 8 1 8 1 8 1 8 1 8 1 10 12 1 10 12 1 10 7 1 9 12 1 1 10 12 1 10 12 1 1 10 12 1 1 10 7 12 1 1 1 10 12 1 1 10 12 1 10 12 1 10 12 1 5 0 5 0 5 0 10 12 1 1 10 12 1 5 0 5 0 10 12 10 12 1 10 100 12 1 1 1 10 12 1 1 10 12 1 1 8 1 10 7 12 1 1 1 9 12 1 1 100 1 100 1 100 1 1 1 1 5 0 1 1 1 1 3 1 3 1 5 0 1 1 1 1 1 1 1 1 1 100 1 1 1 1 1 1 1 1 1 1 1 1 1 1 1 1 1 1 1 1 1 1 1 1 1 1 1 1 1 1 1 1 1 1 1 1 1 1 1 1 1 1 1 1 1 1 1 1 1 1 1 1 1 1 1 1 1 1 1 1 1 1 1 1 1 1 1 1 1 1 1 1 1 1 1 1 1 1 1 1 1 1 1 1 1 1 1 1 1 1 1 1 1 1 1 1 1 1 1 1 100 1 1 1 1 1 1 1 1 1 100 1 100 1 1
staticfield java/lang/Long TYPE Ljava/lang/Class; java/lang/Class
ciInstanceKlass java/lang/Void 1 1 31 10 100 12 1 1 1 8 1 10 7 12 1 1 1 9 7 12 1 1 1 1 1 1 1 1 1 1 1 1 1
staticfield java/lang/Void TYPE Ljava/lang/Class; java/lang/Class
ciInstanceKlass jdk/internal/vm/vector/VectorSupport 0 0 597 100 1 10 100 12 1 1 1 9 12 1 1 10 100 12 1 1 1 100 1 10 12 1 11 100 12 1 1 1 11 100 12 1 1 1 11 100 12 1 1 1 11 100 12 1 1 11 100 12 1 1 11 100 12 1 1 11 100 12 1 1 11 100 12 1 1 11 100 12 1 1 11 100 12 1 1 11 100 12 1 1 1 11 100 12 1 1 11 100 12 1 1 1 11 100 12 1 1 1 11 100 12 1 1 11 100 12 1 1 1 11 100 12 1 1 100 1 10 12 1 1 11 100 12 1 1 11 100 12 1 1 11 100 12 1 1 11 100 1 11 100 12 1 1 11 100 12 1 1 11 100 12 1 1 9 12 1 1 10 100 12 1 1 11 100 12 1 1 10 100 12 1 1 1 10 100 12 1 1 10 12 1 1 10 12 1 1 1 1 1 3 1 3 1 3 1 3 1 3 1 3 1 3 1 3 1 3 1 3 1 3 1 3 1 3 1 3 1 3 1 3 1 3 1 3 1 3 1 3 1 3 1 3 1 3 1 3 1 3 1 3 1 3 1 3 1 3 1 3 1 3 1 3 1 3 1 3 1 3 1 3 1 3 1 3 1 3 1 3 1 3 1 3 1 3 1 3 1 3 1 3 1 3 1 3 1 3 1 3 1 3 1 3 1 3 1 1 1 3 1 3 1 3 1 3 1 3 1 3 1 1 1 1 1 1 1 1 1 1 1 1 1 1 1 1 1 1 1 1 1 1 1 1 1 1 1 1 1 1 1 1 1 1 1 1 1 1 1 1 1 1 1 1 1 1 1 1 1 1 1 1 1 1 1 1 1 1 1 1 1 1 1 1 1 1 1 1 1 1 1 1 1 1 1 1 1 1 1 1 1 1 1 1 1 1 1 1 1 1 1 1 1 1 1 1 1 1 1 1 1 1 1 1 1 1 1 1 1 1 1 1 1 1 1 1 1 1 1 1 1 1 1 1 1 1 1 1 1 1 1 1 1 1 1 1 1 1 1 1 1 1 1 1 1 1 1 1 1 1 1 1 1 1 1 1 1 1 1 1 1 1 1 1 1 1 1 1 1 1 1 1 1 1 1 1 1 1 1 1 1 1 1 1 1 1 1 1 1 1 1 1 1 1 1 1 1 1 1 1 1 1 1 1 1 1 1 1 1 1 1 1 1 1 1 1 1 1 1 1 1 1 1 1 1 1 1 1 1 1 1 1 1 1 1 1 1 1 1 1 1 1 1 1 1 1 1 100 1 100 1 100 1 100 1 100 1 1 1 1 1 1 1 1 1 1 1 1 1 1 1 1 1 1 1 1 1 1 1 1 1 1 1 1 1 1 1
instanceKlass jdk/internal/vm/vector/VectorSupport$VectorShuffle
instanceKlass jdk/internal/vm/vector/VectorSupport$VectorMask
instanceKlass jdk/internal/vm/vector/VectorSupport$Vector
ciInstanceKlass jdk/internal/vm/vector/VectorSupport$VectorPayload 0 0 32 10 100 12 1 1 1 9 100 12 1 1 1 10 100 12 1 1 1 1 1 1 1 1 1 1 1 1 1 1 1 1
ciInstanceKlass jdk/internal/vm/vector/VectorSupport$Vector 0 0 28 10 100 12 1 1 1 100 1 1 1 1 1 1 1 1 1 1 1 1 1 1 1 100 1 1 1 1
ciInstanceKlass jdk/internal/vm/vector/VectorSupport$VectorMask 0 0 28 10 100 12 1 1 1 100 1 1 1 1 1 1 1 1 1 1 1 1 1 1 1 100 1 1 1 1
ciInstanceKlass jdk/internal/vm/vector/VectorSupport$VectorShuffle 0 0 28 10 100 12 1 1 1 100 1 1 1 1 1 1 1 1 1 1 1 1 1 1 1 100 1 1 1 1
ciInstanceKlass jdk/internal/vm/FillerObject 0 0 16 10 100 12 1 1 1 100 1 1 1 1 1 1 1 1
instanceKlass java/lang/ref/PhantomReference
instanceKlass java/lang/ref/FinalReference
instanceKlass java/lang/ref/WeakReference
instanceKlass java/lang/ref/SoftReference
ciInstanceKlass java/lang/ref/Reference 1 1 198 9 7 12 1 1 1 9 7 12 1 1 10 12 1 1 10 12 1 1 9 12 1 1 10 12 1 1 9 12 1 1 9 12 1 1 7 1 10 12 1 10 7 12 1 1 10 12 1 10 12 1 1 10 12 1 7 1 8 1 10 12 1 1 7 1 10 12 1 1 10 12 1 1 10 12 1 7 1 10 12 10 7 12 1 1 1 9 12 1 10 12 1 1 10 12 1 10 12 1 10 12 1 9 12 1 100 1 100 1 10 9 12 1 9 12 1 100 1 10 10 12 1 10 10 7 12 1 1 10 12 1 1 1 1 1 1 1 1 1 1 1 1 1 1 1 1 1 100 1 1 1 100 1 1 1 1 1 1 1 1 1 1 1 1 1 1 1 1 1 1 1 1 1 1 1 1 1 1 1 1 1 1 1 1 1 1 1 1 1 100 1 100 1 100 1 1 1
staticfield java/lang/ref/Reference processPendingLock Ljava/lang/Object; java/lang/Object
staticfield java/lang/ref/Reference $assertionsDisabled Z 1
instanceKlass com/intellij/reference/SoftReference
instanceKlass sun/util/locale/provider/LocaleResources$ResourceReference
instanceKlass sun/util/resources/Bundles$BundleReference
instanceKlass com/intellij/util/containers/ConcurrentRefHashMap$HardKey
instanceKlass java/util/ResourceBundle$BundleReference
instanceKlass jdk/internal/util/SoftReferenceKey
instanceKlass java/lang/invoke/LambdaFormEditor$Transform
ciInstanceKlass java/lang/ref/SoftReference 1 1 50 10 7 12 1 1 1 9 7 12 1 1 1 9 12 1 10 12 1 10 12 1 1 1 1 1 1 1 1 1 1 1 1 1 1 1 1 1 1 1 1 1 1 100 1 1 1 1 1 1
instanceKlass com/intellij/util/containers/ConcurrentWeakHashMap$WeakKey
instanceKlass com/intellij/util/containers/UnsafeWeakList$MyReference
instanceKlass com/intellij/util/containers/IntKeyWeakValueHashMap$MyReference
instanceKlass com/sun/jna/CallbackReference
instanceKlass sun/nio/ch/FileLockTable$FileLockReference
instanceKlass javax/swing/plaf/metal/MetalLookAndFeel$AATextListener
instanceKlass java/lang/WeakPairMap$WeakRefPeer
instanceKlass javax/crypto/JceSecurity$WeakIdentityWrapper
instanceKlass com/intellij/util/containers/ConcurrentWeakKeySoftValueHashMap$WeakKey
instanceKlass com/intellij/util/containers/ConcurrentWeakKeyWeakValueHashMap$WeakValue
instanceKlass java/util/ResourceBundle$KeyElementReference
instanceKlass java/util/logging/LogManager$LoggerWeakRef
instanceKlass java/util/logging/Level$KnownLevel
instanceKlass com/intellij/util/lang/ClassLoadingLocks$WeakLockReference
instanceKlass java/lang/ThreadLocal$ThreadLocalMap$Entry
instanceKlass jdk/internal/util/WeakReferenceKey
instanceKlass java/util/WeakHashMap$Entry
ciInstanceKlass java/lang/ref/WeakReference 1 1 34 10 7 12 1 1 1 10 12 1 100 1 1 1 1 1 1 1 1 1 1 1 1 1 1 1 1 1 1 1 1 1 1 1
instanceKlass java/lang/ref/Finalizer
ciInstanceKlass java/lang/ref/FinalReference 1 1 50 10 7 12 1 1 1 10 100 12 1 1 1 10 12 1 1 100 1 8 1 10 12 1 1 1 1 1 1 1 1 1 1 1 1 1 1 1 1 1 1 1 1 1 1 1 1 1 100 1
instanceKlass com/intellij/util/containers/ConcurrentWeakKeySoftValueHashMap$HardKey
instanceKlass com/intellij/util/containers/RefHashMap$HardKey
instanceKlass jdk/internal/ref/Cleaner
instanceKlass jdk/internal/ref/PhantomCleanable
ciInstanceKlass java/lang/ref/PhantomReference 1 1 47 10 7 12 1 1 1 10 12 1 1 10 7 12 1 1 1 1 1 1 1 1 1 1 1 1 1 1 1 1 1 1 1 1 1 1 1 1 1 1 1 1 1 1 1 1 1
ciInstanceKlass java/lang/ref/Finalizer 1 1 177 9 7 12 1 1 1 10 7 12 1 1 1 9 12 1 1 9 12 1 1 9 12 1 9 12 1 9 12 1 1 10 12 1 100 1 8 1 10 12 1 10 12 1 1 9 12 1 100 1 10 12 1 100 1 11 100 12 1 1 10 12 1 100 1 10 12 1 10 7 12 1 1 1 10 12 1 1 10 100 12 1 1 8 1 10 12 1 10 12 1 10 12 1 100 1 10 12 1 10 100 12 1 1 1 100 1 10 10 12 1 1 7 1 10 12 1 10 12 1 1 10 12 1 1 10 7 12 1 1 1 7 1 10 7 1 10 10 12 1 1 1 1 1 1 1 1 1 1 1 1 1 1 1 1 1 1 1 1 1 1 1 1 1 1 100 1 1 1 1 1 1 1 1 1 1 1
staticfield java/lang/ref/Finalizer lock Ljava/lang/Object; java/lang/Object
staticfield java/lang/ref/Finalizer ENABLED Z 1
staticfield java/lang/ref/Finalizer $assertionsDisabled Z 1
instanceKlass java/lang/reflect/Executable
instanceKlass java/lang/reflect/Field
ciInstanceKlass java/lang/reflect/AccessibleObject 1 1 374 10 7 12 1 1 1 10 100 12 1 1 1 10 7 12 1 1 1 10 12 1 1 9 12 1 1 7 1 10 7 12 1 1 1 11 12 1 100 1 10 12 1 7 1 100 1 10 12 1 1 10 12 1 1 10 12 1 1 10 12 1 1 10 12 1 1 7 1 10 7 12 1 1 1 10 12 1 1 11 10 7 12 1 1 1 10 12 1 1 10 12 1 10 12 1 10 12 1 1 10 12 1 8 1 100 1 100 1 10 10 12 1 1 8 1 10 12 1 10 12 1 8 1 8 1 8 1 8 1 8 1 8 1 8 1 8 1 8 1 100 1 10 12 1 10 12 1 9 100 12 1 1 1 10 12 1 1 10 12 1 10 100 1 100 1 8 1 10 8 1 10 12 1 8 1 10 12 1 10 12 1 1 10 100 1 8 1 10 11 7 12 1 1 1 10 12 1 1 10 12 1 1 10 12 1 1 9 12 1 1 100 1 10 12 1 7 1 10 12 1 10 12 1 1 10 100 1 10 12 1 10 12 10 12 1 10 12 1 10 12 1 1 10 12 1 9 12 1 10 100 12 1 1 8 1 10 12 1 1 8 1 10 100 12 1 1 1 9 12 1 100 1 10 7 1 10 10 7 12 1 1 1 10 7 12 1 1 1 9 12 1 1 1 1 1 1 1 1 1 1 1 1 1 1 1 1 1 1 1 1 1 1 1 1 1 1 1 1 1 1 1 1 1 1 1 1 1 1 1 1 1 1 1 1 1 1 1 1 1 1 1 1 1 1 1 1 1 1 1 1 1 1 1 1 1 1 1 1 1 1 1 1 1 1 1 1 1 1 1 1 1 1 1
staticfield java/lang/reflect/AccessibleObject reflectionFactory Ljdk/internal/reflect/ReflectionFactory; jdk/internal/reflect/ReflectionFactory
ciInstanceKlass java/lang/reflect/Method 1 1 468 9 7 12 1 1 1 10 100 12 1 1 1 10 100 12 1 1 9 12 1 1 9 12 1 1 10 12 1 1 10 12 1 1 10 12 1 1 10 100 12 1 1 10 7 12 1 1 1 9 12 1 1 9 12 1 9 12 1 1 9 12 1 9 12 1 9 12 1 1 9 12 1 9 12 1 1 9 12 1 9 12 1 100 1 8 1 10 12 1 10 12 1 9 12 1 1 10 7 12 1 1 1 10 12 1 1 10 12 1 1 10 12 1 10 12 1 1 9 100 12 1 1 1 10 12 1 1 10 12 10 7 12 1 1 10 12 1 1 10 12 1 10 12 1 10 12 1 10 7 12 1 1 1 10 12 1 1 9 12 1 10 7 1 10 100 12 1 1 1 10 7 12 1 1 10 12 1 1 10 12 1 1 10 12 1 10 7 12 1 1 1 10 12 1 10 8 1 10 12 1 10 12 1 7 1 8 1 8 1 8 1 10 12 1 10 12 1 1 10 12 1 1 10 10 12 1 1 10 12 1 11 100 1 10 12 1 9 12 1 1 10 12 1 1 10 12 1 10 12 1 1 10 12 1 1 11 7 12 1 1 1 11 12 1 9 12 1 1 10 12 1 10 12 1 10 12 1 10 12 1 10 12 1 10 12 1 9 12 1 1 10 7 12 1 1 1 10 7 12 1 1 10 12 1 1 10 100 12 1 1 1 10 100 12 1 1 1 10 100 12 1 1 1 11 100 12 1 1 1 10 100 12 1 1 1 100 1 100 1 100 1 10 12 1 10 12 1 1 10 12 1 100 1 8 1 10 12 1 10 10 12 1 1 10 12 1 1 10 12 1 1 10 12 1 1 8 1 10 12 1 1 1 1 1 1 1 1 1 1 1 1 1 1 1 1 1 1 1 1 1 1 1 1 1 1 1 1 1 1 1 1 1 1 1 1 1 1 1 1 1 1 1 1 1 1 1 1 1 1 1 1 1 100 1 7 1 7 1 1 1 1 1 1 1 1 1 1 1 1 1 1 1 1 1 1 1 1 1 1 1 1 1 1 1 1 1 1
ciInstanceKlass java/lang/reflect/Member 1 1 37 100 1 10 12 1 1 100 1 100 1 1 1 1 3 1 3 1 1 1 1 1 1 1 1 1 1 1 1 1 1 1 1 1 1 1 1
instanceKlass java/lang/reflect/Constructor
instanceKlass java/lang/reflect/Method
ciInstanceKlass java/lang/reflect/Executable 1 1 587 10 7 12 1 1 1 10 7 12 1 1 1 10 7 12 1 1 1 11 7 12 1 1 1 10 7 12 1 1 1 10 12 1 1 10 7 12 1 1 1 10 100 12 1 1 1 10 12 1 8 1 10 10 12 1 1 10 12 1 1 10 100 12 1 1 1 18 12 1 1 11 100 12 1 1 1 8 1 8 1 8 1 10 100 12 1 1 1 11 12 1 1 100 1 8 1 8 1 10 12 1 100 1 8 1 10 12 1 8 1 11 100 12 1 1 1 100 1 11 100 12 1 1 1 11 12 1 8 1 18 8 1 10 12 1 10 12 1 1 18 8 1 10 12 1 100 1 10 12 1 10 12 1 11 12 1 10 12 1 1 8 1 8 1 10 12 1 1 10 12 1 1 10 10 12 1 9 12 1 1 9 100 12 1 1 1 10 100 12 1 1 1 10 12 1 10 12 1 1 10 100 12 1 1 10 12 1 10 12 1 10 12 1 10 7 12 1 1 100 1 10 100 12 1 1 1 10 12 1 1 10 100 12 1 1 10 12 1 10 12 1 1 9 100 12 1 1 1 10 100 10 12 1 8 1 10 12 1 10 12 1 3 100 1 8 1 10 12 1 10 12 1 10 10 12 1 10 12 1 1 8 1 8 1 8 1 9 12 1 1 9 12 1 10 12 1 100 1 8 1 10 12 1 10 12 1 10 12 1 1 10 12 1 1 10 12 1 10 12 10 12 1 100 1 10 12 1 10 12 1 1 100 1 10 100 12 1 1 1 7 1 10 7 12 1 1 1 10 12 1 1 11 7 12 1 1 10 12 1 10 100 12 1 1 1 10 12 1 1 9 12 1 10 12 1 1 10 12 1 10 12 1 1 9 100 12 1 1 1 10 100 12 1 1 1 10 12 1 10 12 1 1 9 12 1 10 10 10 10 100 12 1 1 1 10 12 1 9 12 1 10 12 1 1 9 12 1 100 1 100 1 1 1 1 1 1 1 1 1 1 1 1 1 1 1 1 1 1 1 1 1 1 1 1 1 1 1 1 1 1 1 1 1 1 1 1 100 1 1 1 1 1 1 1 1 1 1 1 1 1 1 1 1 1 1 1 100 1 1 1 1 1 1 1 1 1 1 1 1 1 1 1 1 1 1 1 1 1 1 1 1 1 1 1 1 1 1 1 1 1 1 1 1 1 1 1 1 1 1 1 100 1 1 1 1 1 1 1 1 1 1 1 1 1 1 1 1 1 1 1 1 1 1 100 1 1 16 15 16 1 16 1 15 10 12 16 15 10 100 12 1 1 1 1 100 1 1 1 100 1 1 100 1 100 1 1
ciInstanceKlass java/lang/reflect/Constructor 1 1 437 10 100 12 1 1 1 10 100 12 1 1 9 7 12 1 1 1 9 12 1 1 10 12 1 1 10 12 1 1 10 12 1 1 10 100 12 1 1 10 7 12 1 1 1 9 12 1 1 9 12 1 1 9 12 1 9 12 1 1 9 12 1 9 12 1 1 9 12 1 1 9 12 1 7 1 8 1 10 12 1 10 12 1 9 12 1 1 10 7 12 1 1 1 10 12 1 1 10 12 1 1 10 12 1 7 1 100 1 8 1 10 10 12 1 10 12 1 10 12 1 1 9 100 12 1 1 1 10 7 12 1 1 10 12 1 1 10 12 1 10 12 1 1 10 100 12 1 1 1 10 100 12 1 1 10 12 1 1 10 12 1 10 100 12 1 1 1 8 1 10 10 12 1 100 1 8 1 10 12 1 10 12 1 1 10 12 1 1 10 12 1 10 12 1 10 12 1 1 10 12 1 1 9 12 1 1 10 12 1 1 10 12 1 1 10 12 1 1 11 7 12 1 1 1 10 12 1 1 10 12 1 10 12 1 10 12 1 8 1 9 12 1 1 10 7 12 1 1 1 10 7 12 1 1 10 12 1 1 10 12 1 1 10 12 1 1 10 12 1 1 10 12 1 9 100 12 1 1 10 12 1 10 12 1 10 12 1 100 1 8 1 10 10 12 1 1 10 12 1 10 10 12 1 1 10 12 1 1 10 100 12 1 1 1 11 100 12 1 1 1 10 12 1 1 9 100 12 1 1 1 10 100 12 1 1 1 10 12 1 1 1 1 1 1 1 1 1 1 1 1 1 1 1 1 1 1 1 1 1 1 1 1 1 1 1 1 1 1 1 1 1 1 1 1 1 1 1 1 1 1 1 1 1 1 1 1 1 1 1 1 1 1 1 1 100 1 7 1 7 1 7 1 1 1 1 1 1 1 1 1 1 1 1 1 1 1 1 1 1 1 1 1 1 1 1 1 1 1 1 1 1 1 1 100 1 1
ciInstanceKlass java/lang/reflect/Field 1 1 454 9 7 12 1 1 1 10 12 1 1 10 100 12 1 1 1 10 100 12 1 1 9 12 1 1 9 12 1 1 10 12 1 1 10 12 1 1 10 12 1 1 10 100 12 1 1 10 7 12 1 1 1 9 12 1 1 9 12 1 9 12 1 9 12 1 1 9 12 1 1 9 12 1 9 12 1 1 7 1 8 1 10 12 1 10 12 1 9 12 1 1 9 12 1 10 7 12 1 1 10 12 1 1 10 12 1 1 10 12 1 9 12 1 1 10 12 1 1 9 100 12 1 1 1 10 7 12 1 1 1 7 1 10 12 1 1 10 12 1 1 10 12 1 10 12 1 10 100 1 10 100 12 1 1 100 1 10 8 1 10 12 1 1 10 12 1 1 8 1 10 12 10 12 1 8 1 8 1 10 11 100 1 9 12 1 10 12 1 1 10 12 1 1 11 7 12 1 1 1 10 12 1 11 12 1 1 11 12 1 1 11 12 1 1 11 12 1 1 11 12 1 1 11 12 1 1 11 12 1 1 11 12 1 1 11 12 1 1 11 12 1 1 11 12 1 1 11 12 1 1 11 12 1 1 11 12 1 1 11 12 1 1 11 12 1 1 11 12 1 1 10 12 1 10 100 12 1 1 10 12 1 10 12 1 10 12 1 10 12 1 1 10 12 1 1 10 12 1 10 100 12 1 1 10 12 1 1 11 100 1 10 12 1 100 1 10 100 12 1 1 1 10 100 12 1 1 1 9 12 1 10 100 12 1 1 1 11 100 12 1 1 1 10 12 1 1 10 12 1 1 9 100 12 1 1 10 100 12 1 1 1 10 12 1 1 100 1 1 1 1 1 1 1 1 1 1 1 1 1 1 1 1 1 1 1 1 1 1 1 1 1 1 1 1 1 1 1 1 1 1 1 1 1 1 1 7 1 1 1 1 1 1 1 1 1 1 1 1 1 1 1 1 1 1 1 1 1 1 1 1 1 1 1 1 1 1 1 1 100 1 1 1 1 1 1 1 1 100 1 1 100 1 1
ciInstanceKlass java/lang/reflect/Parameter 0 0 256 10 100 12 1 1 1 9 100 12 1 1 1 9 12 1 1 9 12 1 1 9 12 1 10 12 1 1 10 12 1 1 10 100 12 1 1 1 100 1 10 10 12 1 1 11 100 12 1 1 1 10 12 1 10 100 12 1 1 1 10 12 1 1 10 12 1 10 12 1 8 1 8 1 10 100 12 1 1 1 10 12 1 10 12 9 100 12 1 1 1 9 100 12 1 1 1 10 12 1 1 10 12 1 1 10 100 12 1 1 1 10 12 1 8 1 10 12 1 9 12 1 1 10 12 1 1 9 12 1 1 10 12 1 1 10 12 1 1 10 12 1 1 10 12 1 10 10 12 1 10 100 12 1 1 1 10 12 1 1 11 100 12 1 1 10 100 12 1 1 100 1 10 100 12 1 1 1 10 12 1 1 10 12 1 1 10 12 1 1 10 12 1 1 9 12 1 100 1 10 11 12 1 11 12 1 1 100 1 1 1 1 1 1 1 1 1 1 1 1 1 1 1 1 1 1 1 1 1 1 1 1 1 1 1 1 1 1 1 1 1 1 1 1 1 1 1 100 1 1 1 1 1 100 1 1
ciInstanceKlass java/lang/reflect/RecordComponent 0 0 196 10 100 12 1 1 1 9 100 12 1 1 1 9 12 1 1 9 12 1 10 12 1 1 10 12 1 1 10 100 12 1 1 1 10 12 1 1 9 12 1 1 10 12 1 1 10 12 1 1 10 12 1 10 100 12 1 1 10 100 12 1 1 9 12 1 1 10 100 12 1 1 1 11 100 12 1 1 1 10 9 100 12 1 1 1 10 100 12 1 1 1 9 12 1 1 10 100 12 1 1 1 10 12 1 1 11 100 12 1 1 10 100 12 1 1 100 1 9 12 1 9 12 1 1 9 12 1 10 100 12 1 1 1 10 12 1 1 10 12 1 1 100 1 10 10 12 1 10 12 1 1 8 1 10 12 1 10 12 1 9 12 1 100 1 1 1 1 1 1 1 1 1 1 1 1 1 1 1 1 1 1 1 1 1 1 100 1 1 1 1 1 1 100 1 1
ciInstanceKlass java/lang/StringBuffer 1 1 487 10 7 12 1 1 1 10 12 1 10 12 1 10 12 1 1 9 7 12 1 1 1 10 12 1 1 10 12 1 10 12 1 1 9 12 1 1 10 12 1 10 12 1 1 10 12 1 1 10 12 1 10 12 1 1 10 12 1 10 12 1 1 10 12 1 1 10 7 12 1 1 1 10 12 1 1 10 12 1 10 12 1 10 12 1 10 12 1 10 12 1 10 12 1 10 12 1 10 12 1 10 12 1 10 12 1 10 12 1 10 12 1 10 12 1 10 12 1 1 10 12 1 10 12 1 1 10 12 1 1 10 10 12 1 1 10 12 1 10 12 1 10 12 1 10 12 1 10 12 1 10 12 1 10 12 10 12 1 10 12 1 10 12 1 10 12 1 1 10 12 1 10 12 1 10 10 12 1 1 10 12 1 10 12 1 10 12 1 8 1 10 12 1 10 10 100 12 1 1 1 10 10 12 1 1 9 12 1 1 10 100 12 1 1 10 100 1 8 10 100 12 1 1 1 8 10 12 1 8 1 10 12 1 10 12 1 10 100 12 1 1 1 10 100 12 1 1 1 7 1 10 12 100 1 8 1 10 10 12 1 1 10 12 1 1 10 12 1 10 12 1 10 12 1 1 10 12 1 10 12 1 10 12 1 10 12 1 10 12 1 10 12 10 12 1 10 12 1 10 12 1 10 12 1 10 12 1 10 12 1 10 12 1 10 12 1 10 12 1 10 12 1 10 12 10 12 10 12 1 10 12 1 10 12 1 10 12 10 12 1 10 12 1 10 12 1 10 12 1 10 12 1 10 12 1 10 12 1 10 12 1 10 12 1 10 12 1 10 12 1 7 1 10 12 1 9 7 12 1 1 1 9 7 1 9 12 1 1 100 1 100 1 100 1 100 1 1 1 1 5 0 1 1 1 1 1 1 1 1 1 1 1 1 1 1 1 1 1 1 1 1 1 1 1 1 1 1 1 1 1 1 1 1 1 1 1 1 1 1 1 1 1 1 1 1 1 1 1 1 1 1 1 1 1 1 1 1 1 1 1 1 100 1 1 1 1 1 100 1 1 1 1 1 1 1 1 1 1 1 1 1 1 1 1 1 1
staticfield java/lang/StringBuffer serialPersistentFields [Ljava/io/ObjectStreamField; 3 [Ljava/io/ObjectStreamField;
instanceKlass java/lang/StringBuilder
instanceKlass java/lang/StringBuffer
ciInstanceKlass java/lang/AbstractStringBuilder 1 1 662 7 1 10 7 12 1 1 1 9 7 12 1 1 1 9 12 1 9 12 1 1 9 12 1 1 10 7 12 1 1 1 10 12 1 1 100 1 3 3 10 12 1 10 12 1 1 10 12 1 1 11 7 1 100 1 100 1 10 8 1 10 12 1 10 12 1 10 12 1 1 10 12 1 10 12 1 9 12 1 10 12 1 9 12 1 1 10 7 12 1 1 1 10 10 12 1 10 12 1 10 12 1 1 9 12 1 100 1 8 1 10 12 1 10 12 1 1 8 1 10 7 12 1 1 1 10 12 1 1 8 1 10 7 12 1 1 1 100 1 8 1 10 100 1 10 12 1 10 12 1 1 10 7 12 1 1 1 10 12 1 1 10 12 1 1 10 12 1 1 10 12 1 1 10 7 12 1 1 1 10 12 1 100 1 10 10 7 12 1 1 1 9 12 1 1 9 12 1 10 12 1 1 10 10 12 1 1 10 12 1 1 10 12 1 1 10 12 1 1 10 12 1 1 10 12 1 1 10 12 1 1 10 12 1 10 10 10 12 1 10 12 1 1 10 8 1 10 12 1 1 10 12 1 10 12 1 10 12 1 10 10 7 12 1 1 1 10 12 1 1 10 12 1 10 12 1 10 12 1 10 12 100 1 9 12 1 1 9 12 1 10 12 1 1 100 1 9 12 1 9 12 10 12 1 10 12 1 1 10 12 1 1 10 12 1 10 12 1 1 10 12 1 10 12 1 1 10 12 1 1 10 10 7 12 1 1 1 10 12 1 10 12 1 10 12 1 1 10 12 1 10 12 1 1 10 12 1 10 12 1 10 12 1 10 12 1 10 12 1 10 12 1 10 12 1 10 12 1 1 10 12 1 10 12 1 10 12 10 12 1 1 18 12 1 1 100 1 10 100 12 1 1 1 18 10 12 1 1 10 12 1 1 10 12 1 10 12 1 10 12 1 1 10 12 1 10 12 1 1 11 12 1 1 10 12 1 10 12 1 1 10 12 1 10 12 1 10 12 1 10 5 0 10 100 1 8 1 10 10 12 1 1 10 100 12 1 1 1 10 12 1 10 12 1 1 100 1 10 12 100 1 10 100 1 10 10 7 12 1 1 100 1 1 1 1 1 1 1 1 1 1 1 100 1 1 1 1 1 1 1 1 1 1 1 1 1 1 1 1 1 1 1 1 1 1 1 1 1 1 1 1 1 1 1 1 1 1 1 1 1 1 1 1 1 1 1 1 1 1 1 1 1 1 1 1 100 1 1 1 1 1 1 1 1 1 1 1 1 1 1 1 1 1 1 1 1 1 1 1 1 1 1 1 1 1 1 1 1 1 1 1 1 1 1 1 1 1 1 1 1 1 1 1 1 1 1 1 1 1 1 1 1 1 1 1 1 1 1 1 100 1 1 1 1 1 1 100 1 1 1 1 1 1 100 1 1 16 1 15 10 12 16 15 10 12 15 10 100 12 1 1 1 1 1 1 1 100 1 100 1 1
staticfield java/lang/AbstractStringBuilder EMPTYVALUE [B 0
staticfield java/lang/AbstractStringBuilder $assertionsDisabled Z 1
ciInstanceKlass java/lang/StringBuilder 1 1 425 10 7 12 1 1 1 10 12 1 10 12 1 10 12 1 1 10 7 12 1 1 1 10 7 12 1 1 1 10 12 1 10 12 1 10 12 1 10 12 1 10 12 1 10 12 1 10 12 1 10 12 1 10 12 1 10 12 1 10 12 1 10 12 1 10 12 1 10 12 1 1 10 12 1 10 12 1 1 10 12 1 1 10 12 1 10 12 1 10 12 1 10 12 1 10 12 1 10 12 1 10 12 1 10 12 10 12 1 10 12 1 10 12 1 10 12 1 1 10 12 1 10 12 1 10 12 10 12 1 1 10 12 1 10 12 1 10 12 1 1 8 1 10 12 1 10 100 12 1 1 1 9 12 1 1 10 12 1 10 12 1 10 12 1 1 9 12 1 1 10 100 12 1 1 1 10 100 1 10 12 1 1 10 100 12 1 1 10 12 1 10 12 1 1 100 1 100 1 8 1 10 10 12 1 1 10 12 1 10 12 1 10 12 1 1 10 12 1 10 12 1 10 12 1 10 12 1 10 12 1 10 12 10 12 1 10 12 1 10 12 1 10 12 1 10 12 1 10 12 1 10 12 1 10 12 1 10 12 1 1 10 12 1 1 10 12 1 10 12 1 10 12 1 10 12 10 12 10 12 1 10 12 1 10 12 1 10 12 10 12 1 10 12 1 10 12 1 10 12 1 10 12 1 10 12 1 10 12 1 10 12 1 10 12 1 1 10 12 1 10 12 1 1 10 12 1 10 12 1 1 10 12 1 10 12 1 1 10 12 1 10 12 1 10 12 1 10 10 10 12 1 100 1 100 1 100 1 100 1 1 1 1 5 0 1 1 1 1 1 1 1 1 1 1 1 1 1 1 1 1 1 1 1 1 1 1 1 1 1 1 1 1 1 1 1 1 1 1 1 1 1 1 1 1 1 1 1 1 100 1 1 1 100 1 1 1 1 1 1 1 1 1 1 1
ciInstanceKlass java/security/CodeSource 1 1 396 10 7 12 1 1 1 9 7 12 1 1 1 9 12 1 1 9 12 1 1 9 12 1 1 10 7 12 1 1 1 9 12 1 1 10 100 12 1 1 10 100 10 100 12 1 1 1 10 12 1 1 10 12 1 1 100 1 10 10 100 12 1 1 1 10 100 12 1 1 1 10 12 1 1 100 1 10 12 1 1 10 12 1 1 10 12 1 1 10 12 1 10 10 100 1 10 12 1 1 10 100 12 1 1 1 10 12 1 1 10 12 1 10 12 1 8 1 10 12 1 10 12 1 10 12 1 1 10 12 1 8 1 10 12 1 1 10 100 1 10 10 12 1 1 8 1 10 12 1 10 12 1 10 12 1 8 1 8 1 9 12 1 1 100 1 8 1 10 12 1 10 12 1 1 8 1 10 12 1 8 1 8 1 8 1 10 100 12 1 1 10 12 1 1 10 12 1 10 12 1 1 10 12 1 1 10 12 1 1 100 1 100 1 10 12 1 10 12 10 12 1 1 10 100 12 1 1 10 12 1 100 1 10 12 10 100 12 1 1 1 10 8 1 10 12 1 10 12 1 1 100 1 10 12 1 1 100 1 100 1 8 1 8 1 10 10 12 1 1 10 100 12 1 1 1 100 1 10 12 10 12 1 1 11 100 12 1 1 10 10 12 1 11 10 12 1 8 1 100 1 10 12 1 10 12 1 1 10 12 1 11 12 1 1 100 1 1 1 1 5 0 1 1 1 1 1 1 1 1 1 1 1 1 1 1 1 1 1 1 1 1 1 1 1 1 1 1 1 1 1 1 1 1 1 1 1 1 1 1 1 1 1 1 1 1 1 1 1 1 1 1 1 1 1 1 1 1 1 1 1 1 1 1 1 1 1 1 100 1 1 1 1 1 1 1
ciInstanceKlass java/security/ProtectionDomain 1 1 141 10 7 12 1 1 1 9 7 12 1 1 1 9 12 1 1 9 12 1 1 10 7 12 1 1 7 1 9 12 1 9 12 1 1 7 1 9 12 1 1 9 12 1 10 100 12 1 1 10 100 12 1 1 1 10 12 1 1 10 12 1 8 1 100 1 8 1 10 12 1 10 11 12 1 1 10 100 12 1 1 1 10 12 1 1 8 1 11 8 1 10 12 1 8 1 8 1 8 1 10 12 1 8 1 8 1 1 1 1 1 1 1 1 100 1 1 100 1 1 1 1 1 1 1 1 1 1 1 1 1 1 1 1 1 1 1 100 1 1 1
instanceKlass java/net/URLClassLoader
instanceKlass jdk/internal/loader/BuiltinClassLoader
ciInstanceKlass java/security/SecureClassLoader 1 1 99 10 7 12 1 1 1 7 1 10 12 1 9 7 12 1 1 1 10 12 1 10 12 1 10 12 1 1 10 12 1 1 10 12 1 7 1 10 7 1 10 12 1 7 1 10 12 1 11 7 12 1 1 1 7 1 11 12 1 10 12 1 1 1 1 1 1 1 1 1 1 1 1 1 1 1 1 1 1 1 1 1 1 1 1 1 1 1 1 1 1 1 1 1 1 1 1 1 1
ciInstanceKlass java/net/URL 1 1 736 10 7 12 1 1 1 10 12 1 10 7 12 1 1 9 12 1 1 9 12 1 10 12 1 1 9 12 1 1 10 7 12 1 1 1 8 1 10 12 1 1 100 1 10 10 12 1 1 8 1 10 12 1 1 9 12 1 100 1 8 1 10 12 1 10 12 1 8 1 9 12 1 10 12 1 1 9 12 1 10 12 1 10 12 1 9 12 1 9 12 1 8 1 9 12 1 10 12 1 1 8 1 9 12 1 1 10 12 1 1 10 7 12 1 1 1 8 1 10 12 1 7 1 10 12 1 10 12 1 10 12 1 10 12 1 1 10 12 1 1 8 1 10 12 1 1 10 12 1 8 1 9 12 1 8 1 10 12 1 10 7 12 1 1 1 100 1 10 12 1 10 12 1 1 10 7 12 1 1 1 100 1 8 1 10 10 12 1 8 1 10 12 1 1 10 12 1 10 12 1 10 12 1 10 12 1 10 12 1 10 12 1 8 1 10 12 1 8 1 10 10 100 1 10 10 12 1 8 1 10 7 12 1 1 1 10 12 1 9 12 1 1 10 12 1 10 100 12 1 1 1 100 1 10 12 1 10 12 1 10 12 1 10 12 1 10 12 1 10 12 10 10 12 1 8 1 100 1 10 100 12 1 1 1 10 12 1 1 10 12 1 10 12 1 1 8 1 9 100 12 1 1 1 10 100 12 1 1 1 10 12 1 10 12 1 10 7 12 1 1 1 10 12 1 1 10 12 1 9 12 1 1 9 12 1 1 100 1 8 1 10 9 12 1 1 10 7 12 1 1 8 1 10 7 12 1 1 8 1 10 12 1 1 10 12 1 8 1 8 1 10 7 12 1 1 1 100 1 10 7 12 1 1 1 10 12 1 10 12 1 9 7 12 1 1 1 10 7 12 1 1 10 12 1 1 10 12 1 8 1 7 1 10 7 12 1 1 1 10 12 1 1 11 7 12 1 1 11 12 1 10 12 1 10 12 1 8 9 100 12 1 1 1 10 12 1 1 10 12 1 10 12 1 1 10 7 12 1 1 11 7 1 10 12 1 10 12 1 9 12 1 10 12 1 1 10 100 12 1 1 10 100 12 1 1 1 8 10 100 12 1 1 100 1 10 8 8 10 12 1 8 8 8 100 1 10 12 1 9 12 1 1 10 12 1 10 12 1 1 10 12 1 10 12 10 12 1 1 10 12 1 1 10 10 10 12 1 10 12 1 10 12 1 10 12 1 10 12 1 10 10 12 1 100 1 8 1 10 10 10 12 1 1 10 12 1 10 12 1 1 8 1 7 1 10 10 7 1 10 12 1 9 7 12 1 1 1 9 12 1 1 7 1 10 10 7 12 1 1 1 100 1 1 1 1 1 5 0 1 1 1 1 1 1 1 1 1 1 1 1 1 1 1 1 1 1 1 1 1 1 1 1 1 1 1 1 1 1 1 1 1 1 1 1 1 1 1 1 1 1 1 1 1 1 100 1 1 1 1 1 1 1 1 1 1 1 1 1 1 1 1 1 1 1 1 1 1 1 1 1 1 1 1 1 1 1 1 1 1 1 1 100 1 1 1 1 1 1 1 1 1 1 1 1 1 1 1 1 1 1 1 1 1 1 1 100 1 1 1 1 1 1 1 1 1 1 1 1 1 1 1 1 1 1 1
staticfield java/net/URL defaultFactory Ljava/net/URLStreamHandlerFactory; java/net/URL$DefaultFactory
staticfield java/net/URL handlers Ljava/util/Hashtable; java/util/Hashtable
staticfield java/net/URL streamHandlerLock Ljava/lang/Object; java/lang/Object
staticfield java/net/URL serialPersistentFields [Ljava/io/ObjectStreamField; 7 [Ljava/io/ObjectStreamField;
ciInstanceKlass java/util/jar/Manifest 0 0 320 10 7 12 1 1 1 100 1 10 9 7 12 1 1 1 100 1 10 9 12 1 1 9 12 1 1 10 12 1 10 12 1 1 10 12 1 1 10 12 1 1 10 12 1 1 11 100 1 11 12 1 1 10 12 1 1 10 100 12 1 1 1 100 1 100 1 10 8 1 10 12 1 1 10 12 1 1 10 12 1 10 12 1 11 100 1 10 12 1 10 12 1 1 11 12 1 1 10 12 1 11 12 1 1 11 100 12 1 1 1 11 100 12 1 1 11 12 1 1 100 1 10 12 1 8 1 11 12 1 100 1 10 12 1 1 11 12 1 10 12 1 10 12 1 10 9 100 12 1 1 1 10 12 1 1 10 100 12 1 10 12 1 10 12 1 9 100 12 1 1 1 8 1 10 12 1 8 1 8 1 100 1 10 12 1 10 12 1 10 12 1 1 100 1 8 1 10 12 1 1 8 1 10 10 12 1 1 8 1 10 12 1 1 10 100 12 1 1 1 10 12 1 10 11 12 1 1 10 12 1 1 10 100 12 1 1 1 10 12 1 1 10 12 1 10 12 1 1 11 10 12 1 11 10 12 1 100 1 1 1 1 1 1 1 1 1 1 1 1 1 1 1 1 1 1 1 1 1 1 1 1 1 1 1 1 1 1 1 1 1 1 1 100 1 1 1 1 1 1 1 1 1 1 1 1 1 1 100 1 1 1 1 1 1 1 1 1 1 1
ciInstanceKlass java/io/ByteArrayInputStream 1 1 135 10 7 12 1 1 1 9 7 12 1 1 1 9 12 1 1 9 12 1 9 12 1 10 7 12 1 1 1 10 7 12 1 1 1 10 7 12 1 1 1 10 100 12 1 1 1 10 12 1 1 10 100 12 1 1 1 100 1 100 1 100 1 3 10 100 1 10 100 12 1 1 1 9 12 1 1 100 1 10 10 7 12 1 1 1 1 1 1 1 1 1 1 1 1 1 1 1 1 1 1 1 1 1 1 1 1 1 1 1 1 1 1 1 1 1 1 1 100 1 100 1 1 1 1 1 1 1 1 1 1 1 1 1 1
staticfield java/io/ByteArrayInputStream $assertionsDisabled Z 1
instanceKlass java/nio/DoubleBuffer
instanceKlass java/nio/FloatBuffer
instanceKlass java/nio/ShortBuffer
instanceKlass java/nio/IntBuffer
instanceKlass java/nio/LongBuffer
instanceKlass java/nio/CharBuffer
instanceKlass java/nio/ByteBuffer
ciInstanceKlass java/nio/Buffer 1 1 259 100 1 10 7 12 1 1 1 9 7 12 1 1 1 9 12 1 9 12 1 1 9 12 1 9 12 1 1 10 12 1 1 10 12 1 1 10 12 100 1 100 1 10 8 1 10 12 1 1 10 12 1 8 1 8 1 10 12 1 1 10 12 1 8 1 9 12 1 1 100 1 8 1 10 12 1 8 1 8 1 9 12 10 12 1 8 1 8 1 8 1 10 12 1 8 1 8 1 8 1 100 1 10 100 1 10 100 1 10 9 12 1 1 10 7 12 1 1 1 100 1 10 12 1 1 10 12 1 10 100 12 1 1 10 7 12 1 1 1 10 7 12 1 1 1 9 12 1 1 10 7 12 1 1 1 9 12 1 1 7 1 10 10 12 1 1 7 1 10 10 7 12 1 1 1 1 1 3 1 1 1 1 1 1 1 1 1 1 1 1 1 1 100 1 1 1 1 1 1 1 100 1 1 1 1 1 1 1 1 1 1 1 1 1 1 1 1 1 1 1 1 1 1 1 1 1 1 1 1 1 1 1 1 1 1 1 1 1 1 1 1 1 1 100 1 100 1 100 1 100 1 100 1 100 1 100 1 1
staticfield java/nio/Buffer UNSAFE Ljdk/internal/misc/Unsafe; jdk/internal/misc/Unsafe
staticfield java/nio/Buffer SCOPED_MEMORY_ACCESS Ljdk/internal/misc/ScopedMemoryAccess; jdk/internal/misc/ScopedMemoryAccess
staticfield java/nio/Buffer IOOBE_FORMATTER Ljava/util/function/BiFunction; jdk/internal/util/Preconditions$4
staticfield java/nio/Buffer $assertionsDisabled Z 1
ciInstanceKlass java/util/function/Function 1 1 77 10 100 12 1 1 1 18 12 1 1 18 18 12 1 11 100 12 1 100 1 1 1 1 1 1 1 1 1 1 1 1 1 1 1 1 1 1 1 1 1 1 1 1 1 1 1 1 1 1 1 1 1 1 16 15 11 12 15 11 12 15 11 12 15 10 100 12 1 1 1 1 100 1 100 1 1
ciInstanceKlass java/lang/AssertionStatusDirectives 0 0 24 10 100 12 1 1 1 100 1 1 1 1 1 1 1 1 1 1 1 1 1 1 1 1
instanceKlass jdk/internal/classfile/impl/StackCounter$Target
instanceKlass jdk/internal/classfile/impl/StackMapDecoder$StackMapFrameImpl
instanceKlass jdk/internal/classfile/impl/StackMapDecoder$ObjectVerificationTypeInfoImpl
instanceKlass java/lang/reflect/Proxy$ProxyBuilder$ProxyClassContext
instanceKlass sun/util/locale/LanguageTag
instanceKlass jdk/net/UnixDomainPrincipal
instanceKlass java/util/stream/Collectors$CollectorImpl
instanceKlass jdk/internal/foreign/LayoutPath$GroupElementByName
instanceKlass jdk/internal/misc/ThreadTracker$ThreadRef
instanceKlass java/util/Formatter$FixedString
instanceKlass java/lang/invoke/StringConcatFactory$InlineHiddenClassStrategy$MethodHandlePair
instanceKlass com/intellij/ide/CliResult
instanceKlass java/io/IoOverNioFileSystem$StreamInitializationBundle
instanceKlass java/lang/ClassValue$Version
instanceKlass java/lang/invoke/InvokerBytecodeGenerator$ClassData
instanceKlass java/security/SecureClassLoader$CodeSourceKey
instanceKlass java/util/zip/ZipFile$EntryPos
instanceKlass sun/nio/fs/WindowsPathParser$Result
instanceKlass java/lang/invoke/MethodHandles$Lookup$ClassDefiner
instanceKlass jdk/internal/classfile/impl/ClassHierarchyImpl$ClassHierarchyInfoImpl
instanceKlass java/lang/classfile/ClassHierarchyResolver$1Factory
instanceKlass jdk/internal/classfile/impl/RawBytecodeHelper$CodeRange
instanceKlass jdk/internal/classfile/impl/StackMapGenerator$Type
instanceKlass jdk/internal/classfile/impl/DirectCodeBuilder$DeferredLabel
instanceKlass jdk/internal/classfile/impl/Util$1WithCodeMethodHandler
instanceKlass jdk/internal/classfile/impl/AnnotationImpl
instanceKlass jdk/internal/reflect/ReflectionFactory$Config
instanceKlass jdk/internal/foreign/abi/UpcallLinker$CallRegs
instanceKlass jdk/internal/foreign/abi/VMStorage
ciInstanceKlass java/lang/Record 1 1 22 10 7 12 1 1 1 100 1 1 1 1 1 1 1 1 1 1 1 1 1 1
ciInstanceKlass java/util/concurrent/ConcurrentHashMap 1 1 1219 100 1 7 1 10 7 12 1 1 1 10 12 1 1 9 12 1 1 3 10 7 12 1 1 1 3 100 1 10 7 12 1 1 1 100 1 10 100 12 1 1 1 100 1 11 12 1 1 11 12 1 11 12 1 1 9 12 1 1 9 12 1 9 12 1 1 10 7 12 1 1 1 7 1 10 12 1 1 10 12 1 1 10 7 12 1 1 1 4 10 12 1 11 7 12 1 1 10 12 1 10 12 1 1 100 1 10 5 0 10 12 1 9 12 1 10 12 1 1 5 0 10 12 1 10 12 1 9 12 1 1 10 12 1 1 9 12 1 9 12 1 1 10 12 1 1 9 12 1 10 12 1 1 9 12 1 1 10 12 1 1 100 1 10 100 1 10 12 1 10 12 1 1 10 12 1 1 10 12 1 1 10 12 1 10 12 1 1 10 12 1 1 100 1 10 12 1 1 7 1 100 1 8 1 10 12 1 10 12 1 1 10 12 1 1 10 10 12 1 11 12 1 1 11 7 12 1 1 1 11 7 12 1 1 1 11 12 1 7 1 11 12 1 11 12 1 10 12 1 1 10 12 1 1 9 12 1 1 10 100 12 1 1 1 9 10 12 1 1 9 12 1 10 12 1 1 5 0 9 12 1 1 7 1 10 12 1 9 12 1 1 7 1 10 12 1 9 12 1 7 1 10 100 1 10 10 12 1 1 8 1 10 12 1 10 12 1 1 11 100 1 10 12 1 10 100 12 1 1 1 8 1 10 100 12 1 1 1 8 1 10 12 1 8 1 10 12 1 10 12 1 1 10 100 12 1 1 10 12 1 10 12 1 10 12 1 9 12 1 9 10 12 1 9 12 1 11 100 12 1 1 1 11 7 12 1 1 1 100 1 10 12 11 100 12 1 1 10 11 7 12 1 10 12 1 100 1 10 12 1 100 1 10 10 9 7 12 1 1 1 3 10 7 12 1 1 9 12 1 10 12 1 1 9 12 1 1 9 12 1 10 12 1 1 10 7 12 1 1 9 12 1 9 7 12 1 1 10 12 1 1 10 12 1 3 9 12 1 9 12 1 10 12 1 1 7 1 9 3 100 1 10 12 1 9 12 1 10 12 1 9 12 1 10 12 1 9 12 1 10 100 12 1 1 1 100 10 12 1 100 1 5 0 10 100 12 1 1 100 1 10 12 1 1 10 12 1 10 12 1 100 1 10 12 1 10 100 1 100 1 10 10 12 1 10 100 1 10 12 1 10 100 1 10 12 1 10 100 1 10 12 1 1 100 1 10 12 1 10 10 12 1 100 1 10 12 1 10 10 12 1 100 1 10 12 1 10 100 1 10 12 1 10 100 1 10 12 1 10 100 1 10 12 1 10 100 1 10 12 1 10 100 1 10 12 1 10 100 1 10 12 1 10 100 1 10 12 1 10 100 1 10 10 100 1 10 10 100 1 10 10 100 1 10 12 1 10 100 1 10 12 1 10 100 1 10 12 1 10 100 1 10 12 1 10 100 1 10 12 1 10 100 1 10 10 100 1 10 10 100 1 10 10 100 1 10 12 1 10 100 1 10 12 1 10 100 1 10 12 1 10 100 1 10 12 1 10 100 1 10 12 1 10 10 12 1 10 12 1 7 1 7 1 10 12 1 9 12 1 1 9 12 1 1 10 12 1 1 8 10 12 1 1 8 8 8 8 7 10 12 1 1 10 12 1 1 100 1 8 1 10 7 1 100 1 100 1 1 1 5 0 1 1 3 1 3 1 1 1 1 3 1 3 1 3 1 1 1 1 1 3 1 3 1 3 1 1 1 1 1 1 1 1 1 1 1 1 1 1 1 1 1 1 1 1 1 1 1 1 1 1 1 100 1 1 1 1 1 1 1 1 1 1 1 1 1 1 1 1 1 1 1 1 1 1 1 1 1 1 1 1 1 1 1 1 1 1 1 1 1 1 1 1 1 1 1 1 1 1 1 1 1 1 1 1 1 1 1 1 1 1 1 1 1 1 1 1 1 1 1 1 1 1 1 1 1 1 1 1 1 1 1 1 1 1 1 1 100 1 1 1 1 1 1 1 1 1 1 1 100 1 1 1 1 1 1 1 1 1 1 1 1 1 1 1 1 1 1 1 1 1 1 1 1 1 1 1 1 1 1 1 1 1 1 1 1 1 1 1 1 1 1 1 1 1 1 1 1 1 1 1 1 1 1 1 1 1 1 1 1 1 1 1 1 1 1 1 1 1 1 1 1 1 1 1 1 1 1 1 1 1 1 1 1 1 1 1 1 1 1 1 1 1 1 1 1 1 1 1 1 1 1 1 1 1 1 1 1 1 1 1 1 1 1 1 1 1 1 1 1 1 1 1 1 1 1 1 1 1 1 1 1 1 1 1 1 1 1 1 1 1 1 1 1 1 1 1 1 1 1 1 1 1 1 1 1 1 1 1 1 1 1 1 1 1 1 1 1 1 1 1 1 1 1 1 1 1 1 1 1 1 1 1 1 1 1 1 1 1 1 1 1 1 1 1 1 1 1 1 1 1 1 1 1 1 1 1 1 1 1 1 1 1 1 1 1 1 1 1 1 1 1 1 100 1 100 1 100 1 100 1 100 1 100 1 100 1 100 1 100 1 1 1 1 1 1 1 1 1 1 1 1 1 1 1 1 1 1 1 1 1 1 1 1 1 1 1 1 1 1 1 1 1 1 1 1 1 1 1 1 1 1 1 1 1 1 1 1 1 1 1 1 1 1 1 1 1 1
staticfield java/util/concurrent/ConcurrentHashMap serialPersistentFields [Ljava/io/ObjectStreamField; 3 [Ljava/io/ObjectStreamField;
staticfield java/util/concurrent/ConcurrentHashMap U Ljdk/internal/misc/Unsafe; jdk/internal/misc/Unsafe
staticfield java/util/concurrent/ConcurrentHashMap SIZECTL J 44
staticfield java/util/concurrent/ConcurrentHashMap TRANSFERINDEX J 56
staticfield java/util/concurrent/ConcurrentHashMap BASECOUNT J 48
staticfield java/util/concurrent/ConcurrentHashMap CELLSBUSY J 60
staticfield java/util/concurrent/ConcurrentHashMap CELLVALUE J 144
staticfield java/util/concurrent/ConcurrentHashMap ABASE J 16
staticfield java/util/concurrent/ConcurrentHashMap ASHIFT I 2
instanceKlass org/h2/mvstore/MVMap
instanceKlass com/intellij/util/containers/ConcurrentRefHashMap
instanceKlass sun/util/PreHashedMap
instanceKlass java/util/concurrent/ConcurrentSkipListMap
instanceKlass kotlin/collections/AbstractMutableMap
instanceKlass sun/awt/SoftCache
instanceKlass java/util/Collections$SingletonMap
instanceKlass com/intellij/util/containers/RefHashMap
instanceKlass java/util/EnumMap
instanceKlass java/util/TreeMap
instanceKlass java/util/IdentityHashMap
instanceKlass java/util/WeakHashMap
instanceKlass java/util/Collections$EmptyMap
instanceKlass java/util/HashMap
instanceKlass java/util/ImmutableCollections$AbstractImmutableMap
instanceKlass java/util/concurrent/ConcurrentHashMap
ciInstanceKlass java/util/AbstractMap 1 1 198 10 7 12 1 1 1 10 7 12 1 1 1 11 7 12 1 1 1 10 11 12 1 1 11 7 12 1 1 1 11 12 1 1 7 1 11 12 1 10 12 1 1 11 12 1 100 1 10 11 12 1 11 7 1 10 12 1 1 11 12 1 9 12 1 1 7 1 10 12 1 9 12 1 1 100 1 10 11 11 12 1 1 11 12 1 100 1 100 1 11 12 1 8 1 100 1 10 10 12 1 1 8 1 10 12 1 10 12 1 1 10 12 1 1 1 1 1 1 1 1 1 1 1 1 1 1 1 1 1 1 1 1 1 1 1 1 1 1 1 1 1 1 1 1 1 1 1 1 1 1 1 1 100 1 1 1 1 1 1 1 100 1 1 1 1 1 1 1 1 1 100 1 1 1 1 1 1 1 1 1 100 1 100 1 100 1 100 1 100 1 1 1 1 1 1 1 1
ciInstanceKlass java/util/concurrent/ConcurrentMap 1 1 201 11 100 12 1 1 1 10 100 12 1 1 11 12 1 1 11 100 12 1 1 1 11 100 12 1 1 1 11 12 1 1 100 1 11 12 1 11 12 1 100 1 11 100 12 1 1 1 18 12 1 11 12 1 1 11 100 12 1 1 11 12 1 1 11 100 12 1 11 12 1 1 11 12 1 1 100 1 100 1 1 1 1 1 1 1 1 1 1 1 1 1 1 1 1 1 1 1 1 1 1 1 1 1 1 1 1 1 1 1 1 1 1 1 1 1 1 1 1 1 1 1 1 1 1 1 1 1 1 1 1 1 1 1 1 1 1 1 1 16 15 11 12 15 10 100 12 1 1 1 1 1 100 1 100 1 1 1 100 1 8 1 1 12 10 1 8 1 1 1 8 1 8 1 1 8 1 1 1 8 1 1 1 8 1 1 8 1 8 1 1 1 8 1 1 8 1 1 1 8 1
ciInstanceKlass java/util/Collection 1 1 115 11 7 12 1 1 1 7 1 11 7 12 1 1 1 10 100 12 1 1 1 11 12 1 1 11 100 12 1 1 1 11 12 1 1 11 100 12 1 1 1 11 12 1 1 10 100 12 1 1 1 11 12 1 10 7 12 1 1 1 100 1 100 1 1 1 1 1 1 1 1 1 1 1 1 1 1 1 1 1 1 1 1 1 1 1 1 1 1 1 1 1 1 1 1 1 1 1 1 1 1 1 1 1 1 1 1 1 1 1 1 1 1 1 1
instanceKlass jdk/internal/loader/ClassLoaders$BootClassLoader
instanceKlass jdk/internal/loader/ClassLoaders$PlatformClassLoader
instanceKlass jdk/internal/loader/ClassLoaders$AppClassLoader
ciInstanceKlass jdk/internal/loader/BuiltinClassLoader 1 1 670 9 7 12 1 1 1 10 7 12 1 1 1 10 7 12 1 1 1 9 12 1 1 9 12 1 1 7 1 10 12 1 9 12 1 10 12 1 9 12 1 10 7 12 1 1 1 10 7 12 1 1 1 10 7 12 1 1 1 11 7 12 1 1 1 100 1 100 1 10 10 12 1 1 8 1 10 12 1 10 12 7 1 10 12 1 10 12 1 1 11 7 12 1 1 1 11 7 12 1 1 1 11 12 1 1 7 1 8 1 8 1 10 9 12 1 1 10 7 12 1 1 11 12 1 1 10 12 1 1 10 12 1 1 10 12 1 1 11 7 12 1 1 1 10 7 12 1 1 100 1 10 100 12 1 1 1 10 7 12 1 1 1 10 12 1 10 12 1 100 1 8 1 10 12 1 1 10 8 1 10 12 1 1 10 12 1 1 10 12 1 1 11 7 12 1 1 11 12 1 7 1 10 11 12 1 1 11 10 12 1 1 7 1 10 12 1 10 7 12 1 10 12 1 11 12 1 1 11 7 1 11 12 1 100 1 10 12 1 1 100 1 100 1 11 12 1 1 10 12 1 10 12 10 12 1 10 7 12 1 1 1 7 1 10 10 12 1 1 10 12 1 1 10 12 1 1 10 12 1 9 12 1 1 100 1 10 10 12 1 1 10 12 1 1 10 12 1 10 12 10 12 1 1 10 12 1 1 10 12 1 1 10 12 1 10 7 12 1 1 1 10 12 1 1 10 7 12 1 1 100 1 10 12 1 1 10 12 1 1 10 12 1 10 12 1 1 10 12 1 7 1 10 12 10 7 12 1 1 1 10 12 1 11 12 1 7 1 10 12 1 7 1 100 1 10 12 1 10 12 1 11 12 1 1 10 12 1 1 10 12 1 1 10 12 1 1 10 12 1 1 10 12 1 10 12 1 10 12 1 10 12 1 8 1 10 12 1 1 10 7 12 1 1 10 12 1 100 1 8 1 8 1 10 10 12 1 8 1 8 1 10 100 12 1 1 1 11 100 12 1 1 1 9 100 12 1 1 1 10 100 12 1 1 1 9 12 1 9 12 1 9 12 1 9 12 1 9 12 1 9 12 1 10 100 12 1 1 1 8 1 10 12 1 7 1 10 11 12 1 1 10 12 10 12 1 10 12 1 100 1 10 12 1 10 12 1 11 11 12 1 10 7 12 1 1 10 7 12 1 1 8 1 10 7 12 1 1 10 12 1 1 1 1 1 1 1 1 1 1 1 1 1 1 1 1 1 1 1 1 1 1 1 1 1 1 1 1 1 1 1 1 1 1 1 1 1 1 1 1 1 1 1 1 1 1 1 1 1 1 1 1 1 1 1 100 1 1 1 1 1 1 1 1 1 1 1 1 1 100 1 1 1 1 1 1 1 1 1 1 1 1 1 1 1 1 1 1 1 1 1 1 1 1 1 1 1 1 1 1 1 1 1 1 1 1 1 1 1 1 1 1 1 1 1 1 1 1 1 100 1 1 1 1 100 1 1 1 1 1
staticfield jdk/internal/loader/BuiltinClassLoader packageToModule Ljava/util/Map; java/util/concurrent/ConcurrentHashMap
staticfield jdk/internal/loader/BuiltinClassLoader $assertionsDisabled Z 1
ciInstanceKlass jdk/internal/loader/ClassLoaders$AppClassLoader 1 1 57 8 1 10 7 12 1 1 1 10 100 12 1 1 1 10 12 1 1 10 7 12 1 1 1 100 1 10 12 1 1 1 1 1 1 1 1 1 1 1 1 1 1 1 1 1 1 1 1 1 1 1 1 100 1 1 1
ciInstanceKlass jdk/internal/loader/ClassLoaders$PlatformClassLoader 1 1 42 8 1 10 7 12 1 1 1 10 7 12 1 1 1 100 1 10 12 1 100 1 1 1 1 1 1 1 1 1 1 1 1 1 1 100 1 1 1 100 1 1
ciInstanceKlass java/lang/ArithmeticException 1 1 26 10 100 12 1 1 1 10 12 1 100 1 1 1 1 5 0 1 1 1 1 1 1 1 1 1
instanceKlass com/intellij/openapi/diagnostic/UnhandledException
instanceKlass java/util/concurrent/TimeoutException
instanceKlass com/intellij/internal/statistic/DeviceIdManager$InvalidDeviceIdTokenException
instanceKlass org/xml/sax/SAXException
instanceKlass java/util/zip/DataFormatException
instanceKlass java/text/ParseException
instanceKlass java/util/concurrent/ExecutionException
instanceKlass com/intellij/ide/g/j
instanceKlass com/intellij/ide/g/d/gq
instanceKlass com/intellij/g/w/z
instanceKlass com/intellij/g/e/a
instanceKlass com/intellij/g/w/a
instanceKlass com/intellij/g/g/z
instanceKlass com/intellij/ide/g/d/g1
instanceKlass java/awt/FontFormatException
instanceKlass java/security/GeneralSecurityException
instanceKlass sun/security/pkcs11/wrapper/PKCS11Exception
instanceKlass java/lang/InterruptedException
instanceKlass java/lang/CloneNotSupportedException
instanceKlass javax/xml/stream/XMLStreamException
instanceKlass com/intellij/platform/ide/bootstrap/DirectoryLock$CannotActivateException
instanceKlass kotlinx/coroutines/DispatchException
instanceKlass sun/nio/fs/WindowsException
instanceKlass java/net/URISyntaxException
instanceKlass java/io/IOException
instanceKlass java/lang/ReflectiveOperationException
instanceKlass java/lang/RuntimeException
ciInstanceKlass java/lang/Exception 1 1 54 10 7 12 1 1 1 10 12 1 10 12 1 10 12 1 10 12 1 100 1 1 1 1 5 0 1 1 1 1 1 1 1 1 1 1 1 1 1 1 1 100 1 100 1 100 1 100 1 1 1 1 1 1
instanceKlass com/intellij/openapi/extensions/ExtensionNotApplicableException
instanceKlass com/intellij/ide/g/d/zH
instanceKlass com/intellij/ide/plugins/StartupAbortedException
instanceKlass com/intellij/platform/eel/path/EelPathException
instanceKlass com/intellij/util/lang/CompoundRuntimeException
instanceKlass com/intellij/openapi/application/impl/ApplicationImpl$1ApplicationExitException
instanceKlass com/intellij/openapi/extensions/SortingException
instanceKlass org/h2/message/DbException
instanceKlass com/intellij/openapi/diagnostic/RuntimeExceptionWithAttachments
instanceKlass java/nio/file/FileSystemNotFoundException
instanceKlass com/intellij/ide/plugins/EssentialPluginMissingException
instanceKlass org/h2/mvstore/MVStoreException
instanceKlass com/intellij/diagnostic/PluginException
instanceKlass com/intellij/g/e/g/g
instanceKlass fleet/kernel/DispatchChannelOverflowException
instanceKlass kotlinx/coroutines/internal/UndeliveredElementException
instanceKlass java/util/ConcurrentModificationException
instanceKlass com/jetbrains/rhizomedb/EntityAttributeIsNotInitialized
instanceKlass com/jetbrains/rhizomedb/OutOfDbContext
instanceKlass com/jetbrains/rhizomedb/OutOfMutableDbContext
instanceKlass com/jetbrains/rhizomedb/TxValidationException
instanceKlass com/jetbrains/rhizomedb/EntityDoesNotExistException
instanceKlass java/security/ProviderException
instanceKlass java/util/MissingResourceException
instanceKlass com/fasterxml/aalto/UncheckedStreamException
instanceKlass com/intellij/util/IncorrectOperationException
instanceKlass java/util/concurrent/RejectedExecutionException
instanceKlass java/lang/SecurityException
instanceKlass kotlin/KotlinNothingValueException
instanceKlass kotlin/NoWhenBranchMatchedException
instanceKlass java/util/NoSuchElementException
instanceKlass kotlin/UninitializedPropertyAccessException
instanceKlass java/lang/UnsupportedOperationException
instanceKlass com/intellij/util/lang/MissingIkvException
instanceKlass java/io/UncheckedIOException
instanceKlass java/lang/IllegalStateException
instanceKlass java/lang/IllegalArgumentException
instanceKlass java/lang/IndexOutOfBoundsException
instanceKlass java/lang/ArithmeticException
instanceKlass java/lang/NullPointerException
instanceKlass java/lang/IllegalCallerException
instanceKlass java/lang/IllegalMonitorStateException
instanceKlass java/lang/ArrayStoreException
instanceKlass java/lang/ClassCastException
ciInstanceKlass java/lang/RuntimeException 1 1 40 10 7 12 1 1 1 10 12 1 10 12 1 10 12 1 10 12 1 100 1 1 1 1 5 0 1 1 1 1 1 1 1 1 1 1 1 1 1 1
ciInstanceKlass java/lang/ArrayIndexOutOfBoundsException 1 1 45 10 100 12 1 1 1 10 12 1 100 1 10 8 1 10 12 1 1 10 12 1 10 12 1 1 100 1 1 1 1 5 0 1 1 1 1 1 1 1 1 1 1 1 1
ciInstanceKlass java/lang/ArrayStoreException 1 1 26 10 100 12 1 1 1 10 12 1 100 1 1 1 1 5 0 1 1 1 1 1 1 1 1 1
ciInstanceKlass java/lang/ClassCastException 1 1 26 10 100 12 1 1 1 10 12 1 100 1 1 1 1 5 0 1 1 1 1 1 1 1 1 1
ciInstanceKlass java/lang/ClassNotFoundException 1 1 96 7 1 10 7 12 1 1 1 10 12 1 10 12 1 1 10 100 12 1 1 1 8 1 10 100 12 1 1 1 10 7 12 1 1 10 100 12 1 1 1 10 100 12 1 1 1 10 12 1 1 7 1 10 12 1 9 12 1 1 1 1 1 5 0 1 1 1 1 1 1 1 1 1 1 1 1 1 1 1 1 1 1 100 1 1 1 1 1 1 1 1 1 1 1 1
staticfield java/lang/ClassNotFoundException serialPersistentFields [Ljava/io/ObjectStreamField; 1 [Ljava/io/ObjectStreamField;
instanceKlass java/lang/InstantiationException
instanceKlass java/lang/IllegalAccessException
instanceKlass java/lang/reflect/InvocationTargetException
instanceKlass java/lang/NoSuchFieldException
instanceKlass java/lang/NoSuchMethodException
instanceKlass java/lang/ClassNotFoundException
ciInstanceKlass java/lang/ReflectiveOperationException 1 1 34 10 7 12 1 1 1 10 12 1 10 12 1 10 12 1 100 1 1 1 1 5 0 1 1 1 1 1 1 1 1 1 1 1
ciInstanceKlass java/lang/IllegalCallerException 0 0 35 10 100 12 1 1 1 10 12 1 10 12 1 10 12 1 100 1 1 1 1 5 0 1 1 1 1 1 1 1 1 1 1 1 1
ciInstanceKlass java/lang/IllegalMonitorStateException 1 1 26 10 100 12 1 1 1 10 12 1 100 1 1 1 1 5 0 1 1 1 1 1 1 1 1 1
instanceKlass kotlin/jvm/KotlinReflectionNotSupportedError
instanceKlass kotlin/reflect/jvm/internal/KotlinReflectionInternalError
instanceKlass kotlin/NotImplementedError
instanceKlass java/lang/AssertionError
instanceKlass java/lang/VirtualMachineError
instanceKlass java/lang/LinkageError
ciInstanceKlass java/lang/Error 1 1 58 10 7 12 1 1 1 9 12 1 1 10 100 12 1 1 1 10 100 12 1 1 1 10 12 1 10 12 1 10 12 1 10 12 1 100 1 1 1 1 5 0 1 1 1 1 1 1 1 1 100 1 1 1 1 1 1 1
instanceKlass java/lang/UnsatisfiedLinkError
instanceKlass java/lang/IncompatibleClassChangeError
instanceKlass java/lang/BootstrapMethodError
instanceKlass java/lang/NoClassDefFoundError
ciInstanceKlass java/lang/LinkageError 1 1 31 10 7 12 1 1 1 10 12 1 10 12 1 100 1 1 1 1 5 0 1 1 1 1 1 1 1 1 1 1 1
ciInstanceKlass java/lang/BootstrapMethodError 0 0 45 10 100 12 1 1 1 10 12 1 10 12 1 10 100 12 1 1 1 10 100 12 1 1 1 1 1 1 5 0 1 1 1 1 1 1 1 1 1 1 1 100 1 1 1
instanceKlass kotlin/KotlinNullPointerException
ciInstanceKlass java/lang/NullPointerException 1 1 52 10 100 12 1 1 1 10 12 1 9 100 12 1 1 1 10 12 1 1 9 12 1 1 10 12 1 1 10 12 1 1 1 1 5 0 1 1 1 1 1 1 1 1 100 1 100 1 100 1 1 1
ciInstanceKlass java/lang/InternalError 1 1 34 10 100 12 1 1 1 10 12 1 10 12 1 10 12 1 100 1 1 1 1 5 0 1 1 1 1 1 1 1 1 1 1 1
instanceKlass java/lang/StackOverflowError
instanceKlass java/lang/OutOfMemoryError
instanceKlass java/lang/InternalError
ciInstanceKlass java/lang/VirtualMachineError 1 1 34 10 100 12 1 1 1 10 12 1 10 12 1 10 12 1 100 1 1 1 1 5 0 1 1 1 1 1 1 1 1 1 1 1
ciInstanceKlass java/lang/NoClassDefFoundError 0 0 26 10 100 12 1 1 1 10 12 1 100 1 1 1 1 5 0 1 1 1 1 1 1 1 1 1
ciInstanceKlass java/lang/OutOfMemoryError 1 1 26 10 100 12 1 1 1 10 12 1 100 1 1 1 1 5 0 1 1 1 1 1 1 1 1 1
ciInstanceKlass java/lang/StackOverflowError 1 1 26 10 100 12 1 1 1 10 12 1 100 1 1 1 1 5 0 1 1 1 1 1 1 1 1 1
ciInstanceKlass java/lang/StackTraceElement 1 1 235 10 7 12 1 1 1 10 7 12 1 1 9 12 1 1 9 12 1 1 9 12 1 9 12 1 8 1 10 7 12 1 1 1 7 1 9 12 1 8 1 9 12 1 9 12 1 9 12 1 1 10 12 1 1 10 12 1 8 1 10 7 12 1 1 1 7 1 10 12 1 10 12 1 1 10 12 1 10 12 1 1 10 12 1 10 12 1 10 10 12 1 8 1 10 12 1 10 12 1 1 10 12 1 1 10 12 1 10 12 1 10 12 1 9 12 1 1 10 7 12 1 1 1 10 12 1 1 7 1 10 12 1 1 10 7 12 1 1 10 7 12 1 1 1 10 7 12 1 1 10 7 12 1 1 10 10 12 1 1 10 12 1 1 10 12 1 1 10 12 1 100 1 1 1 1 1 1 1 3 1 3 1 1 5 0 1 1 1 1 1 1 1 1 1 1 1 1 1 1 1 1 1 1 1 1 1 1 1 1 1 1 1 1 1 100 1 100 1 1 1 1 1 1 1 100 1 1 1 1 1 1 1 1 1
instanceKlass java/util/concurrent/locks/AbstractQueuedLongSynchronizer
instanceKlass java/util/concurrent/locks/AbstractQueuedSynchronizer
ciInstanceKlass java/util/concurrent/locks/AbstractOwnableSynchronizer 1 1 32 10 7 12 1 1 1 9 7 12 1 1 1 100 1 1 1 1 5 0 1 1 1 1 1 1 1 1 1 1 1 1
ciInstanceKlass jdk/internal/vm/Continuation 1 1 551 9 7 12 1 1 1 9 12 1 9 12 1 9 12 1 100 1 100 1 10 12 1 1 8 1 10 12 1 1 10 12 1 10 12 1 1 10 12 1 9 7 12 1 1 1 11 100 12 1 1 1 10 100 1 9 12 1 1 9 12 1 1 10 8 1 10 12 1 9 12 1 1 10 11 12 1 1 100 1 10 100 12 1 1 1 10 12 1 1 10 12 1 10 12 1 1 11 12 1 1 9 12 1 1 10 12 1 1 18 12 1 1 10 100 12 1 1 1 100 1 10 12 1 11 100 12 1 1 1 10 12 1 9 12 1 10 12 1 1 100 1 8 1 10 12 1 10 12 1 1 9 12 1 1 11 12 1 1 9 12 1 1 8 1 10 11 12 1 1 11 12 1 1 10 12 1 1 10 12 1 1 9 12 1 10 12 1 10 10 12 1 8 1 10 12 1 8 1 8 1 10 7 12 1 1 1 10 100 12 1 1 1 10 12 1 9 12 1 11 12 1 100 1 10 12 1 10 12 1 1 9 12 1 1 100 1 10 12 1 1 9 12 1 1 10 12 1 10 12 1 11 100 12 1 1 10 7 1 10 12 1 8 1 10 12 1 1 9 12 1 1 10 7 12 1 1 8 1 8 1 8 1 8 1 10 12 1 1 10 12 1 10 12 1 10 12 1 10 12 1 1 10 12 1 1 8 1 9 12 1 10 12 1 1 9 12 1 1 10 12 1 1 9 12 1 8 1 10 100 12 1 1 1 10 12 1 8 1 100 1 8 1 10 9 12 1 1 8 1 10 100 12 1 1 10 100 12 1 1 8 1 8 1 10 12 10 12 1 1 10 100 1 10 100 12 1 1 1 18 11 100 12 1 1 1 18 12 1 11 12 1 1 100 1 10 7 12 1 1 10 12 1 1 8 10 12 1 1 10 7 12 1 1 1 10 7 12 1 1 10 12 1 8 1 10 12 1 100 1 100 1 10 12 1 1 1 1 1 1 1 1 1 1 1 1 1 1 1 1 1 1 1 1 1 1 1 1 1 1 1 1 1 1 1 1 1 1 1 1 1 1 1 1 1 1 1 1 1 1 1 1 1 1 1 1 1 1 1 1 1 1 1 1 1 1 1 1 1 1 1 1 1 1 1 1 1 1 1 1 100 1 1 16 1 15 10 12 16 15 11 100 12 1 1 1 16 1 16 1 15 10 12 16 15 10 100 12 1 1 1 1 1 1 1 1 100 1 100 1 1
staticfield jdk/internal/vm/Continuation U Ljdk/internal/misc/Unsafe; jdk/internal/misc/Unsafe
staticfield jdk/internal/vm/Continuation MOUNTED_OFFSET J 13
staticfield jdk/internal/vm/Continuation PRESERVE_SCOPED_VALUE_CACHE Z 1
staticfield jdk/internal/vm/Continuation JLA Ljdk/internal/access/JavaLangAccess; java/lang/System$1
staticfield jdk/internal/vm/Continuation $assertionsDisabled Z 1
ciInstanceKlass jdk/internal/misc/UnsafeConstants 1 1 34 10 100 12 1 1 1 9 7 12 1 1 1 9 12 1 9 12 1 1 9 12 1 9 12 1 1 1 1 1 1 1 1 1
staticfield jdk/internal/misc/UnsafeConstants ADDRESS_SIZE0 I 8
staticfield jdk/internal/misc/UnsafeConstants PAGE_SIZE I 4096
staticfield jdk/internal/misc/UnsafeConstants BIG_ENDIAN Z 0
staticfield jdk/internal/misc/UnsafeConstants UNALIGNED_ACCESS Z 1
staticfield jdk/internal/misc/UnsafeConstants DATA_CACHE_LINE_FLUSH_SIZE I 0
ciInstanceKlass java/lang/invoke/MethodHandleImpl 1 1 1424 10 7 12 1 1 1 7 1 10 7 12 1 1 1 10 7 12 1 1 1 100 1 10 8 1 10 12 1 1 10 12 1 10 12 1 1 10 7 12 1 1 1 9 7 12 1 1 1 10 100 12 1 1 1 100 1 10 12 1 1 10 12 1 1 10 12 1 1 10 7 12 1 1 1 9 7 12 1 1 1 10 7 12 1 1 1 100 1 10 9 12 1 1 9 12 1 10 12 1 1 10 12 1 10 12 1 1 10 12 1 1 10 12 1 1 8 1 8 1 10 12 1 1 10 12 1 1 10 12 1 1 10 12 1 1 10 12 1 10 12 1 1 10 7 12 1 1 1 10 12 1 7 1 10 7 12 1 1 1 10 12 1 1 10 12 1 1 11 7 12 1 1 1 11 7 12 1 1 11 12 1 1 7 1 11 12 1 10 12 1 1 10 12 1 1 11 12 1 10 7 12 1 1 10 12 1 1 10 7 12 1 1 10 12 1 10 12 1 1 10 7 12 1 1 1 10 7 12 1 1 1 10 12 1 1 10 12 1 1 9 7 12 1 1 1 10 10 12 1 1 10 12 1 1 10 10 12 1 1 10 12 1 1 10 7 12 1 1 1 10 12 1 1 10 12 1 10 12 1 10 7 12 1 1 1 10 7 12 1 1 1 10 12 1 1 10 12 1 10 12 1 10 12 1 10 12 1 1 10 12 1 10 12 1 1 10 12 1 10 12 1 8 1 100 1 10 12 1 10 12 1 1 10 12 1 10 12 1 1 10 12 1 1 7 1 10 12 1 100 1 8 1 10 12 1 10 7 12 1 1 1 8 1 10 12 1 10 100 12 1 1 1 100 1 9 100 1 10 12 1 1 10 12 1 1 9 12 1 10 12 1 1 10 7 12 1 1 10 12 1 1 10 12 1 1 10 12 1 10 12 1 7 1 10 12 1 1 9 12 1 1 10 12 1 9 100 12 1 1 1 11 100 12 1 1 7 1 9 12 1 100 1 10 12 1 10 12 1 1 7 1 10 12 1 1 10 12 1 1 10 7 12 1 1 1 10 12 1 1 10 12 1 10 12 1 1 10 12 1 10 12 1 1 10 12 1 7 1 9 7 12 1 1 1 10 12 1 10 12 1 9 7 12 1 1 1 10 12 1 1 10 12 1 1 10 12 1 10 7 12 1 1 10 100 12 1 1 1 9 12 1 10 12 1 9 12 10 12 1 10 12 1 10 12 1 10 12 1 1 10 12 1 10 12 1 1 10 12 1 10 12 1 1 10 12 1 1 10 12 1 1 10 12 1 10 12 1 10 12 1 1 10 12 1 10 7 12 1 1 10 12 1 10 100 12 1 1 8 1 10 8 1 100 1 10 9 12 1 100 1 10 12 1 8 1 10 10 12 1 10 10 12 1 1 10 12 1 1 10 12 1 10 12 1 100 1 8 1 10 12 1 10 100 12 1 1 1 10 12 1 1 10 12 1 10 12 1 7 1 10 12 1 10 12 1 10 12 1 1 7 1 10 12 1 10 7 12 1 1 10 12 1 9 12 1 10 12 1 1 10 12 1 1 100 1 10 10 12 1 8 1 8 1 9 12 1 8 1 8 1 8 1 9 12 1 10 12 1 1 9 12 1 1 10 12 1 8 1 9 7 1 10 12 1 1 10 12 1 8 1 8 1 8 1 100 1 100 1 8 8 1 8 1 100 1 8 1 100 1 10 12 1 7 1 10 10 7 12 1 1 1 10 12 1 10 12 10 12 1 10 12 1 11 100 12 1 1 1 18 12 1 11 100 12 1 1 1 18 18 12 1 11 12 1 1 10 12 1 1 10 12 1 10 12 1 11 12 1 9 12 1 9 12 10 10 12 1 1 9 12 1 1 11 12 1 1 18 12 1 1 11 12 1 1 11 12 1 1 10 12 1 11 100 1 10 12 1 10 12 1 10 12 1 9 12 1 9 12 10 12 1 10 7 12 1 1 1 10 12 1 10 12 1 1 10 12 1 10 12 9 12 1 1 10 12 1 10 12 1 1 9 12 1 9 12 1 10 12 1 10 12 1 1 10 12 1 100 1 10 12 1 9 12 1 1 11 100 1 9 12 1 9 12 11 12 1 9 12 1 10 12 10 12 1 1 10 12 1 1 9 100 12 1 1 10 12 1 10 12 1 10 12 1 1 7 1 10 12 1 10 12 1 1 100 1 10 12 1 1 10 12 1 1 100 1 10 12 1 1 10 12 1 1 10 12 1 10 12 1 10 12 1 9 12 1 10 12 1 10 12 1 1 9 7 12 1 1 1 8 10 12 1 1 8 1 10 12 1 8 1 8 1 8 1 8 1 8 1 8 1 100 1 8 1 8 1 10 12 1 9 12 1 10 12 1 1 1 1 1 3 1 1 3 1 3 1 3 1 3 1 3 1 3 1 3 1 3 1 1 1 1 1 1 1 1 1 3 1 3 1 1 1 1 1 1 1 1 1 1 1 1 1 1 1 1 1 1 1 1 1 1 1 1 1 1 1 1 1 1 1 1 1 1 1 1 1 1 1 1 1 1 1 1 1 1 1 1 1 1 1 1 1 1 1 1 1 1 1 1 1 1 1 1 1 1 1 1 1 1 1 1 1 1 1 1 1 1 1 1 1 1 1 1 1 1 1 1 1 1 1 1 1 1 1 1 1 1 1 1 1 1 1 100 1 1 1 1 1 1 1 1 1 1 1 1 1 1 1 1 1 1 1 1 1 1 1 1 1 1 1 1 1 1 1 1 1 1 1 1 1 1 1 1 1 1 1 1 1 1 1 1 1 1 1 1 1 1 1 1 1 1 1 1 1 1 1 1 1 1 1 1 1 1 1 1 1 1 1 1 1 1 1 1 1 1 1 1 1 1 1 1 1 1 1 1 1 1 1 1 1 1 1 1 1 1 1 1 1 1 1 1 1 1 1 1 1 1 1 1 1 1 1 1 1 1 1 1 1 1 1 1 1 1 1 1 1 1 1 1 1 1 1 1 1 1 1 1 1 1 1 1 1 1 1 1 1 1 1 1 1 1 1 1 1 1 1 1 1 1 1 1 1 100 1 100 1 100 1 100 1 100 1 100 1 100 1 1 16 15 10 12 16 15 16 16 1 15 10 12 16 16 15 10 12 16 15 10 100 12 1 1 1 1 1 1 1 1 1 1 1 1 1 1 1 1 1 1 1 1 1 1 1 1
staticfield java/lang/invoke/MethodHandleImpl ARRAYS [Ljava/lang/invoke/MethodHandle; 256 [Ljava/lang/invoke/MethodHandle;
staticfield java/lang/invoke/MethodHandleImpl NFS [Ljava/lang/invoke/LambdaForm$NamedFunction; 7 [Ljava/lang/invoke/LambdaForm$NamedFunction;
staticfield java/lang/invoke/MethodHandleImpl HANDLES [Ljava/lang/invoke/MethodHandle; 9 [Ljava/lang/invoke/MethodHandle;
staticfield java/lang/invoke/MethodHandleImpl $assertionsDisabled Z 1
instanceKlass java/lang/invoke/DelegatingMethodHandle
instanceKlass java/lang/invoke/BoundMethodHandle
instanceKlass java/lang/invoke/DirectMethodHandle
ciInstanceKlass java/lang/invoke/MethodHandle 1 1 734 100 1 9 7 12 1 1 1 10 7 12 1 1 1 10 7 12 1 1 1 7 1 7 1 10 12 1 1 9 12 1 1 10 12 1 10 12 1 1 10 12 1 1 10 7 12 1 1 1 10 12 1 1 10 12 1 1 11 100 12 1 1 1 10 12 1 1 10 12 1 10 12 1 9 12 1 1 9 12 1 1 10 100 12 1 1 1 10 12 1 10 12 1 1 10 12 1 10 12 1 100 1 100 1 10 8 1 10 12 1 1 10 12 1 8 1 10 12 1 1 10 12 1 10 7 12 1 1 1 10 12 1 1 10 12 1 1 10 12 1 1 10 7 12 1 1 1 10 12 1 1 10 12 1 1 10 12 1 10 12 1 1 10 100 12 1 1 10 7 12 1 1 10 12 1 10 12 1 10 12 1 1 10 12 1 1 10 12 1 1 10 12 1 1 10 7 12 1 1 1 10 7 12 1 1 1 10 12 1 1 10 12 1 1 10 12 1 1 8 1 10 7 12 1 1 1 8 1 10 12 1 10 12 1 1 10 12 1 1 10 12 1 8 1 10 12 1 1 8 1 10 12 1 8 1 10 100 12 1 1 1 9 12 1 1 100 1 10 9 100 12 1 1 1 9 100 1 8 1 10 12 1 1 10 12 1 10 12 1 1 10 12 1 10 12 1 1 10 12 1 10 12 1 1 10 12 1 10 12 1 1 10 12 1 1 8 1 10 12 1 1 8 1 10 12 1 10 12 1 1 10 12 1 10 12 1 10 12 1 1 9 100 12 1 1 1 10 12 1 1 11 12 1 10 12 1 10 12 1 1 10 100 12 1 1 100 1 11 12 1 10 100 1 11 12 1 100 1 10 12 1 11 12 1 9 100 12 1 1 1 11 12 1 1 11 100 12 1 1 1 10 12 1 1 9 12 1 11 12 1 9 12 1 9 12 1 9 12 1 11 12 1 1 9 12 1 9 12 1 9 12 1 9 12 1 9 12 1 9 12 1 9 12 1 8 1 10 12 1 10 12 1 8 1 10 12 1 10 12 1 10 12 1 1 10 10 10 7 12 1 1 10 12 1 1 100 1 100 1 8 1 8 1 10 10 12 1 1 10 12 1 10 12 1 100 1 10 100 12 1 1 1 10 9 7 12 1 1 1 10 12 1 1 10 12 1 1 8 1 8 1 10 100 12 1 1 9 12 1 9 12 1 1 9 12 1 1 10 12 1 7 1 10 12 1 10 12 1 1 9 12 1 1 9 12 1 1 10 7 12 1 1 1 11 7 12 1 1 9 12 1 10 12 1 1 9 12 1 10 12 1 8 10 12 1 1 8 1 1 1 1 1 1 1 1 100 1 1 1 1 1 1 1 1 1 1 1 1 1 1 1 1 1 1 1 1 1 1 1 1 1 1 1 1 1 1 1 1 100 1 1 1 1 1 1 1 1 1 1 1 1 1 1 1 1 1 1 1 1 1 1 1 1 1 1 1 1 1 1 1 1 1 1 1 1 1 1 1 1 1 1 1 1 1 1 1 1 1 1 1 1 1 1 1 1 1 1 1 1 1 1 1 1 1 1 1 1 1 1 1 1 1 1 1 1 1 1 1 1 1 1 1 1 1 1 100 1 1 100 1 100 1 100 1 1 100 1 1 100 1 1 1 1
staticfield java/lang/invoke/MethodHandle FORM_OFFSET J 20
staticfield java/lang/invoke/MethodHandle UPDATE_OFFSET J 13
staticfield java/lang/invoke/MethodHandle $assertionsDisabled Z 1
ciInstanceKlass java/lang/invoke/MethodType 1 1 724 7 1 10 7 12 1 1 1 9 12 1 1 9 12 1 1 9 12 1 1 10 7 12 1 1 1 9 7 12 1 1 8 1 10 100 12 1 1 1 9 7 1 9 7 1 10 12 1 1 7 1 10 8 1 10 12 1 1 10 12 1 10 12 1 1 100 1 8 1 10 12 1 100 1 10 10 12 1 10 12 1 1 10 12 1 1 11 7 12 1 1 1 9 12 1 11 12 1 1 7 10 12 1 1 10 12 1 1 7 1 7 1 10 7 12 1 1 1 10 12 1 10 12 1 9 12 1 1 10 7 12 1 1 10 12 1 1 10 7 12 1 1 1 10 7 12 1 1 1 10 12 1 9 12 1 1 10 12 1 1 10 12 1 1 10 12 1 1 10 12 1 1 10 12 1 1 10 12 1 10 12 1 10 12 1 1 10 12 1 8 1 8 1 10 12 1 1 9 12 1 1 100 1 10 10 12 1 1 10 12 1 10 12 1 1 10 12 1 1 10 12 1 10 12 1 10 12 1 8 1 10 12 1 1 10 100 12 1 1 1 10 12 1 10 12 1 1 10 12 1 10 12 1 10 12 1 1 10 12 1 10 12 1 9 12 1 10 12 1 10 10 12 1 1 10 12 1 9 12 1 1 10 12 1 1 11 12 1 1 10 12 1 1 10 12 1 10 12 1 7 1 8 1 8 1 8 1 10 12 1 10 12 1 10 12 1 1 10 10 12 1 11 12 1 1 11 12 1 10 100 12 1 1 1 9 12 1 10 12 1 10 12 1 1 10 12 1 1 10 12 1 10 12 1 10 100 12 1 1 1 10 12 1 1 10 12 1 10 12 1 10 12 1 10 9 12 1 1 7 1 10 12 1 10 100 12 1 1 1 10 12 1 1 10 100 12 1 1 1 10 12 1 1 8 1 10 7 12 1 1 1 11 12 1 1 9 12 1 1 10 12 1 1 10 12 1 10 12 1 1 10 12 1 1 10 100 12 1 1 10 12 1 10 12 100 1 11 100 12 1 1 10 12 1 11 12 1 10 100 12 1 1 10 12 1 1 10 12 1 1 9 12 1 1 9 100 12 1 1 1 10 100 12 1 1 1 9 12 1 10 100 12 1 1 10 12 1 100 10 12 1 10 12 1 1 10 12 1 7 1 10 10 12 1 1 7 1 7 1 9 12 1 1 100 1 100 1 100 1 1 1 5 0 1 1 1 1 1 1 1 3 1 3 1 3 1 1 1 1 1 1 1 1 1 1 1 1 1 1 1 1 1 1 1 1 1 1 1 1 1 1 1 1 1 1 1 1 1 1 1 1 1 1 1 1 1 1 1 1 1 1 1 1 1 1 1 1 1 1 1 1 1 1 1 1 1 1 1 1 1 1 1 1 1 1 1 1 1 1 1 1 1 1 1 1 1 1 1 1 1 1 1 1 1 1 1 1 1 1 1 1 1 1 1 1 1 1 1 1 1 1 1 1 1 1 1 1 1 1 1 1 1 1 1 1 1 1 1 1 1 1 1 1 100 1 100 1 1 1 1 1 1 1 1 1 1 1 1 1 100 1 1 1 1 100 1 1 1 100 1 1 1 1 1 1 1 1 1 1 1 1 1 1 1 1 1 1 100 1 1 100 1 1
staticfield java/lang/invoke/MethodType internTable Ljdk/internal/util/ReferencedKeySet; jdk/internal/util/ReferencedKeySet
staticfield java/lang/invoke/MethodType NO_PTYPES [Ljava/lang/Class; 0 [Ljava/lang/Class;
staticfield java/lang/invoke/MethodType objectOnlyTypes [Ljava/lang/invoke/MethodType; 20 [Ljava/lang/invoke/MethodType;
staticfield java/lang/invoke/MethodType METHOD_HANDLE_ARRAY [Ljava/lang/Class; 1 [Ljava/lang/Class;
staticfield java/lang/invoke/MethodType serialPersistentFields [Ljava/io/ObjectStreamField; 0 [Ljava/io/ObjectStreamField;
staticfield java/lang/invoke/MethodType $assertionsDisabled Z 1
ciInstanceKlass java/lang/invoke/TypeDescriptor$OfMethod 1 0 43 100 1 100 1 100 1 1 1 1 1 1 1 1 1 1 1 1 1 1 1 1 1 1 1 1 1 1 1 1 1 1 1 1 1 1 1 1 1 1 100 1 1
instanceKlass com/intellij/openapi/keymap/impl/KeyState
instanceKlass java/lang/StackStreamFactory$WalkerState
instanceKlass java/lang/StackWalker$ExtendedOption
instanceKlass com/intellij/ide/plugins/PluginModuleVisibilityCheckOption
instanceKlass com/intellij/execution/process/ProcessHandler$State
instanceKlass java/lang/ProcessBuilder$Redirect$Type
instanceKlass com/intellij/util/text/VersionComparatorUtil$VersionTokenType
instanceKlass java/math/RoundingMode
instanceKlass kotlinx/serialization/json/internal/WriteMode
instanceKlass com/jetbrains/rider/environment/local/NetCoreUtil$DotnetPlatform
instanceKlass com/intellij/execution/Platform
instanceKlass com/jetbrains/rider/util/OSKind
instanceKlass com/intellij/ide/plugins/PluginCpuArchRequirement
instanceKlass com/jetbrains/rider/CPUArch
instanceKlass com/intellij/ide/plugins/IdeaPluginOsRequirement
instanceKlass com/jetbrains/rider/CPUKind
instanceKlass com/intellij/platform/eel/EelOsFamily
instanceKlass com/intellij/openapi/extensions/ExtensionDescriptor$Os
instanceKlass com/intellij/serviceContainer/ComponentManagerImpl$ContainerState
instanceKlass com/intellij/ide/plugins/ModuleVisibility
instanceKlass sun/misc/Unsafe$MemoryAccessOption
instanceKlass com/intellij/openapi/client/ClientKind
instanceKlass com/intellij/openapi/components/ServiceDescriptor$PreloadMode
instanceKlass com/intellij/ide/plugins/ModuleLoadingRule
instanceKlass com/jetbrains/rd/util/LogLevel
instanceKlass com/jetbrains/rd/util/threading/ByteBufferAsyncProcessor$StateKind
instanceKlass com/intellij/platform/pluginSystem/parser/impl/elements/OSValue
instanceKlass com/intellij/platform/pluginSystem/parser/impl/elements/ClientKindValue
instanceKlass com/intellij/platform/pluginSystem/parser/impl/elements/PreloadModeValue
instanceKlass com/intellij/platform/pluginSystem/parser/impl/elements/ModuleLoadingRuleValue
instanceKlass com/intellij/platform/pluginSystem/parser/impl/elements/ActionElement$ActionElementName
instanceKlass com/intellij/platform/pluginSystem/parser/impl/elements/ModuleVisibilityValue
instanceKlass java/time/DayOfWeek
instanceKlass com/jetbrains/rd/util/lifetime/LifetimeTerminationTimeoutKind
instanceKlass com/jetbrains/rd/util/lifetime/LifetimeStatus
instanceKlass kotlinx/serialization/json/ClassDiscriminatorMode
instanceKlass sun/util/locale/provider/LocaleProviderAdapter$Type
instanceKlass com/sun/java/swing/plaf/windows/TMSchema$Control
instanceKlass com/sun/java/swing/plaf/windows/TMSchema$Part
instanceKlass java/lang/classfile/attribute/StackMapFrameInfo$SimpleVerificationTypeInfo
instanceKlass java/lang/reflect/ProxyGenerator$PrimitiveTypeInfo
instanceKlass java/lang/classfile/ClassFile$StackMapsOption
instanceKlass java/lang/reflect/AccessFlag$Location
instanceKlass java/lang/reflect/AccessFlag
instanceKlass java/lang/module/ModuleDescriptor$Modifier
instanceKlass com/intellij/ide/gdpr/ConsentOptions$Permission
instanceKlass sun/java2d/SunGraphicsEnvironment$LogDisplay
instanceKlass com/intellij/ide/g/i
instanceKlass java/util/Locale$IsoCountryCode
instanceKlass java/util/Locale$FilteringMode
instanceKlass java/text/MessageFormat$FormatStyle
instanceKlass java/text/MessageFormat$FormatType
instanceKlass java/util/stream/Collector$Characteristics
instanceKlass com/intellij/util/messages/Topic$BroadcastDirection
instanceKlass com/intellij/ide/g/d/V
instanceKlass java/io/JbExtendedOpenOptions
instanceKlass jdk/internal/foreign/layout/AbstractGroupLayout$Kind
instanceKlass java/awt/EventFilter$FilterAction
instanceKlass kotlin/time/DurationUnit
instanceKlass com/intellij/util/system/CpuArch
instanceKlass sun/awt/AppContext$State
instanceKlass fleet/multiplatform/shims/DispatcherPriority
instanceKlass kotlinx/coroutines/channels/BufferOverflow
instanceKlass kotlin/reflect/jvm/internal/impl/resolve/jvm/JvmPrimitiveType
instanceKlass kotlin/reflect/jvm/internal/impl/builtins/PrimitiveType
instanceKlass com/jetbrains/rhizomedb/Cardinality
instanceKlass com/jetbrains/rhizomedb/Indexing
instanceKlass java/time/format/TextStyle
instanceKlass java/time/format/ResolverStyle
instanceKlass java/time/format/SignStyle
instanceKlass java/time/format/DateTimeFormatterBuilder$SettingsParser
instanceKlass java/time/temporal/JulianFields$Field
instanceKlass java/time/temporal/IsoFields$Unit
instanceKlass java/time/temporal/IsoFields$Field
instanceKlass com/jetbrains/rhizomedb/RefFlags
instanceKlass java/security/DrbgParameters$Capability
instanceKlass java/awt/desktop/UserSessionEvent$Reason
instanceKlass sun/font/EAttribute
instanceKlass java/nio/file/attribute/PosixFilePermission
instanceKlass java/util/Locale$Category
instanceKlass sun/awt/OSInfo$OSType
instanceKlass jdk/internal/util/OperatingSystem
instanceKlass com/intellij/util/PathUtilRt$Platform
instanceKlass sun/java2d/StateTrackable$State
instanceKlass java/time/temporal/ChronoUnit
instanceKlass java/time/temporal/ChronoField
instanceKlass java/lang/annotation/RetentionPolicy
instanceKlass java/lang/annotation/ElementType
instanceKlass sun/security/util/KnownOIDs
instanceKlass java/security/Security$SecPropLoader$LoadingMode
instanceKlass sun/util/logging/PlatformLogger$Level
instanceKlass java/lang/System$Logger$Level
instanceKlass jdk/internal/logger/BootstrapLogger$LoggingBackend
instanceKlass java/net/StandardProtocolFamily
instanceKlass java/util/stream/MatchOps$MatchKind
instanceKlass java/util/stream/StreamShape
instanceKlass com/intellij/diagnostic/ActivityCategory
instanceKlass java/util/stream/StreamOpFlag$Type
instanceKlass java/util/stream/StreamOpFlag
instanceKlass com/intellij/openapi/diagnostic/LogLevel
instanceKlass java/lang/StackWalker$Option
instanceKlass com/intellij/diagnostic/LoadingState
instanceKlass java/nio/file/AccessMode
instanceKlass kotlinx/coroutines/scheduling/CoroutineScheduler$WorkerState
instanceKlass kotlin/coroutines/intrinsics/CoroutineSingletons
instanceKlass kotlinx/coroutines/CoroutineStart
instanceKlass kotlin/LazyThreadSafetyMode
instanceKlass java/util/regex/Pattern$Qtype
instanceKlass com/intellij/util/system/OS
instanceKlass com/intellij/idea/CommandType
instanceKlass com/intellij/util/lang/JarLoader$Attribute
instanceKlass java/lang/invoke/MethodHandleImpl$ArrayAccess
instanceKlass jdk/internal/vm/Continuation$Pinned
instanceKlass java/util/concurrent/TimeUnit
instanceKlass java/nio/file/LinkOption
instanceKlass sun/nio/fs/WindowsPathType
instanceKlass java/nio/file/StandardOpenOption
instanceKlass java/lang/invoke/VarHandle$AccessType
instanceKlass java/lang/invoke/VarHandle$AccessMode
instanceKlass java/lang/classfile/Opcode$Kind
instanceKlass java/lang/classfile/Opcode
instanceKlass java/lang/invoke/MethodHandleImpl$Intrinsic
instanceKlass java/lang/classfile/AttributeMapper$AttributeStability
instanceKlass jdk/internal/classfile/impl/AbstractPoolEntry$Utf8EntryImpl$State
instanceKlass java/lang/classfile/TypeKind
instanceKlass java/lang/invoke/LambdaForm$BasicType
instanceKlass java/lang/invoke/LambdaForm$Kind
instanceKlass java/lang/constant/DirectMethodHandleDesc$Kind
instanceKlass sun/invoke/util/Wrapper
instanceKlass java/io/File$PathStatus
instanceKlass jdk/internal/module/ModuleBootstrap$IllegalNativeAccess
instanceKlass com/jetbrains/internal/IoOverNio$Debug
instanceKlass java/lang/reflect/ClassFileFormatVersion
instanceKlass java/lang/Thread$State
instanceKlass java/lang/module/ModuleDescriptor$Requires$Modifier
ciInstanceKlass java/lang/Enum 1 1 204 9 7 12 1 1 1 9 12 1 1 10 7 12 1 1 1 9 12 1 10 7 12 1 1 1 100 1 10 10 12 1 1 10 12 1 100 1 10 10 7 12 1 1 10 12 1 1 18 12 1 1 10 100 12 1 1 1 10 12 1 1 11 7 12 1 1 1 100 1 8 1 10 12 1 100 1 100 1 10 8 1 10 12 1 1 10 12 1 1 8 1 10 12 1 10 100 1 8 1 10 10 12 1 1 10 100 12 1 1 1 100 1 100 1 100 1 1 1 1 1 1 1 1 1 1 1 1 1 1 1 1 1 1 1 1 1 1 1 1 1 1 1 1 1 1 1 1 1 1 1 1 1 1 1 1 1 1 1 1 1 1 1 3 1 1 1 1 100 1 100 1 1 100 1 1 1 1 1 1 1 1 1 1 1 16 15 10 12 16 15 10 100 12 1 1 1 1 1 100 1 100 1 1
ciInstanceKlass java/lang/invoke/LambdaForm 1 1 1030 7 1 100 1 10 7 12 1 1 1 9 12 1 1 9 12 1 9 12 1 9 12 1 1 9 12 1 1 9 12 1 1 9 12 1 1 9 12 1 1 9 12 1 10 7 12 1 1 9 12 1 10 12 1 1 100 1 10 10 12 1 1 10 12 1 10 12 1 10 12 1 1 10 12 1 9 12 1 9 12 1 10 12 1 1 9 7 12 1 1 1 9 7 12 1 1 9 12 1 1 10 12 1 9 12 1 10 100 12 1 1 1 10 12 1 1 100 1 10 12 1 1 9 7 12 1 1 1 10 100 12 1 1 1 10 12 1 10 12 1 1 7 1 10 12 1 10 12 1 10 12 1 1 10 12 1 1 10 12 1 10 12 1 10 12 1 10 12 1 10 12 1 1 8 1 10 12 1 10 12 1 10 10 12 1 8 1 8 1 9 12 1 9 12 1 1 10 12 1 1 9 12 1 1 10 7 12 1 1 1 10 12 1 1 10 12 1 10 12 1 1 10 12 1 7 1 10 12 1 10 100 12 1 1 1 9 12 1 10 12 1 8 1 8 1 8 1 8 1 8 1 8 1 8 1 8 1 10 12 1 9 12 1 7 1 10 12 1 1 9 12 1 1 10 12 1 1 10 12 1 1 10 12 10 12 1 10 12 1 1 10 12 1 1 10 12 1 1 10 10 12 1 1 10 12 1 1 7 1 8 1 10 12 1 1 10 12 1 10 12 1 1 10 8 1 10 12 1 1 8 1 8 1 8 1 10 12 1 10 12 1 10 12 1 1 10 100 12 1 1 1 10 7 12 1 1 1 10 12 1 1 9 12 1 1 8 1 10 100 12 1 1 1 10 7 12 1 1 10 12 1 10 12 1 1 10 12 1 1 9 12 1 8 10 12 1 1 100 1 10 12 1 1 10 12 1 9 7 12 1 1 9 100 12 1 1 1 8 1 10 100 12 1 1 10 12 1 1 100 1 100 1 10 10 12 1 1 10 12 1 1 8 1 8 1 100 1 8 1 10 12 10 12 1 10 12 1 10 12 1 10 12 1 1 9 100 12 1 1 10 12 1 8 1 8 1 10 12 1 10 12 1 1 8 1 8 1 8 1 100 1 8 1 100 1 8 1 100 1 8 1 10 12 1 8 1 9 10 100 12 1 1 1 10 12 1 9 12 1 1 10 12 1 10 10 12 1 10 12 1 10 12 1 10 12 1 1 10 12 1 10 12 1 1 10 12 1 1 10 12 1 1 10 12 1 1 8 1 100 10 12 1 10 12 1 9 12 1 1 10 7 12 1 1 8 1 8 1 100 1 8 1 8 1 8 1 8 1 8 1 8 1 8 1 8 1 10 12 1 1 10 12 1 1 10 12 1 10 12 1 10 12 1 10 12 1 8 1 8 1 8 1 10 12 1 8 1 10 12 1 8 1 8 1 8 1 8 1 8 1 10 12 1 10 12 1 10 12 1 1 10 7 12 1 1 1 10 12 1 10 12 1 10 12 1 10 12 1 10 12 1 9 12 1 1 8 1 10 12 1 1 9 12 1 9 12 1 1 10 12 1 1 9 12 1 1 9 12 1 10 12 1 1 9 12 1 1 7 1 10 7 12 1 1 1 9 7 12 1 1 1 10 7 12 1 1 1 10 12 1 1 10 12 1 1 10 12 1 9 12 1 10 12 1 9 12 1 10 12 1 10 12 1 8 1 10 12 1 9 12 1 1 7 1 10 7 12 1 1 1 100 1 10 12 1 9 12 1 10 12 1 10 12 1 10 12 1 1 10 12 1 9 7 12 1 1 10 12 1 1 10 12 1 10 12 1 9 12 1 9 9 12 1 7 9 12 1 1 10 12 1 1 9 12 1 10 12 1 10 7 1 9 1 1 1 1 3 1 3 1 1 3 1 3 1 1 1 1 1 1 1 1 1 1 1 1 1 1 1 1 1 1 1 1 1 1 1 1 1 1 1 1 1 1 1 1 1 1 1 1 1 1 1 1 1 1 1 1 1 100 1 1 1 1 1 1 1 1 1 1 1 1 1 1 1 1 1 1 1 1 1 1 1 1 1 1 1 1 1 1 1 1 1 1 1 1 1 1 1 1 1 1 1 1 1 1 1 1 1 1 1 1 1 1 1 1 1 1 1 1 1 1 1 1 1 1 1 100 1 1 1 1 1 1 1 1 1 1 1 1 1 1 1 1 1 1 1 1 1 1 1 1 1 1 1 1 1 1 1 1 1 1 1 1 100 1 1 1 1 1 1 1 1 1 1 1 1 1 1 100 1 1 1 100 1 1 100 1 1 1 1 1 1 1 1 1 1 1 1
staticfield java/lang/invoke/LambdaForm DEFAULT_CUSTOMIZED Ljava/lang/invoke/MethodHandle; 
staticfield java/lang/invoke/LambdaForm DEFAULT_KIND Ljava/lang/invoke/LambdaForm$Kind; java/lang/invoke/LambdaForm$Kind
staticfield java/lang/invoke/LambdaForm COMPILE_THRESHOLD I 0
staticfield java/lang/invoke/LambdaForm INTERNED_ARGUMENTS [[Ljava/lang/invoke/LambdaForm$Name; 5 [[Ljava/lang/invoke/LambdaForm$Name;
staticfield java/lang/invoke/LambdaForm IMPL_NAMES Ljava/lang/invoke/MemberName$Factory; java/lang/invoke/MemberName$Factory
staticfield java/lang/invoke/LambdaForm LF_identity [Ljava/lang/invoke/LambdaForm; 6 [Ljava/lang/invoke/LambdaForm;
staticfield java/lang/invoke/LambdaForm NF_identity [Ljava/lang/invoke/LambdaForm$NamedFunction; 6 [Ljava/lang/invoke/LambdaForm$NamedFunction;
staticfield java/lang/invoke/LambdaForm LF_constant [Ljava/lang/invoke/LambdaForm; 5 [Ljava/lang/invoke/LambdaForm;
staticfield java/lang/invoke/LambdaForm createIdentityFormLock Ljava/lang/Object; java/lang/Object
staticfield java/lang/invoke/LambdaForm DEBUG_NAME_COUNTERS Ljava/util/HashMap; 
staticfield java/lang/invoke/LambdaForm DEBUG_NAMES Ljava/util/HashMap; 
staticfield java/lang/invoke/LambdaForm TRACE_INTERPRETER Z 0
staticfield java/lang/invoke/LambdaForm $assertionsDisabled Z 1
instanceKlass jdk/internal/reflect/DirectMethodHandleAccessor
ciInstanceKlass jdk/internal/reflect/MethodAccessorImpl 1 1 38 10 7 12 1 1 1 10 100 12 1 1 1 100 1 1 1 1 1 1 1 100 1 100 1 1 1 1 1 1 1 1 1 1 1 1 1 1
ciInstanceKlass jdk/internal/reflect/MethodAccessor 1 0 17 100 1 100 1 1 1 1 100 1 100 1 1 1 1 1 1
ciInstanceKlass jdk/internal/reflect/CallerSensitive 1 0 17 100 1 100 1 100 1 1 1 1 1 1 1 1 1 1 1
ciInstanceKlass jdk/internal/reflect/DirectConstructorHandleAccessor$NativeAccessor 0 0 44 10 7 12 1 1 1 9 7 12 1 1 1 10 12 1 1 1 1 1 1 1 1 1 1 1 1 1 1 1 1 1 100 1 100 1 1 1 1 1 100 1 1 1
ciInstanceKlass jdk/internal/reflect/ConstructorAccessor 1 0 16 100 1 100 1 1 1 1 100 1 100 1 100 1 1 1
instanceKlass jdk/internal/reflect/DirectConstructorHandleAccessor
instanceKlass jdk/internal/reflect/DirectConstructorHandleAccessor$NativeAccessor
ciInstanceKlass jdk/internal/reflect/ConstructorAccessorImpl 1 1 27 10 7 12 1 1 1 100 1 100 1 1 1 1 1 1 1 1 1 100 1 100 1 100 1 1 1
ciInstanceKlass jdk/internal/reflect/ConstantPool 1 1 142 10 100 12 1 1 1 9 7 12 1 1 1 10 12 1 1 10 12 1 1 10 12 1 10 12 1 1 10 12 1 1 10 12 1 10 12 1 1 10 12 1 10 12 1 1 10 12 1 10 12 1 10 12 1 10 12 1 1 10 12 1 1 10 12 1 1 10 12 1 1 10 12 1 10 12 1 1 10 100 12 1 1 1 8 11 7 12 1 1 1 10 7 12 1 1 1 1 1 1 1 1 1 1 1 1 1 1 1 1 1 1 1 1 1 1 1 1 1 1 1 1 1 1 1 1 1 1 1 1 1 1 1 1 1 1 1 1 1 1 1 1
instanceKlass java/lang/invoke/VolatileCallSite
instanceKlass java/lang/invoke/MutableCallSite
instanceKlass java/lang/invoke/ConstantCallSite
ciInstanceKlass java/lang/invoke/CallSite 1 1 297 10 7 12 1 1 1 10 7 12 1 1 1 9 12 1 1 10 7 12 1 1 1 10 12 1 100 1 10 12 1 1 10 12 1 1 9 100 12 1 1 1 10 100 12 1 1 10 12 1 1 100 1 100 1 10 10 100 12 1 1 1 10 12 1 1 8 1 10 12 1 10 12 1 1 10 12 1 10 12 1 1 10 12 1 1 10 10 100 12 1 1 10 12 1 1 9 12 1 9 7 12 1 1 1 8 1 10 7 12 1 1 1 10 12 1 1 100 1 10 12 1 1 9 12 1 8 1 7 1 10 12 1 10 12 1 100 1 8 1 10 10 12 1 10 12 1 1 7 1 10 12 1 1 10 12 1 10 12 1 10 12 1 1 10 12 1 1 9 12 1 1 8 10 12 1 1 9 12 1 1 100 1 10 10 12 1 10 7 12 1 1 1 10 12 1 1 10 12 1 1 10 12 1 10 7 12 1 1 1 100 1 8 1 10 10 12 10 12 1 1 100 1 100 1 100 1 8 1 10 12 1 10 7 12 1 1 1 1 1 1 1 1 1 1 1 1 1 1 1 1 1 1 1 1 1 1 1 1 1 1 1 1 1 1 1 1 1 1 1 1 1 1 1 1 1 1 1 1 1 1 1 1 1 1 1 1 1 1 1 1 100 1 100 1 1 1
staticfield java/lang/invoke/CallSite $assertionsDisabled Z 1
ciInstanceKlass java/lang/invoke/ConstantCallSite 1 1 65 10 7 12 1 1 1 9 7 12 1 1 1 9 12 1 1 10 7 12 1 1 1 10 12 1 100 1 10 12 9 12 1 1 100 1 10 10 12 1 1 10 12 1 1 1 1 1 1 1 1 1 1 1 1 1 100 1 1 1 1 1 1 1 1
staticfield java/lang/invoke/ConstantCallSite UNSAFE Ljdk/internal/misc/Unsafe; jdk/internal/misc/Unsafe
instanceKlass java/lang/invoke/DirectMethodHandle$Interface
instanceKlass java/lang/invoke/DirectMethodHandle$Special
instanceKlass java/lang/invoke/DirectMethodHandle$Constructor
instanceKlass java/lang/invoke/DirectMethodHandle$Accessor
instanceKlass java/lang/invoke/DirectMethodHandle$StaticAccessor
ciInstanceKlass java/lang/invoke/DirectMethodHandle 1 1 929 7 1 100 1 7 1 7 1 10 7 12 1 1 1 10 7 12 1 1 1 100 1 10 12 1 10 12 1 1 10 7 12 1 1 10 12 1 1 10 12 1 10 12 1 7 1 10 12 1 1 10 12 1 1 10 12 1 10 12 1 1 10 7 12 1 1 1 10 12 1 9 7 12 1 1 1 100 1 10 9 12 1 1 9 12 1 10 12 1 10 12 1 10 12 1 1 10 12 1 10 12 1 10 12 1 10 7 12 1 1 1 10 12 1 10 12 1 1 8 1 10 12 1 1 7 1 10 12 1 7 1 10 10 12 1 10 12 1 10 12 1 10 7 12 1 1 1 10 12 1 1 7 1 10 12 1 10 12 1 7 1 10 12 1 10 12 1 1 10 12 1 1 10 12 8 10 7 12 1 1 1 10 12 1 10 12 1 10 12 1 1 10 12 1 9 7 12 1 1 1 7 1 10 12 1 10 7 12 1 1 1 10 12 1 10 12 1 1 9 12 1 1 7 1 10 8 1 10 12 1 1 10 12 1 1 8 1 10 12 1 10 12 1 10 10 12 1 10 12 1 10 12 1 10 12 1 10 12 1 1 10 12 1 10 12 1 10 12 1 1 10 10 7 12 1 1 1 10 12 1 10 12 1 1 10 12 1 10 12 1 1 8 1 9 7 12 1 1 1 8 1 9 12 1 9 12 1 8 1 9 12 1 9 12 1 8 1 9 12 1 9 12 1 8 1 10 12 1 10 12 1 1 10 7 12 1 1 1 10 12 1 10 12 1 1 9 12 1 1 7 1 10 12 1 1 100 1 10 7 12 1 1 1 10 12 1 1 10 12 1 1 7 1 10 12 1 1 10 12 1 10 12 1 1 7 1 10 12 1 1 10 12 1 10 12 1 10 12 1 1 10 12 1 9 12 1 1 10 7 1 9 12 1 10 12 1 7 1 7 1 7 1 10 7 12 1 1 1 9 12 1 1 10 7 12 1 1 1 10 7 12 1 1 10 12 10 12 1 7 1 10 12 1 10 12 1 1 8 1 9 12 1 9 12 1 10 12 1 1 9 12 1 1 10 100 12 1 1 1 9 12 1 1 9 12 1 1 10 12 1 10 12 1 10 12 1 10 12 1 1 10 12 1 9 12 1 9 12 1 10 12 1 10 12 1 10 12 1 10 12 1 1 10 12 1 1 9 12 1 1 10 12 1 1 9 7 12 1 1 1 9 12 1 9 12 1 9 12 1 9 12 1 9 12 1 9 12 1 9 12 1 9 12 1 9 12 1 9 12 1 9 12 1 9 12 1 9 12 1 9 12 1 9 12 1 9 12 1 9 12 1 9 12 1 9 12 1 9 12 1 9 12 1 9 12 1 9 12 1 9 12 1 100 1 10 12 1 8 1 8 1 8 1 8 1 8 1 8 1 8 1 8 1 8 1 10 12 1 10 12 1 8 1 8 1 8 1 9 12 1 1 9 12 1 1 10 12 1 10 12 1 1 10 12 1 1 9 7 1 10 12 1 10 12 10 12 1 10 12 1 10 12 1 10 8 1 8 1 8 1 8 1 10 12 1 1 9 12 1 1 10 12 1 10 100 12 1 1 1 8 9 12 1 1 10 12 1 1 8 1 8 8 9 12 1 8 1 8 8 8 8 8 1 8 10 12 1 7 1 10 12 1 8 1 8 1 10 12 1 10 12 1 10 12 1 9 12 1 10 12 1 1 7 1 1 1 1 3 1 3 1 3 1 3 1 3 1 3 1 3 1 3 1 1 1 1 1 1 1 1 1 1 3 1 3 1 3 1 1 3 1 3 1 1 1 1 1 1 1 1 1 1 1 1 1 1 1 1 1 1 1 1 1 1 1 1 1 1 1 1 1 1 1 1 1 1 1 1 1 1 1 1 1 1 1 1 1 1 1 1 1 1 1 1 1 1 1 1 1 1 1 1 1 1 100 1 1 1 1 1 1 1 1 1 100 1 1 1 1 1 1 1 1 1 1 1 1 1 1 1 1 1 1 1 1 1 1 1 1 1 1 1 1 1 1 1 1 1 1 1 1 1 1 1 1 1 1 1 1 1 1 1 1 1 1 1 1 1
staticfield java/lang/invoke/DirectMethodHandle IMPL_NAMES Ljava/lang/invoke/MemberName$Factory; java/lang/invoke/MemberName$Factory
staticfield java/lang/invoke/DirectMethodHandle FT_UNCHECKED_REF I 8
staticfield java/lang/invoke/DirectMethodHandle FT_CHECKED_REF I 9
staticfield java/lang/invoke/DirectMethodHandle ACCESSOR_FORMS [Ljava/lang/invoke/LambdaForm; 120 [Ljava/lang/invoke/LambdaForm;
staticfield java/lang/invoke/DirectMethodHandle ALL_WRAPPERS [Lsun/invoke/util/Wrapper; 10 [Lsun/invoke/util/Wrapper;
staticfield java/lang/invoke/DirectMethodHandle NFS [Ljava/lang/invoke/LambdaForm$NamedFunction; 12 [Ljava/lang/invoke/LambdaForm$NamedFunction;
staticfield java/lang/invoke/DirectMethodHandle OBJ_OBJ_TYPE Ljava/lang/invoke/MethodType; java/lang/invoke/MethodType
staticfield java/lang/invoke/DirectMethodHandle LONG_OBJ_TYPE Ljava/lang/invoke/MethodType; java/lang/invoke/MethodType
staticfield java/lang/invoke/DirectMethodHandle $assertionsDisabled Z 1
ciInstanceKlass java/lang/invoke/DirectMethodHandle$StaticAccessor 1 1 96 10 7 12 1 1 1 10 7 12 1 1 1 9 7 12 1 1 1 9 12 1 1 9 12 1 1 10 7 12 1 1 1 9 12 1 1 9 12 1 1 10 12 1 9 12 1 10 12 1 1 100 1 10 12 1 9 12 1 1 10 12 1 1 10 12 1 1 1 1 1 1 1 1 1 1 1 1 1 1 1 1 1 1 1 1 1 1 1 1 1 1 1 1 1 1
staticfield java/lang/invoke/DirectMethodHandle$StaticAccessor $assertionsDisabled Z 1
ciInstanceKlass java/lang/invoke/DirectMethodHandle$Accessor 1 1 93 10 7 12 1 1 1 10 7 12 1 1 1 9 7 12 1 1 1 9 12 1 1 10 7 12 1 1 1 9 12 1 1 9 12 1 1 10 12 1 9 12 1 10 12 1 1 100 1 10 12 1 9 12 1 1 10 12 1 1 10 12 1 1 1 1 1 1 1 1 1 1 1 1 1 1 1 1 1 1 1 1 1 1 1 1 1 1 1 1 1 1 1
staticfield java/lang/invoke/DirectMethodHandle$Accessor $assertionsDisabled Z 1
ciInstanceKlass java/lang/invoke/MutableCallSite 1 1 61 10 7 12 1 1 1 10 12 1 9 7 12 1 1 1 10 12 1 10 12 1 1 9 100 12 1 1 1 10 100 12 1 1 1 10 100 12 1 1 1 1 1 1 1 1 1 1 1 1 1 1 1 1 1 1 1 1 100 1 1
ciInstanceKlass java/lang/invoke/VolatileCallSite 0 0 37 10 100 12 1 1 1 10 12 1 10 100 12 1 1 1 10 12 1 10 12 1 1 1 1 1 1 1 1 1 1 1 1 1 1 1 1
instanceKlass java/lang/invoke/LazyInitializingVarHandle
instanceKlass java/lang/invoke/VarHandleReferences$FieldStaticReadOnly
instanceKlass java/lang/invoke/IndirectVarHandle
instanceKlass java/lang/invoke/SegmentVarHandle
instanceKlass java/lang/invoke/VarHandleByteArrayAsDoubles$ByteArrayViewVarHandle
instanceKlass java/lang/invoke/VarHandleByteArrayAsFloats$ByteArrayViewVarHandle
instanceKlass java/lang/invoke/VarHandleByteArrayAsChars$ByteArrayViewVarHandle
instanceKlass java/lang/invoke/VarHandleByteArrayAsShorts$ByteArrayViewVarHandle
instanceKlass java/lang/invoke/VarHandleBooleans$FieldInstanceReadOnly
instanceKlass java/lang/invoke/VarHandleInts$FieldInstanceReadOnly
instanceKlass java/lang/invoke/VarHandleLongs$FieldInstanceReadOnly
instanceKlass java/lang/invoke/VarHandleReferences$FieldInstanceReadOnly
instanceKlass java/lang/invoke/VarHandleReferences$Array
instanceKlass java/lang/invoke/VarHandleByteArrayAsInts$ByteArrayViewVarHandle
instanceKlass java/lang/invoke/VarHandleByteArrayAsLongs$ByteArrayViewVarHandle
ciInstanceKlass java/lang/invoke/VarHandle 1 1 474 10 7 12 1 1 1 10 7 12 1 1 9 12 1 1 9 12 1 1 10 12 1 1 8 1 10 12 1 1 10 7 12 1 1 1 10 12 1 1 10 100 12 1 1 1 9 7 12 1 1 1 10 12 1 1 10 7 12 1 1 1 10 12 1 1 9 12 1 10 12 1 9 12 1 1 10 7 12 1 1 10 12 1 9 7 12 1 1 1 9 12 1 1 10 12 1 1 100 1 100 1 10 8 1 10 12 1 1 10 12 1 8 1 10 12 1 10 12 1 9 12 1 1 9 12 1 10 12 1 10 12 1 1 10 12 1 10 10 100 12 1 1 1 10 12 1 1 10 12 1 1 10 100 12 1 1 1 10 100 12 1 1 1 10 100 12 1 1 1 9 12 1 1 9 10 12 1 10 12 1 1 10 12 1 1 10 12 1 10 100 12 1 1 1 9 12 1 1 10 12 1 1 9 12 1 10 12 1 10 12 1 10 100 12 1 1 100 1 10 9 7 12 1 1 1 9 12 1 1 10 7 12 1 1 1 10 12 1 10 12 1 10 12 1 10 12 1 10 12 1 10 12 1 1 8 10 12 1 1 7 1 10 12 1 1 100 1 1 1 1 1 1 1 1 1 1 1 1 1 1 1 1 1 1 1 1 1 1 1 1 1 1 1 1 1 1 1 1 1 1 1 1 1 1 1 1 1 1 1 1 1 1 1 1 1 1 1 1 1 1 1 1 1 1 1 1 1 1 1 1 1 100 1 1 1 1 1 1 1 1 100 1 1 1 1 1 1 1 1 1 1 1 1 100 1 100 1 1 100 1 100 1 100 1 100 1 100 1 100 1 100 1 100 1 100 1 100 1 100 1 100 1 100 1 100 1 100 1 100 1 100 1 100 1 100 1 100 1 100 1 100 1 100 1 100 1 100 1 100 1 100 1 100 1 100 1 100 1 100 1 100 1 100 1 100 1 100 1 100 1 1 1 1 1 1 100 1 1 1 100 1 1 100 1 100 1 100 1 100 1 100 1 100 1 1 1 1 100 1 100 1 100 1 100 1 100 1 100 1 100 1 100 1
staticfield java/lang/invoke/VarHandle VFORM_OFFSET J 16
staticfield java/lang/invoke/VarHandle $assertionsDisabled Z 1
ciInstanceKlass java/lang/invoke/MemberName 1 1 730 7 1 7 1 100 1 9 12 1 1 10 7 12 1 1 1 9 12 1 1 10 12 1 1 10 12 1 1 10 12 1 1 10 12 1 10 12 1 1 10 7 12 1 1 1 10 12 1 9 7 12 1 1 10 12 1 100 1 7 1 10 12 1 8 1 10 12 1 1 10 12 1 10 12 1 1 10 12 1 9 12 1 1 8 1 10 100 12 1 1 1 7 1 10 10 12 1 1 7 1 7 1 10 12 1 9 12 1 1 100 1 8 1 10 12 1 10 12 1 10 12 1 10 12 1 10 12 1 1 10 12 1 10 12 1 10 12 1 1 8 1 8 1 10 12 1 8 1 9 12 1 1 3 10 12 1 10 12 1 10 12 1 10 10 7 12 1 1 1 10 12 1 10 12 1 10 12 1 10 12 1 7 1 8 10 12 1 1 10 12 1 1 8 1 9 100 1 8 9 100 1 10 12 1 1 10 12 1 10 12 1 8 1 10 12 1 1 10 12 1 10 12 1 10 12 1 10 12 1 1 100 1 10 12 1 1 10 12 1 8 1 10 12 1 10 12 1 8 1 10 12 1 1 10 12 1 1 7 1 10 12 1 1 10 12 8 1 8 1 100 1 10 12 1 10 100 12 1 1 1 100 1 10 12 10 12 1 10 12 1 10 12 1 10 12 1 10 10 12 1 10 12 1 10 12 1 3 10 12 1 3 10 12 1 3 3 3 3 3 3 10 12 1 3 9 12 1 10 12 1 1 3 10 12 1 10 10 7 12 1 1 1 10 12 1 1 10 7 12 1 1 10 10 12 1 10 12 1 1 10 12 1 10 10 12 1 1 10 12 1 10 12 1 10 12 1 100 1 10 10 10 12 100 1 10 10 10 12 1 1 10 12 1 1 10 10 12 1 8 10 7 1 10 12 1 10 7 1 10 12 1 10 12 1 10 12 1 10 10 12 1 10 12 1 1 10 12 1 1 10 12 1 10 12 1 10 12 1 100 1 10 12 1 1 100 1 8 1 10 7 1 10 12 1 10 12 10 12 1 1 10 12 1 10 12 1 8 1 8 1 8 1 8 1 10 12 1 10 12 1 10 7 12 1 1 1 8 1 8 1 10 12 1 8 1 10 10 10 12 1 10 12 1 8 1 8 1 10 10 12 1 8 1 10 100 12 1 1 1 8 1 100 1 10 12 1 10 12 1 1 10 12 1 8 1 8 1 8 1 8 1 100 1 10 8 1 8 1 8 1 8 1 10 12 1 7 1 100 1 7 1 10 100 1 10 7 1 10 7 12 1 1 1 9 7 12 1 1 1 100 1 100 1 1 1 1 1 1 1 3 1 3 1 3 1 3 1 3 1 3 1 1 1 1 1 1 1 1 3 1 3 1 1 1 1 1 1 1 1 1 1 1 1 1 1 1 1 1 1 1 1 1 1 1 1 100 1 1 1 1 1 1 1 1 1 1 1 1 1 1 1 1 1 1 1 1 1 1 1 1 1 1 1 1 1 1 1 1 1 1 1 1 1 1 1 1 1 1 1 1 1 1 1 1 1 1 1 1 1 1 1 1 1 1 1 1 1 1 1 1 1 1 1 1 1 1 1 1 1 1 1 1 100 1 1 1 1 1 1 1 1 1 1 1 1 1 1 1 1
staticfield java/lang/invoke/MemberName $assertionsDisabled Z 1
ciInstanceKlass java/lang/invoke/ResolvedMethodName 1 1 25 10 100 12 1 1 1 9 7 12 1 1 1 1 1 1 1 1 1 1 1 1 1 1 1
ciInstanceKlass java/lang/invoke/MethodHandleNatives 1 1 689 100 1 10 7 12 1 1 1 9 7 12 1 1 1 10 12 1 1 100 1 10 10 12 1 1 10 12 1 10 12 1 8 1 8 1 8 1 8 1 8 1 8 1 8 1 8 1 8 1 8 1 10 12 1 1 7 1 10 7 12 1 1 1 10 100 12 1 1 1 7 1 10 10 12 1 1 8 1 10 12 1 8 1 10 12 1 1 8 1 10 12 1 1 9 100 12 1 1 1 8 1 10 100 12 1 1 1 100 1 10 12 100 1 100 1 8 1 7 1 10 10 12 1 7 1 9 7 12 1 1 10 12 1 1 10 12 1 10 7 12 1 1 1 10 12 1 1 9 12 1 8 1 10 12 1 1 10 12 1 8 1 10 12 1 1 7 1 10 12 1 10 7 12 1 1 1 10 12 1 10 12 1 1 10 12 1 1 8 1 10 12 1 1 8 1 10 12 1 8 1 8 1 8 1 100 1 10 12 1 8 1 10 100 12 1 1 1 10 12 1 1 10 100 12 1 1 10 10 12 1 1 10 12 1 10 100 12 1 1 1 100 1 8 1 10 100 12 1 1 1 7 1 8 1 10 12 1 8 1 8 1 8 1 8 1 8 1 10 12 1 1 10 12 1 1 10 12 1 10 12 1 1 10 12 1 1 7 1 10 12 1 100 1 100 1 10 12 1 10 12 1 8 1 8 1 10 10 12 1 1 10 12 1 1 8 1 10 100 12 1 1 8 1 8 1 10 12 1 1 10 7 12 1 1 1 100 1 10 12 1 1 7 1 9 12 1 1 10 7 12 1 1 1 10 10 12 1 9 12 1 10 12 1 9 12 1 9 12 1 10 12 1 1 10 12 1 10 12 1 1 7 1 7 1 10 12 1 1 10 12 1 10 12 1 1 10 7 12 1 1 1 10 12 1 8 1 10 12 1 10 12 1 10 12 1 1 10 12 1 10 7 12 1 1 1 10 12 1 1 100 1 8 1 10 9 7 12 1 1 1 10 12 1 1 10 12 1 1 100 1 10 12 1 1 10 12 1 1 100 1 100 1 10 10 100 1 100 1 10 100 1 10 10 12 1 1 10 100 1 10 12 1 10 12 1 1 10 12 1 1 10 12 1 1 10 12 1 10 12 1 1 10 8 1 10 12 1 10 12 1 10 12 1 10 12 1 10 12 1 1 10 12 1 10 12 1 10 12 1 10 10 7 12 1 1 10 12 1 1 1 1 1 1 1 1 1 1 1 1 1 100 1 1 1 1 1 1 1 1 1 1 1 1 1 1 1 1 1 1 1 1 1 1 1 1 1 1 1 1 1 1 1 1 1 1 1 1 1 1 1 1 1 1 1 1 1 1 1 1 1 1 1 1 1 1 1 1 1 1 1 1 1 1 1 100 1 1 1 1 1 1 1 1 1 1 1 1 1 1 1 1 1 1 1 1 1 1 1 1 1 1 1 1 1 1 1 1 1 1 1 100 1 1 1 1 1 1 1 1 1 1 1 1 1 1 1 1 1 1 1 1 1 1 1 1 1 1 1 1 1 1 1 1 1 1 100 1 1
staticfield java/lang/invoke/MethodHandleNatives $assertionsDisabled Z 1
ciInstanceKlass jdk/internal/foreign/abi/NativeEntryPoint 0 0 223 10 100 12 1 1 1 9 100 12 1 1 1 9 12 1 1 100 1 8 1 10 12 1 10 12 1 1 100 1 10 100 12 1 1 1 10 12 1 9 12 1 1 18 12 1 1 10 100 12 1 1 1 9 100 12 1 1 1 8 1 10 12 1 1 8 1 8 1 8 1 8 1 10 100 12 1 1 1 100 1 10 10 12 1 1 8 1 10 12 1 8 1 10 12 1 10 12 1 1 10 12 1 1 100 1 8 1 10 12 1 10 12 1 1 100 1 8 1 10 10 12 1 9 12 1 1 18 12 1 1 10 100 12 1 1 1 10 12 1 1 10 12 1 10 100 12 1 1 1 10 1 1 1 1 1 1 1 1 1 1 1 1 1 1 1 1 1 1 1 1 1 1 1 1 1 1 1 1 1 1 1 1 1 1 1 1 1 1 1 1 1 1 1 1 16 1 15 10 12 16 1 16 15 10 12 15 10 100 12 1 1 1 1 1 100 1 1 100 1 100 1 1
ciInstanceKlass jdk/internal/foreign/abi/ABIDescriptor 0 0 55 10 100 12 1 1 1 9 100 12 1 1 1 9 12 1 1 9 12 1 9 12 1 9 12 1 1 9 12 1 9 12 1 1 9 12 1 9 12 1 9 12 1 9 12 1 1 1 1 1 1 1 1 1 1
ciInstanceKlass jdk/internal/foreign/abi/VMStorage 0 0 111 10 100 12 1 1 1 9 100 12 1 1 1 9 12 1 1 9 12 1 1 9 12 1 1 100 1 10 8 1 10 12 1 1 10 12 1 10 12 1 1 10 12 1 100 1 10 100 12 1 1 1 10 100 12 1 1 10 100 12 1 1 10 100 12 1 1 1 18 12 1 1 1 1 1 1 1 1 1 1 1 1 1 1 1 1 1 1 1 1 1 1 8 1 15 15 15 15 15 10 100 12 1 1 1 1 100 1 100 1 1
ciInstanceKlass jdk/internal/foreign/abi/UpcallLinker$CallRegs 0 0 66 10 100 12 1 1 1 9 100 12 1 1 1 9 12 1 18 12 1 1 18 12 1 1 18 12 1 1 1 1 1 1 1 1 1 1 1 1 1 1 1 1 1 1 100 1 1 1 8 1 15 15 15 10 100 12 1 1 1 1 1 100 1 100 1 1
instanceKlass java/lang/StackFrameInfo
ciInstanceKlass java/lang/ClassFrameInfo 1 1 126 10 7 12 1 1 1 9 7 12 1 1 1 7 1 3 9 12 1 1 9 12 1 1 100 1 9 12 1 1 3 11 100 12 1 1 1 11 12 1 10 12 1 1 10 12 1 1 10 12 1 100 1 10 10 12 1 1 8 1 8 1 10 12 100 1 10 10 12 1 1 8 1 10 12 1 8 1 10 12 8 1 10 12 1 10 7 12 1 1 1 100 1 1 1 1 1 1 1 1 1 1 1 1 1 1 1 1 1 1 1 1 1 1 1 1 1 1 1 100 1 1 1 1 1 1
staticfield java/lang/ClassFrameInfo JLIA Ljdk/internal/access/JavaLangInvokeAccess; java/lang/invoke/MethodHandleImpl$1
ciInstanceKlass java/lang/StackWalker$StackFrame 1 1 41 100 1 10 12 1 1 100 1 100 1 1 1 1 1 1 1 1 1 1 1 1 1 1 1 1 1 1 1 1 1 1 1 1 1 1 1 100 1 1 1
ciInstanceKlass java/lang/StackWalker 1 1 236 9 7 12 1 1 1 10 7 12 1 1 1 7 1 10 7 12 1 1 1 10 12 1 1 11 7 12 1 1 1 10 12 1 1 10 12 1 1 100 1 8 1 10 12 1 10 12 1 10 12 1 10 7 12 1 1 9 12 1 1 9 12 1 1 9 12 1 1 9 12 1 1 10 12 1 1 9 12 1 1 9 12 1 1 9 12 1 1 9 12 1 1 10 12 1 1 10 7 12 1 1 1 10 7 12 1 1 1 18 12 1 1 100 1 8 1 10 8 1 10 12 1 1 10 100 12 1 1 1 10 12 1 1 10 12 1 11 12 1 1 9 7 12 1 1 11 100 12 1 1 1 10 12 1 1 1 1 1 1 1 1 1 1 1 1 1 1 1 1 1 1 1 1 1 1 1 1 1 1 1 1 1 1 1 1 1 1 1 1 1 1 1 1 1 1 1 1 1 1 1 1 1 1 1 1 1 1 1 100 1 1 16 15 10 12 16 1 15 10 100 12 1 1 1 1 1 1 1 1 1 100 1 100 1 1
staticfield java/lang/StackWalker DEFAULT_EMPTY_OPTION Ljava/util/EnumSet; java/util/RegularEnumSet
staticfield java/lang/StackWalker DEFAULT_WALKER Ljava/lang/StackWalker; java/lang/StackWalker
instanceKlass java/lang/LiveStackFrameInfo
ciInstanceKlass java/lang/StackFrameInfo 1 1 150 10 7 12 1 1 1 9 7 12 1 1 1 9 12 1 1 11 7 12 1 1 1 10 12 1 1 10 7 12 1 1 1 9 12 1 1 10 12 1 1 9 12 1 1 100 1 10 12 10 12 1 9 12 1 100 1 100 1 10 12 1 1 11 12 1 1 10 12 1 10 12 1 10 12 1 1 9 12 1 1 10 12 1 1 10 100 12 1 1 10 12 1 1 9 12 1 10 100 12 1 1 1 9 12 1 1 10 100 1 10 12 1 9 12 1 1 10 12 1 1 10 12 1 1 1 1 1 1 1 1 1 1 1 1 1 1 1 1 100 1 100 1 1 1 1 1 1 1 1
staticfield java/lang/StackFrameInfo $assertionsDisabled Z 1
ciInstanceKlass java/lang/LiveStackFrameInfo 0 0 97 10 100 12 1 1 1 9 100 12 1 1 1 9 12 1 9 12 1 9 12 1 9 12 1 1 100 1 10 12 1 1 10 12 1 8 1 10 12 1 1 8 1 8 1 8 1 10 100 1 10 12 1 100 1 10 12 1 100 1 100 1 1 1 3 1 3 1 1 1 1 1 1 1 1 1 1 1 1 1 1 1 1 1 1 1 1 1 1 1 1 1 1 1 100 1 1
ciInstanceKlass java/lang/LiveStackFrame 0 0 112 100 1 10 100 12 1 1 1 11 100 12 1 1 1 11 12 1 9 100 12 1 1 1 10 100 12 1 1 1 10 100 12 1 1 1 11 12 1 10 12 1 100 1 100 1 1 1 1 1 1 1 1 1 1 1 1 1 1 1 1 1 1 1 1 1 1 1 1 1 100 1 1 1 1 1 1 1 100 1 8 1 1 12 10 1 1 1 8 1 1 1 8 1 1 1 8 1 1 1 8 1 1 8 1 1 1 8 1 1 8 1
instanceKlass java/lang/StackStreamFactory$StackFrameTraverser
ciInstanceKlass java/lang/StackStreamFactory$AbstractStackWalker 1 1 364 7 1 100 1 3 10 7 12 1 1 1 10 7 12 1 1 10 7 12 1 1 1 9 12 1 1 9 12 1 1 9 12 1 1 9 12 1 9 12 1 10 7 12 1 1 1 10 12 1 1 10 100 12 1 1 9 12 1 1 9 12 1 1 10 12 1 1 9 12 1 1 10 7 12 1 1 1 10 12 1 1 9 12 1 1 9 100 12 1 1 1 100 1 10 8 1 10 12 1 1 10 12 1 8 1 10 12 1 1 10 100 12 1 1 1 100 1 8 1 10 12 1 8 1 10 12 10 7 12 1 1 9 12 1 1 8 1 5 0 8 1 8 1 9 12 1 1 10 12 1 1 18 12 1 1 10 100 12 1 1 1 10 12 1 1 10 12 1 10 12 1 9 7 12 1 1 1 10 12 1 1 9 12 1 10 12 1 10 12 1 10 12 1 10 12 1 10 12 1 10 12 1 1 8 1 10 12 1 10 12 1 10 12 1 10 12 1 1 8 1 10 12 1 1 10 12 1 1 10 12 1 1 10 12 1 10 12 1 10 12 1 9 12 1 8 1 10 12 1 8 1 10 12 1 10 12 1 1 10 12 1 10 12 1 10 12 1 1 10 12 1 10 12 1 10 12 1 10 12 1 10 12 1 10 12 1 1 10 12 1 10 12 1 10 12 1 10 12 1 8 1 1 1 1 1 1 1 1 1 1 1 1 1 100 1 1 1 1 1 1 100 1 1 1 1 100 1 1 1 1 1 1 1 1 1 1 1 1 1 1 1 1 1 1 16 15 15 10 100 12 1 1 1 1 1 1 1 1 100 1 100 1 1
ciInstanceKlass jdk/internal/module/Modules 1 1 481 10 100 12 1 1 1 9 7 12 1 1 1 11 7 12 1 1 1 11 12 1 1 11 12 1 1 11 12 1 1 11 12 1 11 12 1 11 12 1 11 12 1 11 12 1 11 12 1 1 10 100 12 1 1 1 10 12 1 1 10 100 12 1 1 10 100 12 1 1 1 10 100 12 1 1 10 12 1 1 11 12 1 9 12 1 1 11 100 12 1 1 1 10 12 1 1 10 10 12 1 10 100 1 9 12 1 1 10 100 12 1 1 10 12 1 1 10 100 12 1 1 1 100 1 11 100 12 1 1 1 10 100 12 1 1 1 11 100 12 1 1 10 12 1 1 10 100 12 1 1 10 100 12 1 1 1 10 12 1 1 10 12 1 1 11 12 1 1 18 12 1 1 11 100 12 1 1 10 100 12 1 1 1 11 100 12 1 1 1 100 1 11 12 1 1 11 100 12 1 1 1 11 12 1 1 10 12 1 1 10 100 12 1 1 18 12 1 1 11 12 1 1 18 12 1 1 11 12 1 1 10 12 1 18 18 10 12 1 1 9 12 1 1 11 100 12 1 1 1 100 1 10 11 12 1 11 12 1 1 10 100 1 10 12 1 1 10 100 12 1 1 10 12 1 1 11 12 10 12 1 1 100 1 10 18 12 1 10 12 1 1 100 1 8 1 10 12 1 10 100 12 1 1 18 12 1 11 11 12 10 12 1 10 10 100 1 18 12 1 10 10 10 7 12 1 1 10 7 12 1 1 1 10 12 1 1 1 1 1 1 1 1 1 1 1 1 1 1 1 1 1 1 1 1 1 1 1 1 1 1 1 1 1 1 1 1 1 1 1 1 1 1 1 1 1 1 1 1 1 1 1 1 1 1 1 1 1 1 1 1 1 1 1 1 1 1 1 1 100 1 1 1 1 1 1 1 1 1 1 1 1 1 1 1 1 1 1 1 1 1 1 1 16 15 10 12 1 16 1 16 1 15 10 12 1 16 1 16 1 15 10 12 16 1 15 10 16 1 15 10 12 16 1 16 15 10 12 16 15 10 12 16 15 10 12 15 10 100 12 1 1 1 1 1 1 100 1 100 1 1
staticfield jdk/internal/module/Modules JLA Ljdk/internal/access/JavaLangAccess; java/lang/System$1
staticfield jdk/internal/module/Modules JLMA Ljdk/internal/access/JavaLangModuleAccess; java/lang/module/ModuleDescriptor$1
staticfield jdk/internal/module/Modules $assertionsDisabled Z 1
ciInstanceKlass jdk/internal/loader/ClassLoaders 1 1 185 10 100 12 1 1 1 10 7 12 1 1 1 10 12 1 1 10 100 12 1 1 1 9 7 12 1 1 1 9 12 1 1 9 12 1 1 7 1 11 100 12 1 1 1 100 1 11 12 1 1 11 12 1 1 10 100 12 1 1 1 10 100 12 1 1 1 100 1 100 1 10 7 12 1 1 1 9 12 1 1 8 1 10 7 12 1 1 1 10 12 1 1 7 1 10 12 1 10 12 1 1 7 1 10 12 1 1 10 12 1 1 10 12 1 7 1 10 12 10 12 1 8 1 10 7 12 1 1 8 1 8 1 10 12 1 7 1 10 10 12 1 10 12 1 1 1 1 1 1 1 1 1 1 1 1 1 1 1 1 1 1 1 1 100 1 1 1 1 1 1 1 1 1 1 1 1 1 1 1 1 1 1 1 1
staticfield jdk/internal/loader/ClassLoaders JLA Ljdk/internal/access/JavaLangAccess; java/lang/System$1
staticfield jdk/internal/loader/ClassLoaders BOOT_LOADER Ljdk/internal/loader/ClassLoaders$BootClassLoader; jdk/internal/loader/ClassLoaders$BootClassLoader
staticfield jdk/internal/loader/ClassLoaders PLATFORM_LOADER Ljdk/internal/loader/ClassLoaders$PlatformClassLoader; jdk/internal/loader/ClassLoaders$PlatformClassLoader
staticfield jdk/internal/loader/ClassLoaders APP_LOADER Ljdk/internal/loader/ClassLoaders$AppClassLoader; jdk/internal/loader/ClassLoaders$AppClassLoader
ciInstanceKlass java/util/ArrayList 1 1 514 10 7 12 1 1 1 7 1 9 7 12 1 1 1 9 12 1 100 1 100 1 10 8 1 10 12 1 1 10 12 1 10 12 1 1 10 12 1 9 12 1 11 7 12 1 1 1 9 12 1 1 11 12 1 1 7 10 7 12 1 1 1 9 12 1 10 12 1 10 12 1 1 10 7 12 1 1 1 10 7 12 1 1 1 10 12 1 1 10 12 1 1 10 12 1 1 10 12 1 10 12 1 1 100 1 100 1 10 12 1 10 10 7 12 1 1 1 10 7 12 1 1 10 12 1 100 1 10 10 12 10 12 1 1 10 12 1 1 10 12 1 10 12 10 12 1 1 100 1 10 12 1 1 10 12 1 1 10 12 1 100 1 10 11 12 1 1 11 100 12 1 1 1 11 12 1 10 12 1 10 12 1 10 12 1 1 100 1 10 12 1 1 10 10 12 1 1 10 12 1 8 1 8 1 8 1 8 1 10 12 1 1 10 12 1 1 11 12 1 100 1 10 100 12 1 1 10 12 1 10 12 1 1 10 100 12 1 1 10 12 1 10 100 12 1 1 1 11 100 12 1 1 1 10 12 1 100 1 8 1 10 100 1 10 12 1 7 1 10 12 1 10 12 1 1 7 1 10 12 1 10 12 1 1 11 7 12 1 1 7 1 10 12 1 10 12 1 1 11 100 12 1 1 10 12 1 1 10 12 1 1 10 12 1 1 10 12 1 1 11 100 12 1 1 10 12 1 1 10 12 1 1 100 1 100 1 100 1 1 1 1 5 0 1 3 1 1 1 1 1 1 1 1 1 1 1 1 1 1 1 1 1 1 1 1 1 1 1 1 1 1 1 1 1 1 1 1 1 1 1 1 1 1 1 1 1 1 1 1 1 1 1 1 1 1 1 1 1 1 1 1 1 1 1 1 1 1 1 1 1 1 1 1 1 1 1 1 1 1 1 1 1 1 1 1 1 1 1 1 1 1 1 1 1 1 1 1 1 1 1 1 1 1 1 1 1 1 1 1 100 1 1 1 1 100 1 1 1 1 1 1 1 1 1 1 1 1 1 1 1 1 1 1 1 1 1 1 1 1 1 1 1 1 1 100 1 1 1 1 1 1 1 1 1 1 1 1 1 1 1 1 1 1 1 100 1 100 1 1 1 1 1 1
staticfield java/util/ArrayList EMPTY_ELEMENTDATA [Ljava/lang/Object; 0 [Ljava/lang/Object;
staticfield java/util/ArrayList DEFAULTCAPACITY_EMPTY_ELEMENTDATA [Ljava/lang/Object; 0 [Ljava/lang/Object;
ciInstanceKlass java/util/List 1 1 251 10 100 12 1 1 1 11 100 12 1 1 1 11 100 12 1 1 1 11 12 1 1 11 100 12 1 1 11 12 1 1 11 12 1 1 10 100 12 1 1 1 7 1 7 1 10 12 1 1 100 1 10 100 12 1 1 1 11 12 1 1 11 12 1 11 12 1 100 1 10 12 1 11 12 1 1 11 12 1 1 11 12 1 10 100 12 1 1 1 9 7 12 1 1 1 7 1 10 12 10 12 1 7 1 10 12 1 1 10 12 1 10 12 1 1 11 12 1 1 100 1 1 1 1 1 1 1 1 1 1 1 1 1 1 1 1 1 1 1 1 1 1 1 1 1 1 1 1 1 1 1 1 1 1 1 1 1 1 1 1 1 1 1 1 100 1 100 1 1 1 1 1 1 1 1 1 1 1 1 1 1 1 1 1 1 1 1 1 1 1 1 1 1 1 1 1 1 1 1 1 1 1 1 1 1 1 1 1 1 1 1 1 1 1 1 1 1 1 1 1 1 1 1 1 1 1 1 1 1 1 1 1 1 1 1 1 1 1 1 1 1 1 1 100 1 1 100 1 1 1
ciInstanceKlass java/util/SequencedCollection 1 1 104 100 1 10 12 1 1 11 100 12 1 1 1 11 100 12 1 1 1 11 12 1 1 11 12 1 100 1 100 1 1 1 1 1 1 1 1 1 1 1 1 1 1 1 1 1 1 1 1 1 1 1 1 1 1 1 1 1 100 1 8 1 12 10 1 1 8 1 1 1 8 1 1 8 1 1 1 8 1 1 8 1 1 1 8 1 1 8 1 8 1 1 8 1 1 1 8 1 1 8 1 1 8 1
ciInstanceKlass java/lang/Iterable 1 1 62 10 7 12 1 1 1 11 7 12 1 1 1 11 7 12 1 1 1 11 12 1 1 11 7 12 1 1 1 10 100 12 1 1 1 100 1 1 1 1 1 1 1 1 1 1 1 1 1 1 1 1 1 1 1 1 1 1 1 1 1 1
ciInstanceKlass java/util/RandomAccess 1 0 7 100 1 100 1 1 1
instanceKlass it/unimi/dsi/fastutil/ints/AbstractIntCollection
instanceKlass com/intellij/util/containers/UnsafeWeakList
instanceKlass it/unimi/dsi/fastutil/objects/AbstractReferenceCollection
instanceKlass java/util/HashMap$Values
instanceKlass java/util/concurrent/ConcurrentLinkedDeque
instanceKlass java/util/LinkedHashMap$LinkedValues
instanceKlass com/intellij/util/containers/ImmutableList
instanceKlass it/unimi/dsi/fastutil/objects/AbstractObjectCollection
instanceKlass java/util/IdentityHashMap$Values
instanceKlass java/util/AbstractQueue
instanceKlass java/util/ArrayDeque
instanceKlass java/util/AbstractSet
instanceKlass java/util/ImmutableCollections$AbstractImmutableCollection
instanceKlass java/util/AbstractList
ciInstanceKlass java/util/AbstractCollection 1 1 160 10 7 12 1 1 1 10 7 12 1 1 1 10 12 1 1 11 7 12 1 1 1 11 12 1 1 10 12 1 1 10 100 12 1 1 1 10 12 1 1 10 12 1 1 10 7 12 1 1 10 7 12 1 1 1 7 1 10 100 12 1 1 1 10 100 12 1 1 1 100 1 10 11 12 1 11 7 1 10 12 1 10 12 1 10 100 12 1 1 1 11 8 1 7 1 10 10 12 1 1 8 1 10 12 1 10 12 1 1 1 1 1 1 1 1 1 1 1 1 1 1 1 1 1 1 1 1 1 1 1 1 1 1 1 1 1 1 1 1 1 1 1 1 1 1 1 1 1 1 1 1 1 1 1 1 1 1 1 1
instanceKlass com/intellij/util/SmartList
instanceKlass com/intellij/util/containers/DisposableWrapperList
instanceKlass java/util/Collections$CopiesList
instanceKlass java/util/Collections$SingletonList
instanceKlass kotlin/collections/AbstractMutableList
instanceKlass java/util/AbstractSequentialList
instanceKlass sun/security/jca/ProviderList$2
instanceKlass java/util/Vector
instanceKlass java/util/Arrays$ArrayList
instanceKlass java/util/ArrayList$SubList
instanceKlass java/util/Collections$EmptyList
instanceKlass java/util/ArrayList
ciInstanceKlass java/util/AbstractList 1 1 218 10 7 12 1 1 1 9 7 12 1 1 1 10 12 1 1 10 12 1 1 100 1 10 10 12 1 1 11 100 12 1 1 1 11 12 1 1 11 12 1 10 100 12 1 1 1 10 12 1 11 12 1 11 12 1 11 12 1 10 12 1 1 10 12 1 1 11 100 12 1 1 1 11 100 1 11 7 1 10 12 1 7 1 10 12 1 10 12 1 1 100 1 100 1 10 12 1 100 1 10 100 1 100 1 10 8 1 10 12 1 1 10 12 1 10 12 1 1 10 12 1 8 1 100 1 8 1 8 1 8 1 10 100 1 11 10 10 12 1 11 12 1 10 12 1 1 8 1 8 1 1 1 1 1 1 1 1 1 1 1 1 1 1 1 1 1 1 1 1 1 1 1 1 1 1 1 1 1 1 1 1 1 1 1 1 1 1 1 1 1 1 1 1 1 1 1 1 1 1 1 1 1 1 1 1 1 1 100 1 100 1 1 1 1 1 1 1
ciInstanceKlass jdk/internal/misc/CDSPreloadHelper 0 0 32 10 100 12 1 1 1 100 1 8 1 10 12 1 10 12 1 1 100 1 1 1 1 1 1 1 1 1 1 1 1 1
ciInstanceKlass java/util/Comparator 1 1 288 10 100 12 1 1 1 10 7 12 1 1 1 18 12 1 1 7 1 7 1 11 12 1 1 11 12 1 11 12 1 11 12 1 1 11 12 1 1 11 12 1 1 10 12 1 9 100 12 1 1 1 100 1 10 12 1 1 18 12 1 18 12 18 12 18 12 18 12 10 100 12 1 1 1 10 100 12 1 1 1 8 1 10 12 1 1 8 1 8 1 8 1 8 1 8 1 10 12 1 10 12 1 8 10 100 1 10 12 1 8 10 12 1 8 1 10 12 1 10 12 1 8 1 10 12 1 1 100 1 8 1 7 1 8 1 8 1 100 1 8 1 8 1 7 1 100 1 8 1 10 12 1 11 12 1 1 10 100 12 1 1 11 12 1 1 10 100 12 1 1 11 12 1 1 10 7 12 1 1 11 12 1 7 1 11 12 1 11 12 1 1 1 1 1 1 1 1 1 1 1 1 1 1 1 1 1 1 1 1 1 1 1 1 1 1 1 1 1 1 1 1 1 1 1 1 1 1 1 1 1 1 1 1 1 1 1 1 1 1 1 1 1 1 1 1 1 1 1 1 16 15 11 12 3 3 15 11 12 15 11 12 15 11 12 15 11 12 15 11 12 15 10 7 12 1 1 1 1 100 1 1 1 100 1 100 1 1
ciMethod java/util/Comparator compare (Ljava/lang/Object;Ljava/lang/Object;)I 0 0 1 0 -1
ciMethod java/util/Comparator lambda$comparingInt$7b0bb60$1 (Ljava/util/function/ToIntFunction;Ljava/lang/Object;Ljava/lang/Object;)I 1024 0 16882 0 0
ciInstanceKlass java/lang/annotation/Annotation 1 0 17 100 1 100 1 1 1 1 1 1 1 1 1 1 1 1 1
ciInstanceKlass java/util/function/ToIntFunction 1 0 14 100 1 100 1 1 1 1 1 1 1 1 1 1
ciMethod java/util/function/ToIntFunction applyAsInt (Ljava/lang/Object;)I 0 0 1 0 -1
ciInstanceKlass kotlin/jvm/internal/Intrinsics 1 1 278 10 100 10 10 10 10 10 10 100 10 10 10 100 10 10 100 10 8 8 10 100 10 10 100 10 10 100 10 10 8 8 8 8 10 10 10 10 10 100 10 10 10 10 8 8 10 10 10 8 10 100 10 10 10 10 100 8 8 10 8 10 10 10 100 10 7 100 1 1 1 1 1 1 1 1 1 1 1 1 1 1 1 1 1 1 1 1 1 1 1 1 1 1 1 1 1 1 1 1 1 1 1 1 1 1 1 1 1 1 1 1 1 1 1 1 1 1 1 1 1 1 1 1 1 1 100 1 1 1 1 1 1 1 1 1 1 1 1 1 1 1 1 1 1 1 1 1 1 1 1 1 1 1 1 1 1 1 1 1 100 1 1 1 1 1 1 1 1 1 1 1 1 1 1 1 1 1 100 1 1 1 12 1 12 12 12 12 12 1 12 12 1 1 1 1 12 1 12 1 1 1 1 1 1 12 12 12 100 12 12 1 100 12 100 12 100 12 12 1 1 100 12 100 12 1 12 1 12 12 12 1 1 1 12 1 12 100 100 12 12 1 1 1 1 1 1 1 1 1 1 1 1 1 1 1 1 1 1 1 1 1 1 1 1 1 1 1 1 1 1 1 1 1 1 1 1 1
ciInstanceKlass kotlinx/coroutines/Job$Key 1 1 46 1 7 1 1 7 1 100 1 1 12 10 1 1 1 10 1 12 9 1 1 3 3 3 1 1 3 1 1 1 1 1 1 1 100 1 1 100 1 1 1 1 1 1 1 1
staticfield kotlinx/coroutines/Job$Key $$INSTANCE Lkotlinx/coroutines/Job$Key; kotlinx/coroutines/Job$Key
ciMethodData kotlin/jvm/internal/Intrinsics areEqual (Ljava/lang/Object;Ljava/lang/Object;)Z 2 69475 orig 80 0 0 0 0 0 0 0 0 0 0 0 0 0 0 0 0 0 0 0 0 0 0 0 0 0 0 0 0 0 0 0 0 0 0 0 0 0 0 0 0 0 0 0 0 0 0 0 0 0 0 0 0 0 0 0 0 0 0 0 0 0 0 0 0 0 0 0 0 0 0 0 0 0 0 0 0 0 0 0 0 data 30 0x10007 0x10bf3 0x70 0x384 0x50007 0x384 0x38 0x0 0x90003 0x0 0x60 0xd0003 0x384 0x48 0x120005 0xe103 0x214ff0aaca8 0x8bc 0x214ff0aad50 0x16c 0x0 0x0 0x0 0x0 0x0 0x0 0x9 0x2 0x0 0x0 oops 2 16 kotlinx/coroutines/Job$Key 18 kotlinx/coroutines/UndispatchedMarker methods 0
ciInstanceKlass kotlinx/coroutines/UndispatchedMarker 1 1 87 1 7 1 1 7 1 100 1 7 1 1 12 10 1 1 1 1 1 1 1 1 1 1 1 7 1 12 10 1 1 1 1 1 1 12 10 1 1 1 1 1 1 1 1 12 10 1 1 1 12 10 1 1 1 10 1 12 9 1 1 3 3 3 1 1 3 1 1 1 1 1 1 100 1 1 1 1 1 1 1 1 1 1 1 1 1
staticfield kotlinx/coroutines/UndispatchedMarker INSTANCE Lkotlinx/coroutines/UndispatchedMarker; kotlinx/coroutines/UndispatchedMarker
ciInstanceKlass it/unimi/dsi/fastutil/Hash 1 0 297 3 3 3 3 3 3 3 3 3 3 3 3 3 3 3 3 3 3 3 3 3 3 3 3 3 3 3 3 3 3 3 3 3 3 3 3 3 3 3 3 3 3 3 3 3 3 3 3 3 3 3 3 3 3 3 3 3 3 3 3 3 3 3 3 3 3 3 3 3 3 3 3 3 3 3 3 3 3 3 3 3 3 3 3 3 3 3 3 3 3 3 3 3 3 3 3 3 3 3 3 3 3 3 3 3 3 3 3 3 3 3 3 3 3 3 3 3 3 3 3 3 3 3 3 3 3 3 3 3 3 3 3 3 3 3 3 3 3 3 3 3 3 3 3 3 3 3 3 3 3 3 3 3 3 3 3 3 3 3 3 3 3 3 3 3 3 3 3 3 3 3 3 3 3 3 3 3 3 3 3 3 3 3 3 3 3 3 3 3 3 3 3 3 3 3 3 3 3 3 3 3 3 3 3 3 3 3 3 3 3 3 3 3 3 3 3 3 3 3 3 3 3 3 3 3 3 3 3 3 3 3 3 3 3 3 3 3 3 3 3 3 3 3 3 3 3 3 3 3 3 3 3 3 3 3 3 3 3 3 3 4 4 4 100 100 100 9 12 1 1 1 1 1 1 1 1 1 1 1 1 1 1 1 1 1 1 1 1 1 1 1 1 1 1 1 1
ciInstanceKlass it/unimi/dsi/fastutil/Function 1 1 44 100 100 100 100 10 11 12 12 1 1 1 1 1 1 1 1 1 1 1 1 1 1 1 1 1 1 1 1 1 1 1 1 1 1 1 1 1 1 1 1 1 1 1
ciInstanceKlass it/unimi/dsi/fastutil/HashCommon 1 1 128 3 3 3 3 8 8 8 7 100 100 100 100 7 7 100 100 5 0 5 0 5 0 5 0 5 0 5 0 10 10 10 10 10 10 10 10 10 10 10 10 10 10 10 10 12 12 12 12 12 12 12 12 12 12 12 12 12 12 12 1 1 1 1 1 1 1 1 1 1 1 1 1 1 1 1 1 1 1 1 1 1 1 1 1 1 1 1 1 1 1 1 1 1 1 1 1 1 1 1 1 1 1 1 1 1 1 1 1 1 1 1 1 1 1 1 1 1 1 1 1 1 1 1 1 1 1 1
ciInstanceKlass com/intellij/openapi/extensions/PluginId 1 1 177 1 7 1 1 7 1 100 1 1 1 12 10 1 1 12 9 1 1 1 1 1 1 1 1 1 7 1 1 12 10 1 1 1 1 1 7 12 10 1 1 8 1 1 12 10 1 12 10 1 1 1 1 1 100 1 1 12 11 1 1 1 1 1 1 1 100 1 1 12 9 1 1 12 10 1 100 1 1 12 10 1 1 1 1 1 1 1 1 12 9 1 7 12 10 1 1 1 1 1 1 1 1 1 1 12 10 1 1 12 10 1 1 1 12 10 1 1 1 1 1 12 9 1 12 10 1 1 1 1 12 10 1 7 1 12 10 1 8 1 12 10 1 1 1 1 3 3 3 1 3 1 3 1 1 1 1 1 1 1 1 100 1 100 1 1 1 1 1 1 1 1 1 1 1 1 1
staticfield com/intellij/openapi/extensions/PluginId Companion Lcom/intellij/openapi/extensions/PluginId$Companion; com/intellij/openapi/extensions/PluginId$Companion
staticfield com/intellij/openapi/extensions/PluginId interner Lcom/intellij/util/containers/Interner; com/intellij/util/containers/WeakInterner
ciInstanceKlass com/intellij/ide/plugins/PluginManagerCore 1 1 2088 1 7 1 7 1 1 12 10 1 1 1 1 1 1 1 1 12 9 1 1 1 1 1 1 1 100 1 1 12 11 1 7 1 1 12 9 1 7 1 12 11 1 1 1 1 12 9 1 7 1 12 10 1 7 1 1 12 10 1 8 1 7 1 1 12 11 1 7 1 7 1 1 12 10 1 7 1 1 12 10 1 12 10 1 1 1 1 1 1 12 10 1 100 1 1 12 9 1 7 1 7 1 1 12 11 1 100 1 1 1 1 1 1 1 1 12 9 12 10 1 12 10 1 7 1 1 12 10 1 1 1 1 1 1 12 9 1 1 1 1 8 1 1 12 10 12 10 1 7 1 1 12 11 1 7 1 12 11 1 12 11 1 1 12 11 1 1 12 10 1 100 1 12 10 1 1 1 1 1 1 7 1 8 1 7 1 7 1 12 10 1 1 1 12 10 1 1 1 1 8 1 12 10 1 1 1 8 1 7 1 1 12 9 1 7 12 11 1 1 100 1 1 12 10 1 1 12 11 1 1 12 11 1 1 1 12 10 1 8 1 7 1 1 12 10 1 1 1 7 1 12 10 1 7 1 1 12 11 1 1 1 1 1 1 1 1 1 1 8 1 8 1 8 1 8 1 8 1 1 1 8 1 100 1 1 12 10 1 12 10 1 7 1 1 12 10 1 7 1 12 10 1 12 10 1 1 8 1 1 12 10 1 7 11 1 100 1 1 12 10 1 12 10 12 10 1 1 1 1 1 12 10 1 12 11 1 8 12 10 1 12 11 1 12 9 11 1 12 9 12 10 1 12 10 1 12 10 1 1 1 1 1 1 1 1 1 1 100 1 8 1 8 1 1 1 12 10 1 1 12 10 1 100 8 1 12 10 1 100 1 1 12 11 1 100 1 1 12 9 1 100 1 12 10 1 100 1 1 12 10 1 8 1 12 10 1 1 12 10 1 1 1 1 1 1 7 10 1 7 1 12 11 1 7 11 1 7 11 1 7 1 7 1 1 12 11 1 8 1 7 1 12 11 1 12 11 1 1 12 10 1 7 10 11 1 100 1 100 16 1 1 12 10 15 1 16 1 7 1 1 12 10 15 1 1 12 18 1 1 12 10 1 12 10 1 12 10 1 1 12 10 15 1 12 18 1 1 12 10 1 12 11 10 1 7 1 12 10 1 1 12 11 1 100 10 1 8 1 1 12 10 1 1 12 10 1 16 1 1 12 10 15 16 1 12 18 1 7 1 1 12 10 1 1 12 10 15 16 18 1 1 12 10 1 8 1 1 12 10 10 1 12 9 1 100 1 12 10 1 1 12 10 1 7 1 12 10 1 12 10 1 1 12 10 15 1 16 18 1 12 10 1 1 12 10 15 16 18 1 1 12 10 1 12 10 1 12 10 1 1 1 1 1 1 1 1 1 1 1 1 1 1 1 1 1 1 1 1 1 1 1 1 1 1 1 12 10 1 1 1 12 10 1 1 1 8 1 100 10 1 100 1 1 12 10 1 100 1 1 12 10 1 12 10 1 1 1 8 1 7 1 12 10 1 1 1 1 1 1 100 1 1 12 10 1 1 12 10 15 16 18 1 1 12 10 15 1 16 1 1 12 18 1 100 1 1 12 10 1 8 1 1 1 100 1 8 10 1 1 1 100 1 1 12 9 1 7 1 12 10 1 12 10 1 8 1 12 10 1 8 1 12 10 1 12 10 1 12 10 1 1 1 1 1 1 8 1 12 10 1 12 10 1 12 10 1 1 12 10 1 1 1 12 11 1 8 1 1 12 10 15 16 18 1 12 10 1 7 1 12 10 1 1 1 1 1 1 1 12 10 15 16 18 1 7 1 12 10 1 1 1 100 1 8 12 10 1 100 1 100 1 1 12 9 1 12 10 1 12 10 12 10 1 100 1 100 1 12 9 8 1 12 10 1 12 9 1 12 11 1 12 11 1 1 12 10 1 100 1 12 10 1 1 12 10 1 100 1 12 10 1 12 11 1 7 10 1 100 1 12 10 1 1 1 1 1 1 1 1 1 1 1 1 8 8 1 8 1 8 1 8 1 8 1 7 1 1 12 10 1 8 1 100 10 1 1 12 10 1 1 12 10 1 12 10 1 12 10 1 7 1 12 10 1 1 12 10 1 12 10 1 100 1 1 12 10 11 1 12 10 1 1 12 10 1 7 10 1 12 10 1 12 10 1 7 1 1 12 9 11 11 1 12 10 1 100 1 1 12 10 1 7 12 9 1 12 9 1 12 10 1 7 10 1 7 1 12 11 16 1 1 12 10 15 1 16 1 12 18 1 7 1 1 12 10 1 7 10 1 7 12 10 12 10 1 1 12 10 10 1 7 1 1 12 11 1 7 10 1 12 10 1 100 1 1 12 10 1 1 12 10 1 7 1 12 9 1 7 1 12 9 10 1 7 1 12 9 11 10 1 8 1 12 10 1 7 1 1 12 10 1 7 1 1 12 10 1 12 10 1 1 12 11 1 1 12 10 10 1 1 12 10 1 7 1 12 10 1 12 10 1 12 10 1 12 10 1 12 10 1 12 10 1 12 10 1 12 10 1 12 10 1 12 11 1 12 11 1 100 1 12 10 1 8 1 8 1 12 10 1 12 10 1 12 10 1 12 10 11 1 12 11 10 1 100 1 1 12 10 1 1 12 10 1 7 1 1 12 10 12 10 1 12 10 1 1 12 10 15 1 16 1 12 18 1 1 12 10 1 1 12 10 1 1 12 10 1 12 10 12 10 1 12 10 1 12 11 1 1 12 10 1 1 12 10 1 7 1 12 10 1 12 10 1 7 1 12 10 1 1 1 1 1 1 1 1 1 1 1 1 1 1 1 1 1 1 1 1 1 1 1 1 1 1 1 1 1 1 1 1 1 1 1 1 1 1 1 1 1 1 1 1 1 1 1 1 1 1 1 1 1 1 1 1 1 1 1 1 1 1 1 1 1 1 1 1 1 1 1 1 100 1 7 1 1 8 1 1 12 11 1 7 1 12 10 11 12 10 1 12 11 1 1 1 1 1 1 1 1 1 1 1 1 1 12 10 1 1 12 9 1 7 1 12 10 1 12 10 11 1 100 10 10 11 1 100 1 12 10 12 10 1 1 1 1 1 1 1 1 1 1 1 1 1 1 1 1 12 10 1 12 10 1 1 12 10 1 8 10 10 1 1 12 10 1 100 1 12 10 1 8 1 8 1 1 12 10 15 16 18 1 12 10 1 8 1 1 12 10 1 12 10 1 1 12 10 1 8 1 1 1 1 12 10 1 1 8 1 100 1 1 12 10 1 8 1 12 10 15 18 1 8 1 8 1 8 1 100 1 12 9 1 100 1 1 12 10 1 100 1 1 12 9 1 1 12 11 1 100 1 1 12 10 1 1 1 1 1 1 1 1 100 1 100 1 1 11 11 1 12 11 1 8 1 8 1 1 1 1 7 1 12 9 1 7 1 1 12 10 1 8 1 7 1 12 10 1 7 1 1 12 11 1 1 1 1 1 8 1 12 10 1 8 1 1 1 1 1 12 10 1 12 10 1 1 12 10 1 1 12 10 12 10 1 1 1 100 1 1 12 9 1 12 10 12 10 1 1 1 1 8 1 8 1 8 1 8 1 1 12 10 15 1 16 1 12 18 1 1 12 10 1 1 1 1 12 10 15 18 1 1 1 1 1 1 100 10 10 1 100 1 12 11 11 10 1 1 12 10 1 100 10 10 1 1 1 1 1 1 1 1 12 11 1 12 10 11 1 1 12 9 10 10 1 12 10 1 1 12 10 15 16 18 12 10 1 1 1 1 8 1 100 1 12 10 10 1 1 12 10 15 1 12 18 1 1 1 1 1 1 12 10 1 100 1 12 10 1 12 10 12 10 1 1 1 12 10 1 1 1 1 1 1 1 8 1 100 1 1 12 10 1 1 1 1 1 1 1 1 1 1 1 12 9 1 7 1 12 10 12 10 1 12 10 1 1 1 1 8 12 10 1 1 10 1 1 8 10 1 8 1 12 10 1 1 12 10 1 100 1 12 10 1 1 8 12 10 15 16 18 1 1 1 1 1 12 11 1 1 12 10 10 1 1 12 11 8 12 10 15 1 12 18 1 7 12 11 1 1 1 12 9 1 7 11 1 7 1 1 12 10 11 1 1 1 1 12 9 1 7 1 1 12 10 1 10 1 7 1 12 9 1 1 1 100 1 8 1 12 10 10 1 100 1 12 10 10 1 1 1 1 8 1 7 12 10 1 1 12 10 1 12 11 1 1 1 1 1 1 1 1 12 11 1 1 8 12 10 1 100 1 1 12 9 1 1 8 1 12 9 8 1 1 12 10 1 8 1 8 1 12 10 1 1 1 1 1 1 1 1 1 1 1 1 10 1 8 1 8 1 12 9 1 8 1 12 9 1 8 1 12 9 1 8 1 8 1 8 1 12 9 1 8 1 12 10 1 8 12 10 15 16 12 18 1 7 1 1 12 10 1 12 9 1 1 8 1 1 1 8 1 1 8 1 1 1 8 1 1 8 1 1 8 1 1 1 1 1 1 3 3 3 1 3 1 3 1 1 1 1 1 1 1 1 1 1 1 1 1 1 1 1 1 1 1 1 100 1 1 1 100 1 1 1 1 100 1 100 1 1 100 1 100 1 1 100 1 1 100 1 1 1 1 1 1 1 1 1 1 1 1 1 1 1 1 1 1
staticfield com/intellij/ide/plugins/PluginManagerCore INSTANCE Lcom/intellij/ide/plugins/PluginManagerCore; com/intellij/ide/plugins/PluginManagerCore
staticfield com/intellij/ide/plugins/PluginManagerCore CORE_ID Lcom/intellij/openapi/extensions/PluginId; com/intellij/openapi/extensions/PluginId
staticfield com/intellij/ide/plugins/PluginManagerCore JAVA_PLUGIN_ID Lcom/intellij/openapi/extensions/PluginId; com/intellij/openapi/extensions/PluginId
staticfield com/intellij/ide/plugins/PluginManagerCore JAVA_PLUGIN_ALIAS_ID Lcom/intellij/openapi/extensions/PluginId; com/intellij/openapi/extensions/PluginId
staticfield com/intellij/ide/plugins/PluginManagerCore ALL_MODULES_MARKER Lcom/intellij/openapi/extensions/PluginId; com/intellij/openapi/extensions/PluginId
staticfield com/intellij/ide/plugins/PluginManagerCore SPECIAL_IDEA_PLUGIN_ID Lcom/intellij/openapi/extensions/PluginId; com/intellij/openapi/extensions/PluginId
staticfield com/intellij/ide/plugins/PluginManagerCore ULTIMATE_PLUGIN_ID Lcom/intellij/openapi/extensions/PluginId; com/intellij/openapi/extensions/PluginId
staticfield com/intellij/ide/plugins/PluginManagerCore MARKETPLACE_PLUGIN_ID Lcom/intellij/openapi/extensions/PluginId; com/intellij/openapi/extensions/PluginId
staticfield com/intellij/ide/plugins/PluginManagerCore pluginsStateLazy Lkotlin/Lazy; kotlin/SynchronizedLazyImpl
staticfield com/intellij/ide/plugins/PluginManagerCore JAVA_MODULE_ID Lcom/intellij/openapi/extensions/PluginId; com/intellij/openapi/extensions/PluginId
instanceKlass javax/swing/text/StyleConstants$ParagraphConstants
instanceKlass javax/swing/text/StyleConstants$ColorConstants
instanceKlass javax/swing/text/StyleConstants$FontConstants
instanceKlass javax/swing/text/StyleConstants$CharacterConstants
ciInstanceKlass javax/swing/text/StyleConstants 1 1 331 9 7 12 1 1 1 9 12 1 1 11 100 12 1 1 1 100 1 10 12 1 1 10 12 1 1 11 100 12 1 1 1 9 12 1 100 1 100 1 8 1 8 1 9 12 1 100 1 8 1 9 12 1 100 1 8 1 9 12 1 9 12 1 100 1 10 12 1 1 10 12 1 9 12 1 9 12 1 9 12 1 9 12 1 9 12 1 9 12 1 100 1 9 12 1 1 9 12 1 9 12 1 100 1 10 12 1 1 10 12 1 9 12 1 9 12 1 9 12 1 9 12 1 9 12 1 9 12 1 9 12 1 100 1 10 7 12 1 1 1 8 1 10 12 1 9 12 1 8 1 9 12 1 8 1 9 12 1 7 1 8 1 10 7 1 8 1 10 9 12 1 8 1 9 12 1 8 1 8 1 8 1 8 1 8 1 8 1 7 1 8 1 10 8 1 8 1 9 12 1 7 1 8 10 8 8 8 8 8 8 8 8 1 9 12 9 12 1 1 1 1 1 1 1 3 1 3 1 3 1 3 1 1 1 1 1 1 1 1 1 1 1 1 1 1 1 1 1 1 1 1 1 1 1 1 1 1 1 1 1 1 1 1 1 1 1 1 1 1 1 1 1 1 1 1 1 1 1 1 1 1 1 1 1 1 1 1 1 1 1 1 1 1 1 1 1 1 1 1 1 1 1 1 1 1 1 1 1 1 1 1 1 1 1 1 1 1 1 1 1 1 1 1 1 1 1 1 1 1 1
staticfield javax/swing/text/StyleConstants NameAttribute Ljava/lang/Object; javax/swing/text/StyleConstants
staticfield javax/swing/text/StyleConstants ResolveAttribute Ljava/lang/Object; javax/swing/text/StyleConstants
staticfield javax/swing/text/StyleConstants ModelAttribute Ljava/lang/Object; javax/swing/text/StyleConstants
staticfield javax/swing/text/StyleConstants BidiLevel Ljava/lang/Object; javax/swing/text/StyleConstants$CharacterConstants
staticfield javax/swing/text/StyleConstants FontFamily Ljava/lang/Object; javax/swing/text/StyleConstants$FontConstants
staticfield javax/swing/text/StyleConstants Family Ljava/lang/Object; javax/swing/text/StyleConstants$FontConstants
staticfield javax/swing/text/StyleConstants FontSize Ljava/lang/Object; javax/swing/text/StyleConstants$FontConstants
staticfield javax/swing/text/StyleConstants Size Ljava/lang/Object; javax/swing/text/StyleConstants$FontConstants
staticfield javax/swing/text/StyleConstants Bold Ljava/lang/Object; javax/swing/text/StyleConstants$FontConstants
staticfield javax/swing/text/StyleConstants Italic Ljava/lang/Object; javax/swing/text/StyleConstants$FontConstants
staticfield javax/swing/text/StyleConstants Underline Ljava/lang/Object; javax/swing/text/StyleConstants$CharacterConstants
staticfield javax/swing/text/StyleConstants StrikeThrough Ljava/lang/Object; javax/swing/text/StyleConstants$CharacterConstants
staticfield javax/swing/text/StyleConstants Superscript Ljava/lang/Object; javax/swing/text/StyleConstants$CharacterConstants
staticfield javax/swing/text/StyleConstants Subscript Ljava/lang/Object; javax/swing/text/StyleConstants$CharacterConstants
staticfield javax/swing/text/StyleConstants Foreground Ljava/lang/Object; javax/swing/text/StyleConstants$ColorConstants
staticfield javax/swing/text/StyleConstants Background Ljava/lang/Object; javax/swing/text/StyleConstants$ColorConstants
staticfield javax/swing/text/StyleConstants ComponentAttribute Ljava/lang/Object; javax/swing/text/StyleConstants$CharacterConstants
staticfield javax/swing/text/StyleConstants IconAttribute Ljava/lang/Object; javax/swing/text/StyleConstants$CharacterConstants
staticfield javax/swing/text/StyleConstants ComposedTextAttribute Ljava/lang/Object; javax/swing/text/StyleConstants
staticfield javax/swing/text/StyleConstants FirstLineIndent Ljava/lang/Object; javax/swing/text/StyleConstants$ParagraphConstants
staticfield javax/swing/text/StyleConstants LeftIndent Ljava/lang/Object; javax/swing/text/StyleConstants$ParagraphConstants
staticfield javax/swing/text/StyleConstants RightIndent Ljava/lang/Object; javax/swing/text/StyleConstants$ParagraphConstants
staticfield javax/swing/text/StyleConstants LineSpacing Ljava/lang/Object; javax/swing/text/StyleConstants$ParagraphConstants
staticfield javax/swing/text/StyleConstants SpaceAbove Ljava/lang/Object; javax/swing/text/StyleConstants$ParagraphConstants
staticfield javax/swing/text/StyleConstants SpaceBelow Ljava/lang/Object; javax/swing/text/StyleConstants$ParagraphConstants
staticfield javax/swing/text/StyleConstants Alignment Ljava/lang/Object; javax/swing/text/StyleConstants$ParagraphConstants
staticfield javax/swing/text/StyleConstants TabSet Ljava/lang/Object; javax/swing/text/StyleConstants$ParagraphConstants
staticfield javax/swing/text/StyleConstants Orientation Ljava/lang/Object; javax/swing/text/StyleConstants$ParagraphConstants
ciInstanceKlass  @bci java/util/Comparator comparingInt (Ljava/util/function/ToIntFunction;)Ljava/util/Comparator; 6 <appendix> member <vmtarget> ; 1 1 39 1 7 1 1 1 1 1 7 1 12 10 12 9 1 1 1 7 1 1 12 11 1 1 1 100 8 8 8 3 8 8 1 12 10 1 100 1 1
ciInstanceKlass com/intellij/openapi/extensions/PluginDescriptor 1 1 122 11 7 12 1 1 1 11 12 1 1 10 100 12 1 1 11 12 1 1 11 100 12 1 1 1 11 12 1 1 100 1 1 1 1 1 1 1 1 1 1 1 1 1 1 1 100 1 1 1 1 1 1 1 1 1 1 100 1 1 1 1 1 1 1 1 1 1 1 1 1 1 1 1 1 1 1 1 1 1 1 1 1 1 1 1 1 1 1 1 1 100 1 100 1 1 100 1 1 100 1 1 1 1 12 11 1 8 8 8 1 100 1 1 12 10 1 100 1 1 12 10
ciInstanceKlass com/intellij/ide/plugins/IdeaPluginDescriptor 1 0 102 100 1 100 1 100 1 1 1 1 1 1 1 1 1 1 1 1 1 1 1 100 1 100 1 1 1 100 1 8 1 1 12 10 1 1 8 1 1 1 8 1 1 8 1 1 8 1 1 8 1 1 1 8 1 1 1 8 1 1 1 8 1 1 8 1 1 8 1 1 8 1 1 8 1 1 8 1 1 8 1 1 1 8 1 1 8 1 1 1 8 1 1 1 8 1 1 8 1 1 8 1
instanceKlass com/intellij/ide/plugins/DependsSubDescriptor
instanceKlass com/intellij/ide/plugins/PluginModuleDescriptor
ciInstanceKlass com/intellij/ide/plugins/IdeaPluginDescriptorImpl 1 1 416 1 7 1 7 1 100 1 1 1 12 10 1 7 1 1 12 10 1 7 1 1 12 10 1 1 12 9 1 12 10 1 7 1 7 1 1 12 9 1 7 1 7 1 1 12 10 1 12 10 1 7 1 1 12 11 1 7 1 1 12 11 1 1 12 11 1 7 1 7 1 1 12 10 1 1 12 11 1 7 1 12 9 1 12 10 1 12 9 1 1 12 10 1 1 12 9 1 1 12 10 1 7 1 1 12 10 1 1 12 9 1 12 10 1 12 9 1 12 10 1 12 9 1 1 12 10 1 1 12 10 1 12 10 1 1 12 9 1 12 10 1 12 9 1 1 12 9 1 1 1 1 1 1 1 1 1 1 1 1 1 1 1 1 1 1 1 1 1 1 1 1 1 1 1 1 1 1 1 1 1 1 1 1 12 9 1 1 1 1 1 1 12 9 1 1 1 1 1 1 1 1 1 1 1 1 1 12 9 1 1 1 1 1 1 1 1 1 1 1 12 10 1 12 10 1 1 12 10 1 100 10 1 8 1 1 12 10 1 12 10 1 12 10 1 100 10 1 100 1 1 12 10 1 1 1 1 12 10 1 7 1 1 12 10 1 12 10 1 1 12 10 10 1 1 1 8 1 1 12 10 1 8 1 7 1 7 1 1 12 11 1 12 10 1 1 12 10 1 1 1 1 1 1 1 1 1 3 3 3 1 3 1 3 1 1 1 1 1 1 1 1 1 1 1 1 1 1 1 1 1 1 1 1 100 1 100 1 1 1 1 1 1 1 1 1 1 1 1 1 1 1 1 1 1 100 1 8 1 12 10 1 8 1 1 8 1 1 8 1 1 8 1 1 8 1 1 1 8 1 1 1 8 1 1 8 1 1 8 1 1 8 1 1 8 1 1 8 1 1 8 1 1 8 1 1 8 1 8 1 1 8 1 1 8 1
instanceKlass com/intellij/ide/plugins/ContentModuleDescriptor
instanceKlass com/intellij/ide/plugins/PluginMainDescriptor
ciInstanceKlass com/intellij/ide/plugins/PluginModuleDescriptor 1 1 116 1 7 1 7 1 1 1 12 10 1 1 1 1 12 10 1 1 1 1 1 3 3 3 1 3 1 3 1 1 1 1 1 1 1 1 100 1 100 1 1 1 1 1 1 1 1 1 1 100 1 8 1 12 10 1 1 1 8 1 1 8 1 1 8 1 1 8 1 1 1 8 1 1 1 8 1 1 1 8 1 1 1 8 1 1 8 1 1 8 1 1 8 1 1 8 1 1 8 1 1 8 1 1 8 1 1 1 8 1 1 8 1 1 8 1
ciInstanceKlass com/intellij/ide/plugins/PluginMainDescriptor 1 1 785 1 7 1 7 1 1 1 1 8 1 7 1 1 12 10 1 8 1 12 10 1 12 9 1 1 12 9 1 12 9 1 7 1 1 12 9 1 7 1 1 12 10 1 12 10 1 100 1 7 1 12 10 1 8 1 1 12 10 1 12 10 1 12 10 1 12 10 1 7 1 12 10 1 1 12 9 1 12 10 1 1 12 9 1 12 10 1 12 9 1 12 10 1 12 9 1 12 10 1 7 1 1 12 9 1 12 10 1 1 12 10 1 12 9 1 12 10 1 12 9 1 12 10 1 12 9 1 12 10 1 12 9 1 12 10 1 12 9 1 12 10 1 12 9 1 12 10 1 12 9 1 12 10 1 12 9 1 12 10 1 12 9 1 1 12 10 1 7 1 1 12 9 1 7 1 7 1 1 12 10 1 7 1 1 12 10 1 7 1 1 12 10 1 1 12 9 1 1 12 10 1 1 12 9 1 1 12 10 12 9 1 12 10 12 9 1 12 10 12 9 1 12 10 12 9 1 12 10 1 12 9 1 12 10 1 12 9 1 1 12 10 1 1 12 10 1 1 12 9 1 12 10 1 12 9 1 16 1 1 12 10 15 16 1 7 1 1 12 10 15 1 1 12 18 1 7 1 1 12 10 1 1 12 9 1 12 10 1 7 1 12 11 1 12 10 1 1 12 10 1 7 1 1 12 9 1 12 9 1 12 10 1 7 1 1 12 10 1 1 12 9 1 16 1 1 12 10 15 1 16 1 12 18 1 7 1 1 12 10 1 1 12 10 1 7 1 12 9 1 1 12 10 1 1 12 10 1 8 1 8 1 100 1 12 10 1 1 1 1 1 1 1 1 1 1 1 100 1 7 1 7 1 100 1 12 10 1 1 1 1 1 1 1 7 1 12 11 1 1 1 1 12 9 1 7 1 7 1 7 1 1 12 10 1 12 10 1 1 12 11 1 7 1 12 11 1 12 11 1 7 1 1 12 10 1 1 12 11 1 1 1 1 1 1 1 1 1 1 1 1 1 1 7 1 12 9 1 1 12 10 1 1 1 1 8 1 7 1 1 12 10 1 100 1 1 12 10 1 12 10 1 1 12 9 1 12 10 1 8 1 8 1 1 1 1 1 1 1 1 1 8 1 8 1 8 1 8 1 12 10 1 8 1 8 1 8 1 12 10 1 8 1 100 1 1 12 10 1 12 10 1 1 100 1 1 12 10 1 100 1 12 9 1 100 1 1 12 10 1 100 1 1 12 10 1 8 1 8 1 12 10 1 1 1 1 1 1 1 100 1 100 1 1 7 1 12 9 1 7 1 12 10 1 1 12 10 1 7 1 12 9 1 7 1 12 10 1 12 10 1 1 7 10 1 7 1 1 12 10 1 1 12 10 1 8 1 12 10 1 12 10 1 8 1 7 1 12 9 1 7 1 12 10 1 1 12 10 1 1 12 10 1 7 1 1 12 10 1 12 10 1 8 1 12 10 1 12 11 1 7 10 11 1 1 12 10 10 1 8 1 8 1 8 10 1 12 10 1 1 1 1 1 1 1 1 1 1 1 1 1 1 100 1 100 1 1 1 8 1 8 1 8 1 7 1 7 1 1 12 11 1 1 12 10 1 1 12 10 1 12 10 1 1 8 1 8 1 100 1 1 12 10 1 100 1 12 9 12 10 1 1 1 1 1 3 3 3 1 3 1 3 1 1 1 1 1 1 1 1 1 1 1 1 100 1 100 1 1 1 1 1 1 1 1 1 1 1 1 1 1 1 1 1 1
ciInstanceKlass com/intellij/ide/plugins/ContentModuleDescriptor 1 1 316 1 7 1 7 1 1 1 1 8 1 7 1 1 12 10 1 8 1 8 1 8 1 8 1 12 10 1 12 9 1 12 9 1 12 9 1 12 9 1 7 1 1 12 10 1 7 1 1 12 10 1 1 12 9 1 1 12 10 1 7 1 1 12 10 1 1 12 9 1 1 12 10 1 1 12 9 1 12 10 12 9 1 1 12 10 1 12 9 1 1 12 9 1 16 1 1 12 10 15 1 16 1 7 1 1 12 10 15 1 1 12 18 1 7 1 1 12 10 1 1 1 1 1 1 1 1 1 7 12 10 1 1 1 100 1 12 10 1 1 1 1 100 1 12 10 1 8 1 1 12 10 1 100 1 12 9 1 8 1 8 1 12 10 12 10 1 12 10 1 8 1 8 1 1 12 10 1 8 1 8 1 100 1 1 12 10 1 1 1 1 1 1 10 1 1 12 10 1 12 10 1 12 10 1 12 10 1 12 10 1 12 10 1 12 10 1 12 10 1 1 12 10 1 12 10 1 12 10 1 12 10 1 12 10 1 12 10 1 12 10 1 12 10 1 12 10 1 1 12 10 1 1 12 10 1 12 10 1 8 1 100 1 1 12 10 1 100 1 1 12 9 1 1 1 12 10 1 1 1 1 3 3 3 1 3 1 3 1 1 1 1 1 1 1 1 1 1 1 1 100 1 100 1 1 1 1 1 1 1 1 1 1 1 1 1
staticfield com/intellij/ide/plugins/ContentModuleDescriptor Companion Lcom/intellij/ide/plugins/ContentModuleDescriptor$Companion; com/intellij/ide/plugins/ContentModuleDescriptor$Companion
ciInstanceKlass com/intellij/ide/plugins/ModulesWithDependenciesKt 1 1 649 1 7 1 100 1 1 1 1 1 8 1 7 1 1 12 10 1 7 1 7 1 1 12 11 1 1 12 10 1 12 10 1 7 10 10 1 7 10 1 1 12 11 1 7 1 1 12 11 1 1 12 11 1 7 1 1 12 10 1 1 12 10 1 1 12 10 1 7 11 1 7 1 1 12 10 1 12 10 1 7 1 1 12 9 10 1 7 1 1 12 9 1 12 10 1 7 1 7 1 1 12 10 1 8 1 12 10 10 10 10 1 8 1 8 1 7 1 100 1 1 12 9 1 7 1 1 12 10 1 12 9 1 1 12 10 1 1 12 10 1 100 10 1 8 1 1 12 10 1 12 10 1 8 1 1 12 10 1 100 1 1 12 10 1 7 11 1 12 9 1 1 12 10 1 1 12 10 10 1 12 9 1 1 12 10 1 12 10 1 12 10 1 8 1 1 12 10 1 12 9 1 1 12 10 1 1 12 9 1 7 11 1 7 11 1 8 1 100 1 1 12 10 1 100 1 12 10 1 12 9 1 12 9 1 12 9 1 12 9 1 12 9 1 12 9 1 12 9 1 12 9 1 12 9 1 1 12 9 1 8 1 7 1 1 12 10 1 12 9 10 1 1 12 10 1 7 1 1 12 9 1 8 1 100 12 10 1 7 1 7 1 1 12 10 1 12 10 1 12 11 1 1 12 11 1 7 1 12 9 1 1 12 10 10 1 12 11 1 7 1 12 10 1 7 1 1 12 10 1 1 1 1 1 1 1 1 1 1 1 1 1 1 1 1 1 1 1 1 1 1 1 1 1 1 1 1 1 1 1 1 1 1 1 1 1 1 1 1 1 1 1 1 1 1 1 1 1 1 7 1 12 10 11 1 7 11 1 1 12 10 1 7 1 12 10 1 1 1 1 1 1 1 1 1 1 1 1 8 1 16 1 1 12 10 15 1 16 1 7 1 1 12 10 15 1 12 18 1 1 11 1 8 1 12 10 1 12 11 1 12 9 1 12 9 1 12 9 1 1 12 9 1 7 1 12 10 1 1 12 11 10 1 1 1 1 1 1 1 1 1 1 1 1 1 100 1 10 1 12 10 1 12 9 1 1 1 1 1 1 1 11 1 1 12 11 11 1 7 1 12 11 1 12 11 1 7 1 1 12 10 1 1 1 1 1 7 12 11 1 1 1 1 1 1 12 10 1 1 8 1 8 1 8 1 8 1 12 9 1 8 1 8 1 7 1 1 12 10 1 8 1 8 1 8 1 8 1 8 1 8 1 8 1 8 1 8 1 8 1 8 1 8 1 8 1 8 1 8 1 8 1 8 1 8 1 8 1 8 1 8 1 8 1 8 1 8 1 8 1 8 1 8 1 1 1 1 1 1 1 1 1 1 1 1 100 1 1 1 3 3 3 1 1 3 1 1 1 1 1 1 1 1 1 1 1 1 1 1 1 1 1 1 1 1 1 1 1 1
staticfield com/intellij/ide/plugins/ModulesWithDependenciesKt PLATFORM_PLUGIN_ALIAS_ID Lcom/intellij/openapi/extensions/PluginId; com/intellij/openapi/extensions/PluginId
staticfield com/intellij/ide/plugins/ModulesWithDependenciesKt LANG_PLUGIN_ALIAS_ID Lcom/intellij/openapi/extensions/PluginId; com/intellij/openapi/extensions/PluginId
staticfield com/intellij/ide/plugins/ModulesWithDependenciesKt VCS_ALIAS_ID Lcom/intellij/openapi/extensions/PluginId; com/intellij/openapi/extensions/PluginId
staticfield com/intellij/ide/plugins/ModulesWithDependenciesKt RIDER_ALIAS_ID Lcom/intellij/openapi/extensions/PluginId; com/intellij/openapi/extensions/PluginId
staticfield com/intellij/ide/plugins/ModulesWithDependenciesKt RIDER_MODULE_ID Lcom/intellij/ide/plugins/PluginModuleId; com/intellij/ide/plugins/PluginModuleId
staticfield com/intellij/ide/plugins/ModulesWithDependenciesKt JSON_ALIAS_ID Lcom/intellij/openapi/extensions/PluginId; com/intellij/openapi/extensions/PluginId
staticfield com/intellij/ide/plugins/ModulesWithDependenciesKt CWM_PLUGIN_ID Lcom/intellij/openapi/extensions/PluginId; com/intellij/openapi/extensions/PluginId
staticfield com/intellij/ide/plugins/ModulesWithDependenciesKt CWM_RIDER_PLUGIN_ID Lcom/intellij/openapi/extensions/PluginId; com/intellij/openapi/extensions/PluginId
staticfield com/intellij/ide/plugins/ModulesWithDependenciesKt JSON_BACKEND_MODULE_ID Lcom/intellij/ide/plugins/PluginModuleId; com/intellij/ide/plugins/PluginModuleId
staticfield com/intellij/ide/plugins/ModulesWithDependenciesKt JAVA_BACKEND_MODULE_ID Lcom/intellij/ide/plugins/PluginModuleId; com/intellij/ide/plugins/PluginModuleId
staticfield com/intellij/ide/plugins/ModulesWithDependenciesKt REMOTE_DEVELOPMENT_MODULE_ID Lcom/intellij/ide/plugins/PluginModuleId; com/intellij/ide/plugins/PluginModuleId
staticfield com/intellij/ide/plugins/ModulesWithDependenciesKt REMOTE_DEVELOPMENT_RIDER_MODULE_ID Lcom/intellij/ide/plugins/PluginModuleId; com/intellij/ide/plugins/PluginModuleId
staticfield com/intellij/ide/plugins/ModulesWithDependenciesKt contentModulesExtractedInCorePluginWhichCanBeUsedFromExternalPlugins Ljava/util/List; java/util/ArrayList
staticfield com/intellij/ide/plugins/ModulesWithDependenciesKt vcsApiContentModules Ljava/util/List; java/util/ArrayList
staticfield com/intellij/ide/plugins/ModulesWithDependenciesKt COLLABORATION_TOOLS_MODULE_ID Lcom/intellij/ide/plugins/PluginModuleId; com/intellij/ide/plugins/PluginModuleId
staticfield com/intellij/ide/plugins/ModulesWithDependenciesKt fullLineApiContentModules Ljava/util/List; java/util/ArrayList
ciInstanceKlass it/unimi/dsi/fastutil/objects/Reference2IntFunction 1 1 133 100 7 100 100 100 100 100 100 10 10 10 11 11 11 11 11 11 11 12 12 12 12 12 12 12 12 12 12 1 1 1 1 1 1 1 1 1 1 1 1 1 1 1 1 1 1 1 1 1 1 1 1 1 1 1 1 1 1 1 1 1 1 1 1 1 1 1 1 1 1 1 1 1 1 1 1 1 1 1 1 1 1 1 1 1 1 1 1 1 1 1 1 1 1 1 1 1 1 1 1 1 1 1 1 1 1 1 1 1 1 1 1 1 1 1 1 1 1 1 1 1 1 1 1 1 1 1 1 1 1 1 1
ciInstanceKlass it/unimi/dsi/fastutil/objects/Reference2IntMap 1 1 381 4 8 100 100 100 100 100 100 100 100 100 100 100 100 100 100 100 100 100 100 100 100 100 100 100 100 100 100 100 100 100 100 9 10 10 10 10 10 10 10 10 10 10 10 10 10 10 10 11 11 11 11 11 11 11 11 11 11 11 11 11 11 11 11 11 11 11 11 11 11 11 11 11 11 11 11 11 11 11 11 11 11 11 11 11 11 11 11 11 11 11 18 15 15 12 12 12 12 12 12 12 12 12 12 12 12 12 12 12 12 12 12 12 12 12 12 12 12 12 12 12 12 12 12 12 12 12 12 12 12 12 12 12 12 12 12 12 12 12 12 12 12 12 12 12 12 12 12 16 16 1 1 1 1 1 1 1 1 1 1 1 1 1 1 1 1 1 1 1 1 1 1 1 1 1 1 1 1 1 1 1 1 1 1 1 1 1 1 1 1 1 1 1 1 1 1 1 1 1 1 1 1 1 1 1 1 1 1 1 1 1 1 1 1 1 1 1 1 1 1 1 1 1 1 1 1 1 1 1 1 1 1 1 1 1 1 1 1 1 1 1 1 1 1 1 1 1 1 1 1 1 1 1 1 1 1 1 1 1 1 1 1 1 1 1 1 1 1 1 1 1 1 1 1 1 1 1 1 1 1 1 1 1 1 1 1 1 1 1 1 1 1 1 1 1 1 1 1 1 1 1 1 1 1 1 1 1 1 1 1 1 1 1 1 1 1 1 1 1 1 1 1 1 1 1 1 1 1 1 1 1 1 1 1 1 1 1 1 1 1 1 1 1 1 1 1 1 1 1 1 1 1 1 1 1 1 1 1 1 1 1 1 1 1 1 1 1 1 100 1 8 10 1 8 1 1 1 8 1 1
instanceKlass it/unimi/dsi/fastutil/objects/AbstractReference2IntMap
ciInstanceKlass it/unimi/dsi/fastutil/objects/AbstractReference2IntFunction 1 1 46 100 100 100 7 5 0 9 10 12 12 1 1 1 1 1 1 1 1 1 1 1 1 1 1 1 1 1 1 1 1 1 1 1 1 1 1 1 100 1 8 1 12 10 1 1
instanceKlass it/unimi/dsi/fastutil/objects/Reference2IntOpenHashMap
ciInstanceKlass it/unimi/dsi/fastutil/objects/AbstractReference2IntMap 1 1 219 8 8 8 8 8 7 100 100 100 100 100 100 100 100 100 100 100 100 100 100 100 100 100 100 5 0 10 10 10 10 10 10 10 10 10 10 10 10 10 10 10 10 11 11 11 11 11 11 11 11 11 11 11 11 11 12 12 12 12 12 12 12 12 12 12 12 12 12 12 12 12 12 12 12 12 12 12 12 12 1 1 1 1 1 1 1 1 1 1 1 1 1 1 1 1 1 1 1 1 1 1 1 1 1 1 1 1 1 1 1 1 1 1 1 1 1 1 1 1 1 1 1 1 1 1 1 1 1 1 1 1 1 1 1 1 1 1 1 1 1 1 1 1 1 1 1 1 1 1 1 1 1 1 1 1 1 1 1 1 1 1 1 1 1 1 1 1 1 1 1 1 1 1 1 1 1 1 1 1 1 1 1 1 1 1 1 1 1 1 1 1 1 1 1 1 1 1 1 1 1 1 1 1 1 1 1 100 1 8 1 12 10 1 8 1 8 1 1
ciInstanceKlass it/unimi/dsi/fastutil/objects/Reference2IntOpenHashMap 1 1 497 4 8 8 8 8 8 100 100 100 7 7 100 100 100 100 7 100 100 100 100 100 100 100 100 100 100 100 100 100 100 100 100 100 100 100 100 100 100 100 100 7 100 100 7 100 100 100 100 100 100 5 0 5 0 5 0 6 0 9 9 9 9 9 9 9 9 9 9 9 9 9 10 10 10 10 10 10 10 10 10 10 10 10 10 10 10 10 10 10 10 10 10 10 10 10 10 10 10 10 10 10 10 10 10 10 10 10 10 10 10 10 10 10 10 10 10 10 10 10 10 10 10 10 10 10 10 10 10 11 11 11 11 11 11 11 11 12 12 12 12 12 12 12 12 12 12 12 12 12 12 12 12 12 12 12 12 12 12 12 12 12 12 12 12 12 12 12 12 12 12 12 12 12 12 12 12 12 12 12 12 12 12 12 12 12 12 12 12 12 12 12 12 12 12 12 12 12 12 12 12 12 12 12 12 12 1 1 1 1 1 1 1 1 1 1 1 1 1 1 1 1 1 1 1 1 1 1 1 1 1 1 1 1 1 1 1 1 1 1 1 1 1 1 1 1 1 1 1 1 1 1 1 1 1 1 1 1 1 1 1 1 1 1 1 1 1 1 1 1 1 1 1 1 1 1 1 1 1 1 1 1 1 1 1 1 1 1 1 1 1 1 1 1 1 1 1 1 1 1 1 1 1 1 1 1 1 1 1 1 1 1 1 1 1 1 1 1 1 1 1 1 1 1 1 1 1 1 1 1 1 1 1 1 1 1 1 1 1 1 1 1 1 1 1 1 1 1 1 1 1 1 1 1 1 1 1 1 1 1 1 1 1 1 1 1 1 1 1 1 1 1 1 1 1 1 1 1 1 1 1 1 1 1 1 1 1 1 1 1 1 1 1 1 1 1 1 1 1 1 1 1 1 1 1 1 1 1 1 1 1 1 1 1 1 1 1 1 1 1 1 1 1 1 1 1 1 1 1 1 1 1 1 1 1 1 1 1 1 1 1 1 1 1 1 1 1 1 1 1 1 1 1 1 1 1 1 1 1 1 1 1 1 1 1 1 1 1 1 1 1 1 1 1 1 1 1 1 1 1 1 1 1 1 1 1 1 1 1 1 1 1 1 1 1 1 1
ciInstanceKlass  @bci com/intellij/ide/plugins/ModulesWithDependenciesKt toCoreAwareComparator (Ljava/util/Comparator;)Ljava/util/Comparator; 8 <appendix> member <vmtarget> ; 1 1 28 1 7 1 1 1 1 1 7 1 12 10 12 9 1 1 1 7 1 7 1 1 12 10 1 100 1 1
ciMethodData java/lang/String equals (Ljava/lang/Object;)Z 2 18711 orig 80 1 0 0 0 0 0 0 0 0 0 0 0 0 0 0 0 0 0 0 0 1 0 0 0 0 0 0 0 0 0 0 0 0 0 0 0 0 0 0 1 0 0 0 0 0 0 0 0 0 0 0 0 0 0 0 0 0 0 0 0 0 0 0 0 0 0 0 0 0 0 0 0 0 0 0 0 0 0 0 0 data 47 0x20007 0x375b 0x20 0x11c0 0x400080104 0x0 0x214ff08f848 0x3704 0x214d0671710 0x1 0xb0007 0x57 0xd8 0x3705 0xf0004 0x0 0x214ff08f848 0x3705 0x0 0x0 0x160007 0x0 0x40 0x3705 0x8000000600210007 0x3 0x68 0x3703 0x2c0002 0x3703 0x2f0007 0x1e06 0x38 0x18fc 0x330003 0x18fc 0x18 0x0 0x0 0x0 0x0 0x0 0x0 0x9 0x2 0x0 0x0 oops 3 6 java/lang/String 8 javax/swing/text/StyleConstants 16 java/lang/String methods 0
ciMethod kotlin/jvm/internal/Intrinsics areEqual (Ljava/lang/Object;Ljava/lang/Object;)Z 516 0 69727 0 136
ciMethod it/unimi/dsi/fastutil/HashCommon mix (I)I 71776 0 153656 0 96
ciMethod com/intellij/openapi/extensions/PluginId equals (Ljava/lang/Object;)Z 12456 0 10942 0 0
ciMethodData it/unimi/dsi/fastutil/HashCommon mix (I)I 2 117768 orig 80 0 0 0 0 0 0 0 0 0 0 0 0 0 0 0 0 0 0 0 0 0 0 0 0 0 0 0 0 0 0 0 0 0 0 0 0 0 0 0 0 0 0 0 0 0 0 0 0 0 0 0 0 0 0 0 0 0 0 0 0 0 0 0 0 0 0 0 0 0 0 0 0 0 0 0 0 0 0 0 0 data 5 0x0 0x0 0x9 0x1 0x0 oops 0 methods 0
ciMethod com/intellij/ide/plugins/PluginMainDescriptor getPluginId ()Lcom/intellij/openapi/extensions/PluginId; 676 0 338 0 0
ciMethod com/intellij/ide/plugins/PluginModuleDescriptor getPluginId ()Lcom/intellij/openapi/extensions/PluginId; 0 0 1 0 -1
ciMethodData com/intellij/openapi/extensions/PluginId equals (Ljava/lang/Object;)Z 2 4715 orig 80 0 0 0 0 0 0 0 0 0 0 0 0 0 0 0 0 0 0 0 0 0 0 0 0 0 0 0 0 0 0 0 0 0 0 0 0 0 0 0 0 0 0 0 0 0 0 0 0 0 0 0 0 0 0 0 0 0 0 0 0 0 0 0 0 0 0 0 0 0 0 0 0 0 0 0 0 0 0 0 0 data 32 0x20007 0x109c 0x20 0x1d0 0x80004 0x0 0x214ff3f6608 0x109c 0x0 0x0 0xb0007 0x109c 0x20 0x0 0x150004 0x0 0x214ff3f6608 0x76 0x0 0x0 0x1b0002 0x109c 0x0 0x0 0x0 0x0 0x0 0x0 0x9 0x2 0x0 0x0 oops 2 6 com/intellij/openapi/extensions/PluginId 16 com/intellij/openapi/extensions/PluginId methods 0
ciMethod com/intellij/ide/plugins/ModulesWithDependenciesKt toCoreAwareComparator$lambda$0 (Ljava/util/Comparator;Lcom/intellij/ide/plugins/PluginModuleDescriptor;Lcom/intellij/ide/plugins/PluginModuleDescriptor;)I 1024 0 16903 0 0
ciMethod it/unimi/dsi/fastutil/objects/Reference2IntOpenHashMap getInt (Ljava/lang/Object;)I 994 304 38297 0 616
ciMethod it/unimi/dsi/fastutil/objects/Reference2IntFunction applyAsInt (Ljava/lang/Object;)I 1024 0 38297 0 640
ciMethod it/unimi/dsi/fastutil/objects/Reference2IntFunction getInt (Ljava/lang/Object;)I 0 0 1 0 -1
ciMethodData com/intellij/ide/plugins/ModulesWithDependenciesKt toCoreAwareComparator$lambda$0 (Ljava/util/Comparator;Lcom/intellij/ide/plugins/PluginModuleDescriptor;Lcom/intellij/ide/plugins/PluginModuleDescriptor;)I 2 16391 orig 80 0 0 0 0 0 0 0 0 0 0 0 0 0 0 0 0 0 0 0 0 0 0 0 0 0 0 0 0 0 0 0 0 0 0 0 0 0 0 0 0 0 0 0 0 0 0 0 0 0 0 0 0 0 0 0 0 0 0 0 0 0 0 0 0 0 0 0 0 0 0 0 0 0 0 0 0 0 0 0 0 data 81 0x10004 0x0 0x214ff3f0930 0x3823 0x214ff3f09d8 0x7e5 0x40007 0x3823 0x98 0x7e5 0x80005 0x0 0x214ff3f09d8 0x7e5 0x0 0x0 0xe0002 0x7e5 0x110007 0x7e5 0x38 0x0 0x150003 0x0 0x18 0x1b0004 0x0 0x214ff3f0930 0x37cb 0x214ff3f09d8 0x83d 0x1e0007 0x37cb 0x98 0x83d 0x220005 0x0 0x214ff3f09d8 0x83d 0x0 0x0 0x280002 0x83d 0x2b0007 0x839 0x38 0x4 0x2f0003 0x4 0x18 0x390007 0x4 0x68 0x4004 0x3f0005 0x0 0x214ff0a5678 0x4004 0x0 0x0 0x440003 0x4004 0x50 0x480007 0x4 0x38 0x0 0x4c0003 0x0 0x18 0x0 0x0 0x0 0x0 0x0 0x0 0x9 0x3 0x0 0x0 0x0 oops 7 2 com/intellij/ide/plugins/ContentModuleDescriptor 4 com/intellij/ide/plugins/PluginMainDescriptor 12 com/intellij/ide/plugins/PluginMainDescriptor 27 com/intellij/ide/plugins/ContentModuleDescriptor 29 com/intellij/ide/plugins/PluginMainDescriptor 37 com/intellij/ide/plugins/PluginMainDescriptor 56  @bci java/util/Comparator comparingInt (Ljava/util/function/ToIntFunction;)Ljava/util/Comparator; 6 <appendix> member <vmtarget> ; methods 0
ciMethodData it/unimi/dsi/fastutil/objects/Reference2IntOpenHashMap getInt (Ljava/lang/Object;)I 2 37800 orig 80 0 0 0 0 0 0 0 0 0 0 0 0 0 0 0 0 0 0 0 0 0 0 0 0 0 0 0 0 0 0 0 0 0 0 0 0 0 0 0 0 0 0 0 0 0 0 0 0 0 0 0 0 0 0 0 0 0 0 0 0 0 0 0 0 0 0 0 0 0 0 0 0 0 0 0 0 0 0 0 0 data 44 0x20007 0x93a8 0x58 0x0 0x90007 0x0 0x38 0x0 0x150003 0x0 0x18 0x240002 0x93a8 0x270002 0x93a8 0x360007 0x93a8 0x20 0x0 0x400007 0xbce 0x20 0x87da 0x5c0007 0x1146 0x20 0x0 0x660007 0x578 0xffffffffffffffe0 0xbce 0x0 0x0 0x0 0x0 0x0 0x0 0x0 0x0 0x0 0x9 0x2 0x0 0x0 oops 0 methods 0
ciMethodData it/unimi/dsi/fastutil/objects/Reference2IntFunction applyAsInt (Ljava/lang/Object;)I 2 37785 orig 80 0 0 0 0 0 0 0 0 0 0 0 0 0 0 0 0 0 0 0 0 0 0 0 0 0 0 0 0 0 0 0 0 0 0 0 0 0 0 0 0 0 0 0 0 0 0 0 0 0 0 0 0 0 0 0 0 0 0 0 0 0 0 0 0 0 0 0 0 0 0 0 0 0 0 0 0 0 0 0 0 data 16 0x20005 0x0 0x214d0674750 0x939a 0x0 0x0 0x0 0x0 0x0 0x0 0x0 0x0 0x9 0x2 0x0 0x0 oops 1 2 it/unimi/dsi/fastutil/objects/Reference2IntOpenHashMap methods 0
ciMethod  @bci java/util/Comparator comparingInt (Ljava/util/function/ToIntFunction;)Ljava/util/Comparator; 6 <appendix> member <vmtarget> ; compare (Ljava/lang/Object;Ljava/lang/Object;)I 1024 0 16882 0 0
ciMethodData java/lang/Integer compare (II)I 2 16608 orig 80 0 0 0 0 0 0 0 0 0 0 0 0 0 0 0 0 0 0 0 0 0 0 0 0 0 0 0 0 0 0 0 0 0 0 0 0 0 0 0 0 0 0 0 0 0 0 0 0 0 0 0 0 0 0 0 0 0 0 0 0 0 0 0 0 0 0 0 0 0 0 0 0 0 0 0 0 0 0 0 0 data 19 0x20007 0x1c3a 0x38 0x24a7 0x60003 0x24a7 0x50 0xb0007 0x1c3a 0x38 0x0 0xf0003 0x0 0x18 0x0 0x9 0x2 0x0 0x0 oops 0 methods 0
ciMethodData  @bci java/util/Comparator comparingInt (Ljava/util/function/ToIntFunction;)Ljava/util/Comparator; 6 <appendix> member <vmtarget> ; compare (Ljava/lang/Object;Ljava/lang/Object;)I 2 16370 orig 80 0 0 0 0 0 0 0 0 0 0 0 0 0 0 0 0 0 0 0 0 0 0 0 0 0 0 0 0 0 0 0 0 0 0 0 0 0 0 0 0 0 0 0 0 0 0 0 0 0 0 0 0 0 0 0 0 0 0 0 0 0 0 0 0 0 0 0 0 0 0 0 0 0 0 0 0 0 0 0 0 data 13 0x60002 0x3ff3 0x0 0x0 0x0 0x0 0x0 0x0 0x9 0x3 0x0 0x0 0x0 oops 0 methods 0
ciMethodData java/util/Comparator lambda$comparingInt$7b0bb60$1 (Ljava/util/function/ToIntFunction;Ljava/lang/Object;Ljava/lang/Object;)I 2 16370 orig 80 0 0 0 0 0 0 0 0 0 0 0 0 0 0 0 0 0 0 0 0 0 0 0 0 0 0 0 0 0 0 0 0 0 0 0 0 0 0 0 0 0 0 0 0 0 0 0 0 0 0 0 0 0 0 0 0 0 0 0 0 0 0 0 0 0 0 0 0 0 0 0 0 0 0 0 0 0 0 0 0 data 25 0x20005 0x0 0x214d0674750 0x3ff3 0x0 0x0 0x90005 0x0 0x214d0674750 0x3ff3 0x0 0x0 0xe0002 0x3ff3 0x0 0x0 0x0 0x0 0x0 0x0 0x9 0x3 0x0 0x0 0x0 oops 2 2 it/unimi/dsi/fastutil/objects/Reference2IntOpenHashMap 8 it/unimi/dsi/fastutil/objects/Reference2IntOpenHashMap methods 0
ciMethod  @bci com/intellij/ide/plugins/ModulesWithDependenciesKt toCoreAwareComparator (Ljava/util/Comparator;)Ljava/util/Comparator; 8 <appendix> member <vmtarget> ; compare (Ljava/lang/Object;Ljava/lang/Object;)I 1024 0 16903 0 -1
ciMethodData  @bci com/intellij/ide/plugins/ModulesWithDependenciesKt toCoreAwareComparator (Ljava/util/Comparator;)Ljava/util/Comparator; 8 <appendix> member <vmtarget> ; compare (Ljava/lang/Object;Ljava/lang/Object;)I 2 16391 orig 80 0 0 0 0 0 0 0 0 0 0 0 0 0 0 0 0 0 0 0 0 0 0 0 0 0 0 0 0 0 0 0 0 0 0 0 0 0 0 0 0 0 0 0 0 0 0 0 0 0 0 0 0 0 0 0 0 0 0 0 0 0 0 0 0 0 0 0 0 0 0 0 0 0 0 0 0 0 0 0 0 data 25 0x50004 0x0 0x214ff3f0930 0x3823 0x214ff3f09d8 0x7e5 0x90004 0x0 0x214ff3f0930 0x37cb 0x214ff3f09d8 0x83d 0xc0002 0x4008 0x0 0x0 0x0 0x0 0x0 0x0 0x9 0x3 0x0 0x0 0x0 oops 4 2 com/intellij/ide/plugins/ContentModuleDescriptor 4 com/intellij/ide/plugins/PluginMainDescriptor 8 com/intellij/ide/plugins/ContentModuleDescriptor 10 com/intellij/ide/plugins/PluginMainDescriptor methods 0
compile  @bci com/intellij/ide/plugins/ModulesWithDependenciesKt toCoreAwareComparator (Ljava/util/Comparator;)Ljava/util/Comparator; 8 <appendix> member <vmtarget> ; compare (Ljava/lang/Object;Ljava/lang/Object;)I -1 4 inline 21 0 -1 0  @bci com/intellij/ide/plugins/ModulesWithDependenciesKt toCoreAwareComparator (Ljava/util/Comparator;)Ljava/util/Comparator; 8 <appendix> member <vmtarget> ; compare (Ljava/lang/Object;Ljava/lang/Object;)I 1 12 0 com/intellij/ide/plugins/ModulesWithDependenciesKt toCoreAwareComparator$lambda$0 (Ljava/util/Comparator;Lcom/intellij/ide/plugins/PluginModuleDescriptor;Lcom/intellij/ide/plugins/PluginModuleDescriptor;)I 2 8 0 com/intellij/ide/plugins/PluginMainDescriptor getPluginId ()Lcom/intellij/openapi/extensions/PluginId; 2 14 0 kotlin/jvm/internal/Intrinsics areEqual (Ljava/lang/Object;Ljava/lang/Object;)Z 3 18 0 com/intellij/openapi/extensions/PluginId equals (Ljava/lang/Object;)Z 4 27 0 kotlin/jvm/internal/Intrinsics areEqual (Ljava/lang/Object;Ljava/lang/Object;)Z 5 18 0 java/lang/String equals (Ljava/lang/Object;)Z 2 34 0 com/intellij/ide/plugins/PluginMainDescriptor getPluginId ()Lcom/intellij/openapi/extensions/PluginId; 2 40 0 kotlin/jvm/internal/Intrinsics areEqual (Ljava/lang/Object;Ljava/lang/Object;)Z 3 18 0 com/intellij/openapi/extensions/PluginId equals (Ljava/lang/Object;)Z 4 27 0 kotlin/jvm/internal/Intrinsics areEqual (Ljava/lang/Object;Ljava/lang/Object;)Z 5 18 0 java/lang/String equals (Ljava/lang/Object;)Z 2 63 0  @bci java/util/Comparator comparingInt (Ljava/util/function/ToIntFunction;)Ljava/util/Comparator; 6 <appendix> member <vmtarget> ; compare (Ljava/lang/Object;Ljava/lang/Object;)I 3 6 0 java/util/Comparator lambda$comparingInt$7b0bb60$1 (Ljava/util/function/ToIntFunction;Ljava/lang/Object;Ljava/lang/Object;)I 4 2 0 it/unimi/dsi/fastutil/objects/Reference2IntFunction applyAsInt (Ljava/lang/Object;)I 5 2 0 it/unimi/dsi/fastutil/objects/Reference2IntOpenHashMap getInt (Ljava/lang/Object;)I 6 39 0 it/unimi/dsi/fastutil/HashCommon mix (I)I 4 9 0 it/unimi/dsi/fastutil/objects/Reference2IntFunction applyAsInt (Ljava/lang/Object;)I 5 2 0 it/unimi/dsi/fastutil/objects/Reference2IntOpenHashMap getInt (Ljava/lang/Object;)I 6 39 0 it/unimi/dsi/fastutil/HashCommon mix (I)I 4 14 0 java/lang/Integer compare (II)I
